[2026-08-25T14:40:55Z INFO  tinymist::cmd::lsp] tinymist version information: [["Build Timestamp", "2026-06-22T10:41:52.809569165Z"], ["Build Git Describe", "VERGEN_IDEMPOTENT_OUTPUT"], ["Commit SHA", "VERGEN_IDEMPOTENT_OUTPUT"], ["Commit Date", "None"], ["Commit Branch", "None"], ["Cargo Target Triple", "x86_64-unknown-linux-gnu"], ["Typst Version", "0.15.0"], ["Typst Source", "git+https://github.com/Myriad-Dreamin/typst.git?tag=tinymist/v0.15.0#391c2dcd698aabf2917db0336868d16f197057d9"]]
[2026-08-25T14:40:55Z INFO  tinymist::cmd::lsp] starting language server: LspArgs { mirror: MirrorArgs { mirror: "", replay: "" }, font: CompileFontArgs { font_paths: [], ignore_system_fonts: false } }
[2026-08-25T14:40:55Z INFO  tinymist::config] ServerState: config update_by_map {}
[2026-08-25T14:40:55Z INFO  tinymist::config] Server: running lsp in full mode
[2026-08-25T14:40:55Z INFO  tinymist::config] ServerState: config update_by_map {"colorTheme":"dark","compileStatus":"enable","completion":{"postfix":true,"postfixUfcs":true,"postfixUfcsLeft":true,"postfixUfcsRight":true,"symbol":"step","triggerOnSnippetPlaceholders":false},"configureDefaultWordSeparator":"disable","convertExtension":[],"copyAndPaste":"enable","customizedShowDocument":true,"delegateFsRequests":false,"dragAndDrop":"enable","exportPdf":"never","exportTarget":"paged","formatterIndentSize":2,"formatterMode":"typstyle","formatterPrintWidth":120,"formatterProseWrap":false,"inlayHints":{"packageVersionStatus":true},"lint":{"enabled":false,"when":"onSave"},"onEnterEvent":true,"onPaste":"$root/assets","outputPath":"","preview":{"cursorIndicator":false,"fontPaths":[],"invertColors":"never","partialRendering":true,"pinPreviewFile":false,"refresh":"onType","scrollSync":"onSelectionChangeByMouse","sysInputs":{},"systemFonts":true},"previewFeature":"enable","previewer":"myriad-dreamin.tinymist","probedServerPath":"/home/rtinfew/.vscode-oss/extensions/myriad-dreamin.tinymist-0.15.2-linux-x64/out/tinymist","projectResolution":"singleFile","renderDocs":"enable","semanticTokens":"enable","showExportFileIn":null,"statusBarFormat":"{compileStatusIcon} {wordCount} [{fileName}]","supportClientCodelens":true,"supportExtendedCodeAction":true,"supportHtmlInMarkdown":true,"syntaxOnly":"auto","systemFonts":true,"trace":{"server":"off"},"triggerParameterHints":true,"triggerSuggest":true,"triggerSuggestAndParameterHints":true,"typingContinueCommentsOnNewline":true,"typstExtraArgs":[]}
[2026-08-25T14:40:55Z INFO  tinymist::server] ServerState: initialized with config Config { const_config: ConstConfig { position_encoding: Utf16, cfg_change_registration: true, notify_will_rename_files: true, tokens_dynamic_registration: true, tokens_overlapping_token_support: false, tokens_multiline_token_support: false, doc_line_folding_only: true, doc_fmt_dynamic_registration: true, completion_insert_replace_support: true, locale: Some("en") }, const_dap_config: ConstDapConfig { path_format: Path, lines_start_at1: true, columns_start_at1: true }, delegate_fs_requests: false, customized_show_document: true, has_default_entry_path: false, notify_status: true, support_html_in_markdown: true, support_client_codelens: true, extended_code_action: true, development: false, syntax_only: false, color_theme: Some("dark"), entry_resolver: EntryResolver { project_resolution: SingleFile, root_path: None, roots: [], entry: None, typst_toml_cache: {} }, lsp_inputs: {"x-preview": "{\"version\":1,\"theme\":\"dark\"}"}, periscope_args: None, typst_extra_args: Some(TypstExtraArgs { root_dir: None, entry: None, inputs: {}, font: CompileFontArgs { font_paths: [], ignore_system_fonts: false }, package: CompilePackageArgs { package_path: None, package_cache_path: None }, features: [], pdf_standard: [], ppi: 144.0, no_pdf_tags: false, creation_timestamp: None, cert: None }), semantic_tokens: Enable, completion: CompletionFeat { trigger_on_snippet_placeholders: false, trigger_suggest: true, trigger_parameter_hints: true, trigger_suggest_and_parameter_hints: true, insert_replace_edit: false, symbol: Some(Step), postfix: Some(true), postfix_ufcs: Some(true), postfix_ufcs_left: Some(true), postfix_ufcs_right: Some(true), postfix_snippets: None }, preview: PreviewFeat { browsing: BrowsingPreviewOpts { args: None }, background: BackgroundPreviewOpts { enabled: false, args: None }, refresh: Some(OnType), partial_rendering: true, invert_colors: Enum(Never) }, lint: LintFeat { enabled: Some(false), when: Some(OnSave) }, on_enter: OnEnterFeat { handle_list: false }, font_opts: CompileFontArgs { font_paths: [], ignore_system_fonts: false }, font_paths: [], fonts: OnceLock(<uninit>), system_fonts: Some(true), watch_access_model: OnceLock(<uninit>), access_model: OnceLock(<uninit>), export_target: Paged, export_pdf: Never, output_path: PathPattern(""), formatter_mode: Typstyle, formatter_print_width: Some(120), formatter_indent_size: Some(2), formatter_prose_wrap: Some(false), warnings: [] }
[2026-08-25T14:40:55Z INFO  tinymist::config] creating AccessModel with delegation=false
[2026-08-25T14:40:55Z INFO  tinymist::project] ServerState: creating ProjectState, entry: EntryState { root: None, main: None }, inputs: {"x-preview": "{\"version\":1,\"theme\":\"dark\"}"}
[2026-08-25T14:40:55Z INFO  tinymist::config] creating SharedFontResolver with CompileFontArgs { font_paths: [], ignore_system_fonts: false }
[2026-08-25T14:40:55Z INFO  tinymist_project::watch] NotifyActor: start watching files...
[2026-08-25T14:40:55Z INFO  tinymist::tool::preview] Stopping all preview tasks
[2026-08-25T14:40:55Z INFO  tinymist::project] ServerState: creating ProjectState, entry: EntryState { root: None, main: None }, inputs: {"x-preview": "{\"version\":1,\"theme\":\"dark\"}"}
[2026-08-25T14:40:55Z INFO  tinymist::lsp] server initialized
[2026-08-25T14:40:55Z INFO  tinymist::input] the task of the primary is changing to TaskInputs { entry: Some(EntryState { root: Some("/home/rtinfew/Downloads"), main: Some(@ws/p0:0.0.0"/test.typ") }), inputs: None }
[2026-08-25T14:40:55Z INFO  tinymist_world::world] resetting shadow root_changed
[2026-08-25T14:40:55Z INFO  tinymist::tool::preview] PreviewTask(le66pg): arguments: PreviewCliArgs {
        preview: PreviewArgs {
            preview_mode: Document,
            page_title: None,
            enable_partial_rendering: None,
            invert_colors: None,
            refresh_style: None,
        },
        compile: CompileOnceArgs {
            input: Some(
                "/home/rtinfew/Downloads/test.typ",
            ),
            root: None,
            font: CompileFontArgs {
                font_paths: [],
                ignore_system_fonts: false,
            },
            package: CompilePackageArgs {
                package_path: None,
                package_cache_path: None,
            },
            pdf: PdfExportArgs {
                standard: [],
                no_tags: false,
            },
            png: PngExportArgs {
                ppi: 144.0,
            },
            features: [],
            inputs: [],
            creation_timestamp: None,
            cert: None,
        },
        task_id: "le66pg",
        data_plane_host: "127.0.0.1:0",
        control_plane_host: "127.0.0.1:23626",
        static_file_host: "",
        not_as_primary: false,
        open: false,
        no_open: false,
        verbose: false,
    }
[2026-08-25T14:40:55Z INFO  tinymist_preview] Previewer: editor actor spawned
[2026-08-25T14:40:55Z INFO  tinymist::lsp] did open file:///home/rtinfew/Downloads/test.typ
[2026-08-25T14:40:55Z INFO  tinymist_project::compiler] /home/rtinfew/Downloads/test.typ: compilation failed with 1 warnings and errors in 5.291558ms
[2026-08-25T14:40:55Z INFO  tinymist_preview] Preview("le66pg"): received notification: signal(true, false), when OnType
[2026-08-25T14:40:55Z INFO  tinymist::project] skipping emit pending reasons for 3 != 2
[2026-08-25T14:40:55Z INFO  tinymist_project::compiler] /home/rtinfew/Downloads/test.typ: compilation failed with 1 warnings and errors in 113.162µs
[2026-08-25T14:40:55Z INFO  tinymist_preview] Preview("le66pg"): received notification: signal(true, false), when OnType
[2026-08-25T14:40:55Z INFO  tinymist::tool::preview::http] preview server listening on http://127.0.0.1:40245
[2026-08-25T14:40:55Z INFO  tinymist::compat::preview] PreviewTask(le66pg): preview server listening on: 127.0.0.1:40245
[2026-08-25T14:40:55Z WARN  tinymist_project::watch] failed to unwatch: notify error: No watch was found. about ["/home/rtinfew/Downloads/test.typ"]
[2026-08-25T14:40:55Z INFO  tinymist_project::compiler] /home/rtinfew/Downloads/test.typ: compilation failed with 1 warnings and errors in 3.181719ms
[2026-08-25T14:40:55Z INFO  tinymist_preview] Preview("le66pg"): received notification: signal(false, true), when OnType
[2026-08-25T14:40:56Z INFO  tinymist_project::compiler] /home/rtinfew/Downloads/test.typ: compilation failed with 1 warnings and errors in 74.901µs
[2026-08-25T14:40:56Z INFO  tinymist_preview] Preview("le66pg"): received notification: signal(false, true), when OnType
[2026-08-25T14:40:56Z INFO  tinymist_project::compiler] /home/rtinfew/Downloads/test.typ: compilation failed with 1 warnings and errors in 185.377µs
[2026-08-25T14:40:56Z INFO  tinymist_preview] Preview("le66pg"): received notification: signal(false, true), when OnType
[2026-08-25T14:40:56Z INFO  tinymist_project::compiler] /home/rtinfew/Downloads/test.typ: compilation failed with 1 warnings and errors in 204.74µs
[2026-08-25T14:40:56Z INFO  tinymist_preview] Preview("le66pg"): received notification: signal(false, true), when OnType
[2026-08-25T14:40:56Z INFO  tinymist_project::compiler] /home/rtinfew/Downloads/test.typ: compilation failed with 1 warnings and errors in 135.178µs
[2026-08-25T14:40:56Z INFO  tinymist_preview] Preview("le66pg"): received notification: signal(false, true), when OnType
[2026-08-25T14:40:56Z INFO  tinymist_project::compiler] /home/rtinfew/Downloads/test.typ: compilation failed with 1 warnings and errors in 858.898µs
[2026-08-25T14:40:56Z INFO  tinymist_preview] Preview("le66pg"): received notification: signal(false, true), when OnType
[2026-08-25T14:40:56Z INFO  tinymist_project::compiler] /home/rtinfew/Downloads/test.typ: compilation failed with 1 warnings and errors in 132.912µs
[2026-08-25T14:40:56Z INFO  tinymist_preview] Preview("le66pg"): received notification: signal(false, true), when OnType
[2026-08-25T14:40:56Z INFO  tinymist_project::compiler] /home/rtinfew/Downloads/test.typ: compilation failed with 1 warnings and errors in 76.186µs
[2026-08-25T14:40:56Z INFO  tinymist_preview] Preview("le66pg"): received notification: signal(false, true), when OnType
[2026-08-25T14:40:56Z WARN  sync_ls::server::lsp_srv] unhandled notification: $/setTrace
[2026-08-25T14:40:56Z INFO  tinymist::config] ServerState: config update_by_map {"colorTheme":"dark","compileStatus":"enable","completion":{"postfix":true,"postfixUfcs":true,"postfixUfcsLeft":true,"postfixUfcsRight":true,"symbol":"step","triggerOnSnippetPlaceholders":false},"customizedShowDocument":true,"delegateFsRequests":false,"development":null,"exportPdf":"never","exportTarget":"paged","fontPaths":null,"formatterIndentSize":2,"formatterMode":"typstyle","formatterPrintWidth":120,"formatterProseWrap":false,"hoverPeriscope":null,"lint":{"enabled":false,"when":"onSave"},"onEnter":null,"outputPath":"","preview":{"cursorIndicator":false,"fontPaths":[],"invertColors":"never","partialRendering":true,"pinPreviewFile":false,"refresh":"onType","scrollSync":"onSelectionChangeByMouse","sysInputs":{},"systemFonts":true},"projectResolution":"singleFile","rootPath":null,"semanticTokens":"enable","supportClientCodelens":true,"supportExtendedCodeAction":true,"supportHtmlInMarkdown":true,"syntaxOnly":"auto","systemFonts":true,"tinymist":{"compileStatus":"enable","completion":{"postfix":true,"postfixUfcs":true,"postfixUfcsLeft":true,"postfixUfcsRight":true,"symbol":"step","triggerOnSnippetPlaceholders":false},"configureDefaultWordSeparator":"disable","convertExtension":[],"copyAndPaste":"enable","customizedShowDocument":true,"delegateFsRequests":false,"dragAndDrop":"enable","exportPdf":"never","exportTarget":"paged","fontPaths":null,"formatterIndentSize":2,"formatterMode":"typstyle","formatterPrintWidth":120,"formatterProseWrap":false,"inlayHints":{"packageVersionStatus":true},"lint":{"enabled":false,"when":"onSave"},"onEnterEvent":true,"onPaste":"$root/assets","outputPath":"","preview":{"cursorIndicator":false,"fontPaths":[],"invertColors":"never","partialRendering":true,"pinPreviewFile":false,"refresh":"onType","scrollSync":"onSelectionChangeByMouse","sysInputs":{},"systemFonts":true},"previewFeature":"enable","previewer":"myriad-dreamin.tinymist","projectResolution":"singleFile","renderDocs":"enable","rootPath":null,"semanticTokens":"enable","serverPath":null,"showExportFileIn":null,"statusBarFormat":"{compileStatusIcon} {wordCount} [{fileName}]","supportClientCodelens":true,"supportExtendedCodeAction":true,"supportHtmlInMarkdown":true,"syntaxOnly":"auto","systemFonts":true,"trace":{"server":"off"},"triggerParameterHints":true,"triggerSuggest":true,"triggerSuggestAndParameterHints":true,"typingContinueCommentsOnNewline":true,"typstExtraArgs":[]},"triggerParameterHints":true,"triggerSuggest":true,"triggerSuggestAndParameterHints":true,"typstExtraArgs":[]}
[2026-08-25T14:40:56Z INFO  tinymist::config] Server: running lsp in full mode
[2026-08-25T14:40:56Z INFO  tinymist::lsp] new settings applied
[2026-08-25T14:40:56Z INFO  tinymist_project::compiler] /home/rtinfew/Downloads/test.typ: compilation failed with 1 warnings and errors in 106.137µs
[2026-08-25T14:40:56Z INFO  tinymist_preview] Preview("le66pg"): received notification: signal(false, true), when OnType
[2026-08-25T14:40:56Z INFO  tinymist_project::compiler] /home/rtinfew/Downloads/test.typ: compilation failed with 1 warnings and errors in 3.176906ms
[2026-08-25T14:40:56Z INFO  tinymist_preview] Preview("le66pg"): received notification: signal(false, true), when OnType
[2026-08-25T14:40:56Z INFO  tinymist_project::compiler] /home/rtinfew/Downloads/test.typ: compilation failed with 1 warnings and errors in 5.777076ms
[2026-08-25T14:40:56Z INFO  tinymist_preview] Preview("le66pg"): received notification: signal(false, true), when OnType
[2026-08-25T14:40:56Z INFO  tinymist_project::compiler] /home/rtinfew/Downloads/test.typ: compilation failed with 1 warnings and errors in 193.152µs
[2026-08-25T14:40:56Z INFO  tinymist_preview] Preview("le66pg"): received notification: signal(false, true), when OnType
[2026-08-25T14:40:56Z INFO  tinymist_project::compiler] /home/rtinfew/Downloads/test.typ: compilation failed with 1 warnings and errors in 284.126µs
[2026-08-25T14:40:56Z INFO  tinymist_preview] Preview("le66pg"): received notification: signal(false, true), when OnType
[2026-08-25T14:40:56Z INFO  tinymist_project::compiler] /home/rtinfew/Downloads/test.typ: compilation failed with 1 warnings and errors in 74.528µs
[2026-08-25T14:40:56Z INFO  tinymist_preview] Preview("le66pg"): received notification: signal(false, true), when OnType
[2026-08-25T14:40:56Z INFO  tinymist_project::compiler] /home/rtinfew/Downloads/test.typ: compilation failed with 1 warnings and errors in 162.454µs
[2026-08-25T14:40:56Z INFO  tinymist_preview] Preview("le66pg"): received notification: signal(false, true), when OnType
[2026-08-25T14:40:56Z INFO  tinymist_project::compiler] /home/rtinfew/Downloads/test.typ: compilation failed with 1 warnings and errors in 91.298µs
[2026-08-25T14:40:56Z INFO  tinymist_preview] Preview("le66pg"): received notification: signal(false, true), when OnType
[2026-08-25T14:40:56Z INFO  tinymist_project::compiler] /home/rtinfew/Downloads/test.typ: compilation failed with 1 warnings and errors in 81.387µs
[2026-08-25T14:40:56Z INFO  tinymist_preview] Preview("le66pg"): received notification: signal(false, true), when OnType
[2026-08-25T14:40:56Z INFO  tinymist_project::compiler] /home/rtinfew/Downloads/test.typ: compilation failed with 1 warnings and errors in 377.714µs
[2026-08-25T14:40:56Z INFO  tinymist_preview] Preview("le66pg"): received notification: signal(false, true), when OnType
[2026-08-25T14:40:56Z INFO  tinymist_project::compiler] /home/rtinfew/Downloads/test.typ: compilation failed with 1 warnings and errors in 176.23µs
[2026-08-25T14:40:56Z INFO  tinymist_preview] Preview("le66pg"): received notification: signal(false, true), when OnType
[2026-08-25T14:40:57Z INFO  tinymist_project::compiler] /home/rtinfew/Downloads/test.typ: compilation failed with 1 warnings and errors in 148.812µs
[2026-08-25T14:40:57Z INFO  tinymist_preview] Preview("le66pg"): received notification: signal(false, true), when OnType
[2026-08-25T14:40:57Z INFO  tinymist_project::compiler] /home/rtinfew/Downloads/test.typ: compilation failed with 1 warnings and errors in 187.442µs
[2026-08-25T14:40:57Z INFO  tinymist_preview] Preview("le66pg"): received notification: signal(false, true), when OnType
[2026-08-25T14:40:57Z INFO  tinymist_project::compiler] /home/rtinfew/Downloads/test.typ: compilation failed with 1 warnings and errors in 137.383µs
[2026-08-25T14:40:57Z INFO  tinymist_preview] Preview("le66pg"): received notification: signal(false, true), when OnType
[2026-08-25T14:40:57Z INFO  tinymist_project::compiler] /home/rtinfew/Downloads/test.typ: compilation failed with 1 warnings and errors in 290.396µs
[2026-08-25T14:40:57Z INFO  tinymist_preview] Preview("le66pg"): received notification: signal(false, true), when OnType
[2026-08-25T14:40:57Z INFO  tinymist_project::compiler] /home/rtinfew/Downloads/test.typ: compilation failed with 1 warnings and errors in 139.697µs
[2026-08-25T14:40:57Z INFO  tinymist_preview] Preview("le66pg"): received notification: signal(false, true), when OnType
[2026-08-25T14:40:57Z INFO  tinymist_project::compiler] /home/rtinfew/Downloads/test.typ: compilation failed with 1 warnings and errors in 148.848µs
[2026-08-25T14:40:57Z INFO  tinymist_preview] Preview("le66pg"): received notification: signal(false, true), when OnType
[2026-08-25T14:40:57Z INFO  tinymist_project::compiler] /home/rtinfew/Downloads/test.typ: compilation failed with 1 warnings and errors in 258.379µs
[2026-08-25T14:40:57Z INFO  tinymist_preview] Preview("le66pg"): received notification: signal(false, true), when OnType
[2026-08-25T14:40:57Z INFO  tinymist_project::compiler] /home/rtinfew/Downloads/test.typ: compilation failed with 1 warnings and errors in 375.149µs
[2026-08-25T14:40:57Z INFO  tinymist_preview] Preview("le66pg"): received notification: signal(false, true), when OnType
[2026-08-25T14:40:57Z INFO  tinymist_project::compiler] /home/rtinfew/Downloads/test.typ: compilation failed with 1 warnings and errors in 178.948µs
[2026-08-25T14:40:57Z INFO  tinymist_preview] Preview("le66pg"): received notification: signal(false, true), when OnType
[2026-08-25T14:40:57Z INFO  tinymist_project::compiler] /home/rtinfew/Downloads/test.typ: compilation failed with 1 warnings and errors in 672.517µs
[2026-08-25T14:40:57Z INFO  tinymist_preview] Preview("le66pg"): received notification: signal(false, true), when OnType
[2026-08-25T14:40:57Z INFO  tinymist_preview::actor::render] RenderActor: document is not ready
[2026-08-25T14:40:57Z INFO  tinymist_preview::actor::render] OutlineRenderActor: document is not ready
[2026-08-25T14:40:57Z INFO  tinymist_project::compiler] /home/rtinfew/Downloads/test.typ: compilation failed with 1 warnings and errors in 205.794µs
[2026-08-25T14:40:57Z INFO  tinymist_preview] Preview("le66pg"): received notification: signal(false, true), when OnType
[2026-08-25T14:40:57Z INFO  tinymist_project::compiler] /home/rtinfew/Downloads/test.typ: compilation failed with 1 warnings and errors in 341.522µs
[2026-08-25T14:40:57Z INFO  tinymist_preview] Preview("le66pg"): received notification: signal(false, true), when OnType
[2026-08-25T14:40:57Z INFO  tinymist_project::compiler] /home/rtinfew/Downloads/test.typ: compilation failed with 1 warnings and errors in 280.633µs
[2026-08-25T14:40:57Z INFO  tinymist_preview] Preview("le66pg"): received notification: signal(false, true), when OnType
[2026-08-25T14:40:57Z INFO  tinymist_project::compiler] /home/rtinfew/Downloads/test.typ: compilation failed with 1 warnings and errors in 712.245µs
[2026-08-25T14:40:57Z INFO  tinymist_preview] Preview("le66pg"): received notification: signal(false, true), when OnType
[2026-08-25T14:40:57Z INFO  tinymist_project::compiler] /home/rtinfew/Downloads/test.typ: compilation failed with 1 warnings and errors in 270.582µs
[2026-08-25T14:40:57Z INFO  tinymist_preview] Preview("le66pg"): received notification: signal(false, true), when OnType
[2026-08-25T14:40:57Z INFO  tinymist_project::compiler] /home/rtinfew/Downloads/test.typ: compilation failed with 1 warnings and errors in 465.125µs
[2026-08-25T14:40:57Z INFO  tinymist_preview] Preview("le66pg"): received notification: signal(false, true), when OnType
[2026-08-25T14:40:57Z INFO  tinymist_project::compiler] /home/rtinfew/Downloads/test.typ: compilation failed with 1 warnings and errors in 379.73µs
[2026-08-25T14:40:57Z INFO  tinymist_preview] Preview("le66pg"): received notification: signal(false, true), when OnType
[2026-08-25T14:40:57Z INFO  tinymist_project::compiler] /home/rtinfew/Downloads/test.typ: compilation failed with 1 warnings and errors in 203.128µs
[2026-08-25T14:40:57Z INFO  tinymist_preview] Preview("le66pg"): received notification: signal(false, true), when OnType
[2026-08-25T14:40:57Z INFO  tinymist_project::compiler] /home/rtinfew/Downloads/test.typ: compilation failed with 1 warnings and errors in 1.694452ms
[2026-08-25T14:40:57Z INFO  tinymist_preview] Preview("le66pg"): received notification: signal(false, true), when OnType
[2026-08-25T14:40:57Z INFO  tinymist_project::compiler] /home/rtinfew/Downloads/test.typ: compilation failed with 1 warnings and errors in 232.063µs
[2026-08-25T14:40:57Z INFO  tinymist_preview] Preview("le66pg"): received notification: signal(false, true), when OnType
[2026-08-25T14:40:58Z INFO  tinymist_project::compiler] /home/rtinfew/Downloads/test.typ: compilation failed with 1 warnings and errors in 294.992µs
[2026-08-25T14:40:58Z INFO  tinymist_preview] Preview("le66pg"): received notification: signal(false, true), when OnType
[2026-08-25T14:40:58Z INFO  tinymist_project::compiler] /home/rtinfew/Downloads/test.typ: compilation failed with 1 warnings and errors in 190.934µs
[2026-08-25T14:40:58Z INFO  tinymist_preview] Preview("le66pg"): received notification: signal(false, true), when OnType
[2026-08-25T14:40:58Z INFO  tinymist_project::compiler] /home/rtinfew/Downloads/test.typ: compilation failed with 1 warnings and errors in 490.114µs
[2026-08-25T14:40:58Z INFO  tinymist_preview] Preview("le66pg"): received notification: signal(false, true), when OnType
[2026-08-25T14:40:58Z INFO  tinymist_project::compiler] /home/rtinfew/Downloads/test.typ: compilation failed with 1 warnings and errors in 1.002358ms
[2026-08-25T14:40:58Z INFO  tinymist_preview] Preview("le66pg"): received notification: signal(false, true), when OnType
[2026-08-25T14:40:58Z INFO  tinymist_project::compiler] /home/rtinfew/Downloads/test.typ: compilation failed with 1 warnings and errors in 187.327µs
[2026-08-25T14:40:58Z INFO  tinymist_preview] Preview("le66pg"): received notification: signal(false, true), when OnType
[2026-08-25T14:40:58Z INFO  tinymist_project::compiler] /home/rtinfew/Downloads/test.typ: compilation failed with 1 warnings and errors in 270.561µs
[2026-08-25T14:40:58Z INFO  tinymist_preview] Preview("le66pg"): received notification: signal(false, true), when OnType
[2026-08-25T14:40:58Z INFO  tinymist_project::compiler] /home/rtinfew/Downloads/test.typ: compilation failed with 1 warnings and errors in 1.385054ms
[2026-08-25T14:40:58Z INFO  tinymist_preview] Preview("le66pg"): received notification: signal(false, true), when OnType
[2026-08-25T14:40:58Z INFO  tinymist_project::compiler] /home/rtinfew/Downloads/test.typ: compilation failed with 1 warnings and errors in 319.489µs
[2026-08-25T14:40:58Z INFO  tinymist_preview] Preview("le66pg"): received notification: signal(false, true), when OnType
[2026-08-25T14:40:58Z INFO  tinymist_project::compiler] /home/rtinfew/Downloads/test.typ: compilation failed with 1 warnings and errors in 651.596µs
[2026-08-25T14:40:58Z INFO  tinymist_preview] Preview("le66pg"): received notification: signal(false, true), when OnType
[2026-08-25T14:40:58Z INFO  tinymist_project::compiler] /home/rtinfew/Downloads/test.typ: compilation failed with 1 warnings and errors in 205.093µs
[2026-08-25T14:40:58Z INFO  tinymist_preview] Preview("le66pg"): received notification: signal(false, true), when OnType
[2026-08-25T14:40:58Z INFO  tinymist_project::compiler] /home/rtinfew/Downloads/test.typ: compilation failed with 1 warnings and errors in 263.546µs
[2026-08-25T14:40:58Z INFO  tinymist_preview] Preview("le66pg"): received notification: signal(false, true), when OnType
[2026-08-25T14:40:58Z INFO  tinymist_project::compiler] /home/rtinfew/Downloads/test.typ: compilation failed with 1 warnings and errors in 236.161µs
[2026-08-25T14:40:58Z INFO  tinymist_preview] Preview("le66pg"): received notification: signal(false, true), when OnType
[2026-08-25T14:40:58Z INFO  tinymist_project::compiler] /home/rtinfew/Downloads/test.typ: compilation failed with 1 warnings and errors in 331.603µs
[2026-08-25T14:40:58Z INFO  tinymist_preview] Preview("le66pg"): received notification: signal(false, true), when OnType
[2026-08-25T14:40:58Z INFO  tinymist_project::compiler] /home/rtinfew/Downloads/test.typ: compilation failed with 1 warnings and errors in 226.392µs
[2026-08-25T14:40:58Z INFO  tinymist_preview] Preview("le66pg"): received notification: signal(false, true), when OnType
[2026-08-25T14:40:58Z INFO  tinymist_project::compiler] /home/rtinfew/Downloads/test.typ: compilation failed with 1 warnings and errors in 184.126µs
[2026-08-25T14:40:58Z INFO  tinymist_preview] Preview("le66pg"): received notification: signal(false, true), when OnType
[2026-08-25T14:40:58Z INFO  tinymist_project::compiler] /home/rtinfew/Downloads/test.typ: compilation failed with 1 warnings and errors in 1.34834ms
[2026-08-25T14:40:58Z INFO  tinymist_preview] Preview("le66pg"): received notification: signal(false, true), when OnType
[2026-08-25T14:40:58Z INFO  tinymist_project::compiler] /home/rtinfew/Downloads/test.typ: compilation failed with 1 warnings and errors in 237.612µs
[2026-08-25T14:40:58Z INFO  tinymist_preview] Preview("le66pg"): received notification: signal(false, true), when OnType
[2026-08-25T14:40:58Z INFO  tinymist_project::compiler] /home/rtinfew/Downloads/test.typ: compilation failed with 1 warnings and errors in 249.375µs
[2026-08-25T14:40:58Z INFO  tinymist_preview] Preview("le66pg"): received notification: signal(false, true), when OnType
[2026-08-25T14:40:58Z INFO  tinymist_project::compiler] /home/rtinfew/Downloads/test.typ: compilation failed with 1 warnings and errors in 915.904µs
[2026-08-25T14:40:58Z INFO  tinymist_preview] Preview("le66pg"): received notification: signal(false, true), when OnType
[2026-08-25T14:40:59Z INFO  tinymist_project::compiler] /home/rtinfew/Downloads/test.typ: compilation failed with 1 warnings and errors in 311.923µs
[2026-08-25T14:40:59Z INFO  tinymist_preview] Preview("le66pg"): received notification: signal(false, true), when OnType
[2026-08-25T14:40:59Z INFO  tinymist_project::compiler] /home/rtinfew/Downloads/test.typ: compilation failed with 1 warnings and errors in 3.622156ms
[2026-08-25T14:40:59Z WARN  sync_ls::server::lsp_srv] unhandled notification: $/setTrace
[2026-08-25T14:40:59Z INFO  tinymist_preview] Preview("le66pg"): received notification: signal(false, true), when OnType
[2026-08-25T14:40:59Z WARN  sync_ls::server::lsp_srv] unhandled notification: $/setTrace
[2026-08-25T14:40:59Z INFO  tinymist_project::compiler] /home/rtinfew/Downloads/test.typ: compilation failed with 1 warnings and errors in 282.56µs
[2026-08-25T14:40:59Z INFO  tinymist_preview] Preview("le66pg"): received notification: signal(false, true), when OnType
[2026-08-25T14:40:59Z INFO  tinymist::config] ServerState: config update_by_map {"colorTheme":"dark","compileStatus":"enable","completion":{"postfix":true,"postfixUfcs":true,"postfixUfcsLeft":true,"postfixUfcsRight":true,"symbol":"step","triggerOnSnippetPlaceholders":false},"customizedShowDocument":true,"delegateFsRequests":false,"development":null,"exportPdf":"never","exportTarget":"paged","fontPaths":null,"formatterIndentSize":2,"formatterMode":"typstyle","formatterPrintWidth":120,"formatterProseWrap":false,"hoverPeriscope":null,"lint":{"enabled":false,"when":"onSave"},"onEnter":null,"outputPath":"","preview":{"cursorIndicator":false,"fontPaths":[],"invertColors":"never","partialRendering":true,"pinPreviewFile":false,"refresh":"onType","scrollSync":"onSelectionChangeByMouse","sysInputs":{},"systemFonts":true},"projectResolution":"singleFile","rootPath":null,"semanticTokens":"enable","supportClientCodelens":true,"supportExtendedCodeAction":true,"supportHtmlInMarkdown":true,"syntaxOnly":"auto","systemFonts":true,"tinymist":{"compileStatus":"enable","completion":{"postfix":true,"postfixUfcs":true,"postfixUfcsLeft":true,"postfixUfcsRight":true,"symbol":"step","triggerOnSnippetPlaceholders":false},"configureDefaultWordSeparator":"disable","convertExtension":[],"copyAndPaste":"enable","customizedShowDocument":true,"delegateFsRequests":false,"dragAndDrop":"enable","exportPdf":"never","exportTarget":"paged","fontPaths":null,"formatterIndentSize":2,"formatterMode":"typstyle","formatterPrintWidth":120,"formatterProseWrap":false,"inlayHints":{"packageVersionStatus":true},"lint":{"enabled":false,"when":"onSave"},"onEnterEvent":true,"onPaste":"$root/assets","outputPath":"","preview":{"cursorIndicator":false,"fontPaths":[],"invertColors":"never","partialRendering":true,"pinPreviewFile":false,"refresh":"onType","scrollSync":"onSelectionChangeByMouse","sysInputs":{},"systemFonts":true},"previewFeature":"enable","previewer":"myriad-dreamin.tinymist","projectResolution":"singleFile","renderDocs":"enable","rootPath":null,"semanticTokens":"enable","serverPath":null,"showExportFileIn":null,"statusBarFormat":"{compileStatusIcon} {wordCount} [{fileName}]","supportClientCodelens":true,"supportExtendedCodeAction":true,"supportHtmlInMarkdown":true,"syntaxOnly":"auto","systemFonts":true,"trace":{"server":"off"},"triggerParameterHints":true,"triggerSuggest":true,"triggerSuggestAndParameterHints":true,"typingContinueCommentsOnNewline":true,"typstExtraArgs":[]},"triggerParameterHints":true,"triggerSuggest":true,"triggerSuggestAndParameterHints":true,"typstExtraArgs":[]}
[2026-08-25T14:40:59Z INFO  tinymist::config] Server: running lsp in full mode
[2026-08-25T14:40:59Z INFO  tinymist::lsp] new settings applied
[2026-08-25T14:40:59Z INFO  tinymist::config] ServerState: config update_by_map {"colorTheme":"dark","compileStatus":"enable","completion":{"postfix":true,"postfixUfcs":true,"postfixUfcsLeft":true,"postfixUfcsRight":true,"symbol":"step","triggerOnSnippetPlaceholders":false},"customizedShowDocument":true,"delegateFsRequests":false,"development":null,"exportPdf":"never","exportTarget":"paged","fontPaths":null,"formatterIndentSize":2,"formatterMode":"typstyle","formatterPrintWidth":120,"formatterProseWrap":false,"hoverPeriscope":null,"lint":{"enabled":false,"when":"onSave"},"onEnter":null,"outputPath":"","preview":{"cursorIndicator":false,"fontPaths":[],"invertColors":"never","partialRendering":true,"pinPreviewFile":false,"refresh":"onType","scrollSync":"onSelectionChangeByMouse","sysInputs":{},"systemFonts":true},"projectResolution":"singleFile","rootPath":null,"semanticTokens":"enable","supportClientCodelens":true,"supportExtendedCodeAction":true,"supportHtmlInMarkdown":true,"syntaxOnly":"auto","systemFonts":true,"tinymist":{"compileStatus":"enable","completion":{"postfix":true,"postfixUfcs":true,"postfixUfcsLeft":true,"postfixUfcsRight":true,"symbol":"step","triggerOnSnippetPlaceholders":false},"configureDefaultWordSeparator":"disable","convertExtension":[],"copyAndPaste":"enable","customizedShowDocument":true,"delegateFsRequests":false,"dragAndDrop":"enable","exportPdf":"never","exportTarget":"paged","fontPaths":null,"formatterIndentSize":2,"formatterMode":"typstyle","formatterPrintWidth":120,"formatterProseWrap":false,"inlayHints":{"packageVersionStatus":true},"lint":{"enabled":false,"when":"onSave"},"onEnterEvent":true,"onPaste":"$root/assets","outputPath":"","preview":{"cursorIndicator":false,"fontPaths":[],"invertColors":"never","partialRendering":true,"pinPreviewFile":false,"refresh":"onType","scrollSync":"onSelectionChangeByMouse","sysInputs":{},"systemFonts":true},"previewFeature":"enable","previewer":"myriad-dreamin.tinymist","projectResolution":"singleFile","renderDocs":"enable","rootPath":null,"semanticTokens":"enable","serverPath":null,"showExportFileIn":null,"statusBarFormat":"{compileStatusIcon} {wordCount} [{fileName}]","supportClientCodelens":true,"supportExtendedCodeAction":true,"supportHtmlInMarkdown":true,"syntaxOnly":"auto","systemFonts":true,"trace":{"server":"off"},"triggerParameterHints":true,"triggerSuggest":true,"triggerSuggestAndParameterHints":true,"typingContinueCommentsOnNewline":true,"typstExtraArgs":[]},"triggerParameterHints":true,"triggerSuggest":true,"triggerSuggestAndParameterHints":true,"typstExtraArgs":[]}
[2026-08-25T14:40:59Z INFO  tinymist::config] Server: running lsp in full mode
[2026-08-25T14:40:59Z INFO  tinymist::lsp] new settings applied
[2026-08-25T14:40:59Z INFO  tinymist_project::compiler] /home/rtinfew/Downloads/test.typ: compilation failed with 1 warnings and errors in 328.117µs
[2026-08-25T14:40:59Z INFO  tinymist_preview] Preview("le66pg"): received notification: signal(false, true), when OnType
[2026-08-25T14:40:59Z INFO  tinymist_project::compiler] /home/rtinfew/Downloads/test.typ: compilation failed with 1 warnings and errors in 260.042µs
[2026-08-25T14:40:59Z INFO  tinymist_preview] Preview("le66pg"): received notification: signal(false, true), when OnType
[2026-08-25T14:40:59Z INFO  tinymist_project::compiler] /home/rtinfew/Downloads/test.typ: compilation failed with 1 warnings and errors in 243.764µs
[2026-08-25T14:40:59Z INFO  tinymist_preview] Preview("le66pg"): received notification: signal(false, true), when OnType
[2026-08-25T14:40:59Z INFO  tinymist_project::compiler] /home/rtinfew/Downloads/test.typ: compilation failed with 1 warnings and errors in 2.90315ms
[2026-08-25T14:40:59Z INFO  tinymist_preview] Preview("le66pg"): received notification: signal(false, true), when OnType
[2026-08-25T14:40:59Z INFO  tinymist_project::compiler] /home/rtinfew/Downloads/test.typ: compilation failed with 1 warnings and errors in 261.046µs
[2026-08-25T14:40:59Z INFO  tinymist_preview] Preview("le66pg"): received notification: signal(false, true), when OnType
[2026-08-25T14:40:59Z INFO  tinymist::cmd] first manual focusing is coming
[2026-08-25T14:40:59Z INFO  tinymist_project::compiler] /home/rtinfew/Downloads/test.typ: compilation failed with 1 warnings and errors in 473.775µs
[2026-08-25T14:40:59Z INFO  tinymist_preview] Preview("le66pg"): received notification: signal(false, true), when OnType
[2026-08-25T14:40:59Z INFO  tinymist_project::compiler] /home/rtinfew/Downloads/test.typ: compilation failed with 1 warnings and errors in 259.554µs
[2026-08-25T14:40:59Z INFO  tinymist_preview] Preview("le66pg"): received notification: signal(false, true), when OnType
[2026-08-25T14:40:59Z INFO  tinymist_project::compiler] /home/rtinfew/Downloads/test.typ: compilation failed with 1 warnings and errors in 282.801µs
[2026-08-25T14:40:59Z INFO  tinymist_preview] Preview("le66pg"): received notification: signal(false, true), when OnType
[2026-08-25T14:40:59Z INFO  tinymist_project::compiler] /home/rtinfew/Downloads/test.typ: compilation failed with 1 warnings and errors in 498.497µs
[2026-08-25T14:40:59Z INFO  tinymist_preview] Preview("le66pg"): received notification: signal(false, true), when OnType
[2026-08-25T14:40:59Z INFO  tinymist_project::compiler] /home/rtinfew/Downloads/test.typ: compilation failed with 1 warnings and errors in 248.135µs
[2026-08-25T14:40:59Z INFO  tinymist_preview] Preview("le66pg"): received notification: signal(false, true), when OnType
[2026-08-25T14:40:59Z INFO  tinymist_project::compiler] /home/rtinfew/Downloads/test.typ: compilation failed with 1 warnings and errors in 411.69µs
[2026-08-25T14:40:59Z INFO  tinymist_preview] Preview("le66pg"): received notification: signal(false, true), when OnType
[2026-08-25T14:40:59Z INFO  tinymist_project::compiler] /home/rtinfew/Downloads/test.typ: compilation failed with 1 warnings and errors in 272.383µs
[2026-08-25T14:40:59Z INFO  tinymist_preview] Preview("le66pg"): received notification: signal(false, true), when OnType
[2026-08-25T14:40:59Z INFO  tinymist_project::compiler] /home/rtinfew/Downloads/test.typ: compilation failed with 1 warnings and errors in 361.062µs
[2026-08-25T14:40:59Z INFO  tinymist_preview] Preview("le66pg"): received notification: signal(false, true), when OnType
[2026-08-25T14:40:59Z INFO  tinymist_project::compiler] /home/rtinfew/Downloads/test.typ: compilation failed with 1 warnings and errors in 274.313µs
[2026-08-25T14:40:59Z INFO  tinymist_preview] Preview("le66pg"): received notification: signal(false, true), when OnType
[2026-08-25T14:40:59Z INFO  tinymist_project::compiler] /home/rtinfew/Downloads/test.typ: compilation failed with 1 warnings and errors in 213.433µs
[2026-08-25T14:40:59Z INFO  tinymist_preview] Preview("le66pg"): received notification: signal(false, true), when OnType
[2026-08-25T14:40:59Z WARN  sync_ls::server::lsp_srv] unhandled notification: $/cancelRequest
[2026-08-25T14:41:00Z INFO  tinymist_project::compiler] /home/rtinfew/Downloads/test.typ: compilation failed with 1 warnings and errors in 172.62µs
[2026-08-25T14:41:00Z INFO  tinymist_preview] Preview("le66pg"): received notification: signal(false, true), when OnType
[2026-08-25T14:41:00Z INFO  tinymist_project::compiler] /home/rtinfew/Downloads/test.typ: compilation failed with 1 warnings and errors in 292.267µs
[2026-08-25T14:41:00Z INFO  tinymist_preview] Preview("le66pg"): received notification: signal(false, true), when OnType
[2026-08-25T14:41:00Z WARN  sync_ls::server::lsp_srv] unhandled notification: $/setTrace
[2026-08-25T14:41:00Z INFO  tinymist::config] ServerState: config update_by_map {"colorTheme":"dark","compileStatus":"enable","completion":{"postfix":true,"postfixUfcs":true,"postfixUfcsLeft":true,"postfixUfcsRight":true,"symbol":"step","triggerOnSnippetPlaceholders":false},"customizedShowDocument":true,"delegateFsRequests":false,"development":null,"exportPdf":"never","exportTarget":"paged","fontPaths":null,"formatterIndentSize":2,"formatterMode":"typstyle","formatterPrintWidth":120,"formatterProseWrap":false,"hoverPeriscope":null,"lint":{"enabled":false,"when":"onSave"},"onEnter":null,"outputPath":"","preview":{"cursorIndicator":false,"fontPaths":[],"invertColors":"never","partialRendering":true,"pinPreviewFile":false,"refresh":"onType","scrollSync":"onSelectionChangeByMouse","sysInputs":{},"systemFonts":true},"projectResolution":"singleFile","rootPath":null,"semanticTokens":"enable","supportClientCodelens":true,"supportExtendedCodeAction":true,"supportHtmlInMarkdown":true,"syntaxOnly":"auto","systemFonts":true,"tinymist":{"compileStatus":"enable","completion":{"postfix":true,"postfixUfcs":true,"postfixUfcsLeft":true,"postfixUfcsRight":true,"symbol":"step","triggerOnSnippetPlaceholders":false},"configureDefaultWordSeparator":"disable","convertExtension":[],"copyAndPaste":"enable","customizedShowDocument":true,"delegateFsRequests":false,"dragAndDrop":"enable","exportPdf":"never","exportTarget":"paged","fontPaths":null,"formatterIndentSize":2,"formatterMode":"typstyle","formatterPrintWidth":120,"formatterProseWrap":false,"inlayHints":{"packageVersionStatus":true},"lint":{"enabled":false,"when":"onSave"},"onEnterEvent":true,"onPaste":"$root/assets","outputPath":"","preview":{"cursorIndicator":false,"fontPaths":[],"invertColors":"never","partialRendering":true,"pinPreviewFile":false,"refresh":"onType","scrollSync":"onSelectionChangeByMouse","sysInputs":{},"systemFonts":true},"previewFeature":"enable","previewer":"myriad-dreamin.tinymist","projectResolution":"singleFile","renderDocs":"enable","rootPath":null,"semanticTokens":"enable","serverPath":null,"showExportFileIn":null,"statusBarFormat":"{compileStatusIcon} {wordCount} [{fileName}]","supportClientCodelens":true,"supportExtendedCodeAction":true,"supportHtmlInMarkdown":true,"syntaxOnly":"auto","systemFonts":true,"trace":{"server":"off"},"triggerParameterHints":true,"triggerSuggest":true,"triggerSuggestAndParameterHints":true,"typingContinueCommentsOnNewline":true,"typstExtraArgs":[]},"triggerParameterHints":true,"triggerSuggest":true,"triggerSuggestAndParameterHints":true,"typstExtraArgs":[]}
[2026-08-25T14:41:00Z INFO  tinymist::config] Server: running lsp in full mode
[2026-08-25T14:41:00Z INFO  tinymist::lsp] new settings applied
[2026-08-25T14:41:00Z INFO  tinymist_project::compiler] /home/rtinfew/Downloads/test.typ: compilation failed with 1 warnings and errors in 238.744µs
[2026-08-25T14:41:00Z INFO  tinymist_preview] Preview("le66pg"): received notification: signal(false, true), when OnType
[2026-08-25T14:41:00Z INFO  tinymist_project::compiler] /home/rtinfew/Downloads/test.typ: compilation failed with 1 warnings and errors in 278.984µs
[2026-08-25T14:41:00Z INFO  tinymist_preview] Preview("le66pg"): received notification: signal(false, true), when OnType
[2026-08-25T14:41:00Z INFO  tinymist_project::compiler] /home/rtinfew/Downloads/test.typ: compilation failed with 1 warnings and errors in 389.856µs
[2026-08-25T14:41:00Z INFO  tinymist_preview] Preview("le66pg"): received notification: signal(false, true), when OnType
[2026-08-25T14:41:00Z INFO  tinymist_project::compiler] /home/rtinfew/Downloads/test.typ: compilation failed with 1 warnings and errors in 207.426µs
[2026-08-25T14:41:00Z INFO  tinymist_preview] Preview("le66pg"): received notification: signal(false, true), when OnType
[2026-08-25T14:41:00Z INFO  tinymist_project::compiler] /home/rtinfew/Downloads/test.typ: compilation failed with 1 warnings and errors in 713.779µs
[2026-08-25T14:41:00Z INFO  tinymist_preview] Preview("le66pg"): received notification: signal(false, true), when OnType
[2026-08-25T14:41:00Z WARN  sync_ls::server::lsp_srv] unhandled notification: $/setTrace
[2026-08-25T14:41:00Z INFO  tinymist::config] ServerState: config update_by_map {"colorTheme":"dark","compileStatus":"enable","completion":{"postfix":true,"postfixUfcs":true,"postfixUfcsLeft":true,"postfixUfcsRight":true,"symbol":"step","triggerOnSnippetPlaceholders":false},"customizedShowDocument":true,"delegateFsRequests":false,"development":null,"exportPdf":"never","exportTarget":"paged","fontPaths":null,"formatterIndentSize":2,"formatterMode":"typstyle","formatterPrintWidth":120,"formatterProseWrap":false,"hoverPeriscope":null,"lint":{"enabled":false,"when":"onSave"},"onEnter":null,"outputPath":"","preview":{"cursorIndicator":false,"fontPaths":[],"invertColors":"never","partialRendering":true,"pinPreviewFile":false,"refresh":"onType","scrollSync":"onSelectionChangeByMouse","sysInputs":{},"systemFonts":true},"projectResolution":"singleFile","rootPath":null,"semanticTokens":"enable","supportClientCodelens":true,"supportExtendedCodeAction":true,"supportHtmlInMarkdown":true,"syntaxOnly":"auto","systemFonts":true,"tinymist":{"compileStatus":"enable","completion":{"postfix":true,"postfixUfcs":true,"postfixUfcsLeft":true,"postfixUfcsRight":true,"symbol":"step","triggerOnSnippetPlaceholders":false},"configureDefaultWordSeparator":"disable","convertExtension":[],"copyAndPaste":"enable","customizedShowDocument":true,"delegateFsRequests":false,"dragAndDrop":"enable","exportPdf":"never","exportTarget":"paged","fontPaths":null,"formatterIndentSize":2,"formatterMode":"typstyle","formatterPrintWidth":120,"formatterProseWrap":false,"inlayHints":{"packageVersionStatus":true},"lint":{"enabled":false,"when":"onSave"},"onEnterEvent":true,"onPaste":"$root/assets","outputPath":"","preview":{"cursorIndicator":false,"fontPaths":[],"invertColors":"never","partialRendering":true,"pinPreviewFile":false,"refresh":"onType","scrollSync":"onSelectionChangeByMouse","sysInputs":{},"systemFonts":true},"previewFeature":"enable","previewer":"myriad-dreamin.tinymist","projectResolution":"singleFile","renderDocs":"enable","rootPath":null,"semanticTokens":"enable","serverPath":null,"showExportFileIn":null,"statusBarFormat":"{compileStatusIcon} {wordCount} [{fileName}]","supportClientCodelens":true,"supportExtendedCodeAction":true,"supportHtmlInMarkdown":true,"syntaxOnly":"auto","systemFonts":true,"trace":{"server":"off"},"triggerParameterHints":true,"triggerSuggest":true,"triggerSuggestAndParameterHints":true,"typingContinueCommentsOnNewline":true,"typstExtraArgs":[]},"triggerParameterHints":true,"triggerSuggest":true,"triggerSuggestAndParameterHints":true,"typstExtraArgs":[]}
[2026-08-25T14:41:00Z INFO  tinymist::config] Server: running lsp in full mode
[2026-08-25T14:41:00Z INFO  tinymist::lsp] new settings applied
[2026-08-25T14:41:00Z INFO  tinymist_project::compiler] /home/rtinfew/Downloads/test.typ: compilation failed with 1 warnings and errors in 245.581µs
[2026-08-25T14:41:00Z INFO  tinymist_preview] Preview("le66pg"): received notification: signal(false, true), when OnType
[2026-08-25T14:41:00Z INFO  tinymist_project::compiler] /home/rtinfew/Downloads/test.typ: compilation failed with 1 warnings and errors in 191.54µs
[2026-08-25T14:41:00Z INFO  tinymist_preview] Preview("le66pg"): received notification: signal(false, true), when OnType
[2026-08-25T14:41:00Z INFO  tinymist_project::compiler] /home/rtinfew/Downloads/test.typ: compilation failed with 1 warnings and errors in 322.193µs
[2026-08-25T14:41:00Z INFO  tinymist_preview] Preview("le66pg"): received notification: signal(false, true), when OnType
[2026-08-25T14:41:00Z WARN  sync_ls::server::lsp_srv] unhandled notification: $/setTrace
[2026-08-25T14:41:00Z INFO  tinymist_project::compiler] /home/rtinfew/Downloads/test.typ: compilation failed with 1 warnings and errors in 185.107µs
[2026-08-25T14:41:00Z INFO  tinymist_preview] Preview("le66pg"): received notification: signal(false, true), when OnType
[2026-08-25T14:41:00Z INFO  tinymist::config] ServerState: config update_by_map {"colorTheme":"dark","compileStatus":"enable","completion":{"postfix":true,"postfixUfcs":true,"postfixUfcsLeft":true,"postfixUfcsRight":true,"symbol":"step","triggerOnSnippetPlaceholders":false},"customizedShowDocument":true,"delegateFsRequests":false,"development":null,"exportPdf":"never","exportTarget":"paged","fontPaths":null,"formatterIndentSize":2,"formatterMode":"typstyle","formatterPrintWidth":120,"formatterProseWrap":false,"hoverPeriscope":null,"lint":{"enabled":false,"when":"onSave"},"onEnter":null,"outputPath":"","preview":{"cursorIndicator":false,"fontPaths":[],"invertColors":"never","partialRendering":true,"pinPreviewFile":false,"refresh":"onType","scrollSync":"onSelectionChangeByMouse","sysInputs":{},"systemFonts":true},"projectResolution":"singleFile","rootPath":null,"semanticTokens":"enable","supportClientCodelens":true,"supportExtendedCodeAction":true,"supportHtmlInMarkdown":true,"syntaxOnly":"auto","systemFonts":true,"tinymist":{"compileStatus":"enable","completion":{"postfix":true,"postfixUfcs":true,"postfixUfcsLeft":true,"postfixUfcsRight":true,"symbol":"step","triggerOnSnippetPlaceholders":false},"configureDefaultWordSeparator":"disable","convertExtension":[],"copyAndPaste":"enable","customizedShowDocument":true,"delegateFsRequests":false,"dragAndDrop":"enable","exportPdf":"never","exportTarget":"paged","fontPaths":null,"formatterIndentSize":2,"formatterMode":"typstyle","formatterPrintWidth":120,"formatterProseWrap":false,"inlayHints":{"packageVersionStatus":true},"lint":{"enabled":false,"when":"onSave"},"onEnterEvent":true,"onPaste":"$root/assets","outputPath":"","preview":{"cursorIndicator":false,"fontPaths":[],"invertColors":"never","partialRendering":true,"pinPreviewFile":false,"refresh":"onType","scrollSync":"onSelectionChangeByMouse","sysInputs":{},"systemFonts":true},"previewFeature":"enable","previewer":"myriad-dreamin.tinymist","projectResolution":"singleFile","renderDocs":"enable","rootPath":null,"semanticTokens":"enable","serverPath":null,"showExportFileIn":null,"statusBarFormat":"{compileStatusIcon} {wordCount} [{fileName}]","supportClientCodelens":true,"supportExtendedCodeAction":true,"supportHtmlInMarkdown":true,"syntaxOnly":"auto","systemFonts":true,"trace":{"server":"off"},"triggerParameterHints":true,"triggerSuggest":true,"triggerSuggestAndParameterHints":true,"typingContinueCommentsOnNewline":true,"typstExtraArgs":[]},"triggerParameterHints":true,"triggerSuggest":true,"triggerSuggestAndParameterHints":true,"typstExtraArgs":[]}
[2026-08-25T14:41:00Z INFO  tinymist::config] Server: running lsp in full mode
[2026-08-25T14:41:00Z INFO  tinymist::lsp] new settings applied
[2026-08-25T14:41:00Z INFO  tinymist_project::compiler] /home/rtinfew/Downloads/test.typ: compilation failed with 1 warnings and errors in 197.251µs
[2026-08-25T14:41:00Z INFO  tinymist_preview] Preview("le66pg"): received notification: signal(false, true), when OnType
[2026-08-25T14:41:00Z INFO  tinymist_project::compiler] /home/rtinfew/Downloads/test.typ: compilation failed with 1 warnings and errors in 193.653µs
[2026-08-25T14:41:00Z INFO  tinymist_preview] Preview("le66pg"): received notification: signal(false, true), when OnType
[2026-08-25T14:41:00Z INFO  tinymist_project::compiler] /home/rtinfew/Downloads/test.typ: compilation failed with 1 warnings and errors in 271.908µs
[2026-08-25T14:41:00Z INFO  tinymist_preview] Preview("le66pg"): received notification: signal(false, true), when OnType
[2026-08-25T14:41:00Z INFO  tinymist_project::compiler] /home/rtinfew/Downloads/test.typ: compilation failed with 1 warnings and errors in 198.061µs
[2026-08-25T14:41:00Z INFO  tinymist_preview] Preview("le66pg"): received notification: signal(false, true), when OnType
[2026-08-25T14:41:00Z INFO  tinymist_project::compiler] /home/rtinfew/Downloads/test.typ: compilation failed with 1 warnings and errors in 235.367µs
[2026-08-25T14:41:00Z INFO  tinymist_preview] Preview("le66pg"): received notification: signal(false, true), when OnType
[2026-08-25T14:41:00Z INFO  tinymist_project::compiler] /home/rtinfew/Downloads/test.typ: compilation failed with 1 warnings and errors in 698.55µs
[2026-08-25T14:41:00Z INFO  tinymist_preview] Preview("le66pg"): received notification: signal(false, true), when OnType
[2026-08-25T14:41:00Z INFO  tinymist_project::compiler] /home/rtinfew/Downloads/test.typ: compilation failed with 1 warnings and errors in 482.826µs
[2026-08-25T14:41:00Z INFO  tinymist_preview] Preview("le66pg"): received notification: signal(false, true), when OnType
[2026-08-25T14:41:00Z INFO  tinymist_project::compiler] /home/rtinfew/Downloads/test.typ: compilation failed with 1 warnings and errors in 331.141µs
[2026-08-25T14:41:00Z INFO  tinymist_preview] Preview("le66pg"): received notification: signal(false, true), when OnType
[2026-08-25T14:41:00Z INFO  tinymist_project::compiler] /home/rtinfew/Downloads/test.typ: compilation failed with 1 warnings and errors in 438.185µs
[2026-08-25T14:41:00Z INFO  tinymist_preview] Preview("le66pg"): received notification: signal(false, true), when OnType
[2026-08-25T14:41:01Z INFO  tinymist_project::compiler] /home/rtinfew/Downloads/test.typ: compilation failed with 1 warnings and errors in 287.906µs
[2026-08-25T14:41:01Z INFO  tinymist_preview] Preview("le66pg"): received notification: signal(false, true), when OnType
[2026-08-25T14:41:01Z INFO  tinymist_project::compiler] /home/rtinfew/Downloads/test.typ: compilation failed with 1 warnings and errors in 390.665µs
[2026-08-25T14:41:01Z INFO  tinymist_preview] Preview("le66pg"): received notification: signal(false, true), when OnType
[2026-08-25T14:41:01Z INFO  tinymist_project::compiler] /home/rtinfew/Downloads/test.typ: compilation failed with 1 warnings and errors in 292.221µs
[2026-08-25T14:41:01Z INFO  tinymist_preview] Preview("le66pg"): received notification: signal(false, true), when OnType
[2026-08-25T14:41:01Z INFO  tinymist_project::compiler] /home/rtinfew/Downloads/test.typ: compilation failed with 1 warnings and errors in 361.761µs
[2026-08-25T14:41:01Z INFO  tinymist_preview] Preview("le66pg"): received notification: signal(false, true), when OnType
[2026-08-25T14:41:01Z INFO  tinymist_project::compiler] /home/rtinfew/Downloads/test.typ: compilation failed with 1 warnings and errors in 430.775µs
[2026-08-25T14:41:01Z INFO  tinymist_preview] Preview("le66pg"): received notification: signal(false, true), when OnType
[2026-08-25T14:41:01Z INFO  tinymist_project::compiler] /home/rtinfew/Downloads/test.typ: compilation failed with 1 warnings and errors in 1.068852ms
[2026-08-25T14:41:01Z INFO  tinymist_preview] Preview("le66pg"): received notification: signal(false, true), when OnType
[2026-08-25T14:41:01Z INFO  tinymist_project::compiler] /home/rtinfew/Downloads/test.typ: compilation failed with 1 warnings and errors in 1.101354ms
[2026-08-25T14:41:01Z INFO  tinymist_preview] Preview("le66pg"): received notification: signal(false, true), when OnType
[2026-08-25T14:41:01Z INFO  tinymist_project::compiler] /home/rtinfew/Downloads/test.typ: compilation failed with 1 warnings and errors in 466.171µs
[2026-08-25T14:41:01Z INFO  tinymist_preview] Preview("le66pg"): received notification: signal(false, true), when OnType
[2026-08-25T14:41:01Z INFO  tinymist_project::compiler] /home/rtinfew/Downloads/test.typ: compilation failed with 1 warnings and errors in 287.792µs
[2026-08-25T14:41:01Z INFO  tinymist_preview] Preview("le66pg"): received notification: signal(false, true), when OnType
[2026-08-25T14:41:01Z INFO  tinymist_project::compiler] /home/rtinfew/Downloads/test.typ: compilation failed with 1 warnings and errors in 355.581µs
[2026-08-25T14:41:01Z INFO  tinymist_preview] Preview("le66pg"): received notification: signal(false, true), when OnType
[2026-08-25T14:41:01Z INFO  tinymist_project::compiler] /home/rtinfew/Downloads/test.typ: compilation failed with 1 warnings and errors in 401.211µs
[2026-08-25T14:41:01Z INFO  tinymist_preview] Preview("le66pg"): received notification: signal(false, true), when OnType
[2026-08-25T14:41:01Z INFO  tinymist_project::compiler] /home/rtinfew/Downloads/test.typ: compilation failed with 1 warnings and errors in 405.33µs
[2026-08-25T14:41:01Z INFO  tinymist_preview] Preview("le66pg"): received notification: signal(false, true), when OnType
[2026-08-25T14:41:01Z INFO  tinymist_project::compiler] /home/rtinfew/Downloads/test.typ: compilation failed with 1 warnings and errors in 384.968µs
[2026-08-25T14:41:01Z INFO  tinymist_preview] Preview("le66pg"): received notification: signal(false, true), when OnType
[2026-08-25T14:41:01Z INFO  tinymist_project::compiler] /home/rtinfew/Downloads/test.typ: compilation failed with 1 warnings and errors in 420.471µs
[2026-08-25T14:41:01Z INFO  tinymist_preview] Preview("le66pg"): received notification: signal(false, true), when OnType
[2026-08-25T14:41:01Z INFO  tinymist_project::compiler] /home/rtinfew/Downloads/test.typ: compilation failed with 1 warnings and errors in 429.225µs
[2026-08-25T14:41:01Z INFO  tinymist_preview] Preview("le66pg"): received notification: signal(false, true), when OnType
[2026-08-25T14:41:01Z INFO  tinymist_project::compiler] /home/rtinfew/Downloads/test.typ: compilation failed with 1 warnings and errors in 347.439µs
[2026-08-25T14:41:01Z INFO  tinymist_preview] Preview("le66pg"): received notification: signal(false, true), when OnType
[2026-08-25T14:41:01Z INFO  tinymist_project::compiler] /home/rtinfew/Downloads/test.typ: compilation failed with 1 warnings and errors in 334.701µs
[2026-08-25T14:41:01Z INFO  tinymist_preview] Preview("le66pg"): received notification: signal(false, true), when OnType
[2026-08-25T14:41:01Z INFO  tinymist_project::compiler] /home/rtinfew/Downloads/test.typ: compilation failed with 1 warnings and errors in 345.696µs
[2026-08-25T14:41:01Z INFO  tinymist_preview] Preview("le66pg"): received notification: signal(false, true), when OnType
[2026-08-25T14:41:01Z INFO  tinymist_project::compiler] /home/rtinfew/Downloads/test.typ: compilation failed with 1 warnings and errors in 323.434µs
[2026-08-25T14:41:01Z INFO  tinymist_preview] Preview("le66pg"): received notification: signal(false, true), when OnType
[2026-08-25T14:41:02Z INFO  tinymist_project::compiler] /home/rtinfew/Downloads/test.typ: compilation failed with 1 warnings and errors in 613.364µs
[2026-08-25T14:41:02Z INFO  tinymist_preview] Preview("le66pg"): received notification: signal(false, true), when OnType
[2026-08-25T14:41:02Z INFO  tinymist_project::compiler] /home/rtinfew/Downloads/test.typ: compilation failed with 1 warnings and errors in 605.292µs
[2026-08-25T14:41:02Z INFO  tinymist_preview] Preview("le66pg"): received notification: signal(false, true), when OnType
[2026-08-25T14:41:02Z INFO  tinymist_project::compiler] /home/rtinfew/Downloads/test.typ: compilation failed with 1 warnings and errors in 378.978µs
[2026-08-25T14:41:02Z INFO  tinymist_preview] Preview("le66pg"): received notification: signal(false, true), when OnType
[2026-08-25T14:41:02Z INFO  tinymist_project::compiler] /home/rtinfew/Downloads/test.typ: compilation failed with 1 warnings and errors in 331.454µs
[2026-08-25T14:41:02Z INFO  tinymist_preview] Preview("le66pg"): received notification: signal(false, true), when OnType
[2026-08-25T14:41:02Z INFO  tinymist_project::compiler] /home/rtinfew/Downloads/test.typ: compilation failed with 1 warnings and errors in 372.097µs
[2026-08-25T14:41:02Z INFO  tinymist_preview] Preview("le66pg"): received notification: signal(false, true), when OnType
[2026-08-25T14:41:02Z INFO  tinymist_project::compiler] /home/rtinfew/Downloads/test.typ: compilation failed with 1 warnings and errors in 1.160999ms
[2026-08-25T14:41:02Z INFO  tinymist_preview] Preview("le66pg"): received notification: signal(false, true), when OnType
[2026-08-25T14:41:02Z INFO  tinymist_project::compiler] /home/rtinfew/Downloads/test.typ: compilation failed with 1 warnings and errors in 318.536µs
[2026-08-25T14:41:02Z INFO  tinymist_preview] Preview("le66pg"): received notification: signal(false, true), when OnType
[2026-08-25T14:41:02Z INFO  tinymist_project::compiler] /home/rtinfew/Downloads/test.typ: compilation failed with 1 warnings and errors in 379.893µs
[2026-08-25T14:41:02Z INFO  tinymist_preview] Preview("le66pg"): received notification: signal(false, true), when OnType
[2026-08-25T14:41:02Z INFO  tinymist_project::compiler] /home/rtinfew/Downloads/test.typ: compilation failed with 1 warnings and errors in 338.065µs
[2026-08-25T14:41:02Z INFO  tinymist_preview] Preview("le66pg"): received notification: signal(false, true), when OnType
[2026-08-25T14:41:02Z INFO  tinymist_project::compiler] /home/rtinfew/Downloads/test.typ: compilation failed with 1 warnings and errors in 388.696µs
[2026-08-25T14:41:02Z INFO  tinymist_preview] Preview("le66pg"): received notification: signal(false, true), when OnType
[2026-08-25T14:41:02Z INFO  tinymist_project::compiler] /home/rtinfew/Downloads/test.typ: compilation failed with 1 warnings and errors in 408.285µs
[2026-08-25T14:41:02Z INFO  tinymist_preview] Preview("le66pg"): received notification: signal(false, true), when OnType
[2026-08-25T14:41:02Z INFO  tinymist_project::compiler] /home/rtinfew/Downloads/test.typ: compilation failed with 1 warnings and errors in 450.507µs
[2026-08-25T14:41:02Z INFO  tinymist_preview] Preview("le66pg"): received notification: signal(false, true), when OnType
[2026-08-25T14:41:02Z INFO  tinymist_project::compiler] /home/rtinfew/Downloads/test.typ: compilation failed with 1 warnings and errors in 373.997µs
[2026-08-25T14:41:02Z INFO  tinymist_preview] Preview("le66pg"): received notification: signal(false, true), when OnType
[2026-08-25T14:41:02Z INFO  tinymist_project::compiler] /home/rtinfew/Downloads/test.typ: compilation failed with 1 warnings and errors in 199.059µs
[2026-08-25T14:41:02Z INFO  tinymist_preview] Preview("le66pg"): received notification: signal(false, true), when OnType
[2026-08-25T14:41:02Z INFO  tinymist_project::compiler] /home/rtinfew/Downloads/test.typ: compilation failed with 1 warnings and errors in 523.036µs
[2026-08-25T14:41:02Z INFO  tinymist_preview] Preview("le66pg"): received notification: signal(false, true), when OnType
[2026-08-25T14:41:02Z INFO  tinymist_project::compiler] /home/rtinfew/Downloads/test.typ: compilation failed with 1 warnings and errors in 444.78µs
[2026-08-25T14:41:02Z INFO  tinymist_preview] Preview("le66pg"): received notification: signal(false, true), when OnType
[2026-08-25T14:41:02Z INFO  tinymist_project::compiler] /home/rtinfew/Downloads/test.typ: compilation failed with 1 warnings and errors in 215.785µs
[2026-08-25T14:41:02Z INFO  tinymist_preview] Preview("le66pg"): received notification: signal(false, true), when OnType
[2026-08-25T14:41:02Z INFO  tinymist_project::compiler] /home/rtinfew/Downloads/test.typ: compilation failed with 1 warnings and errors in 603.803µs
[2026-08-25T14:41:02Z INFO  tinymist_preview] Preview("le66pg"): received notification: signal(false, true), when OnType
[2026-08-25T14:41:02Z INFO  tinymist_project::compiler] /home/rtinfew/Downloads/test.typ: compilation failed with 1 warnings and errors in 374.989µs
[2026-08-25T14:41:02Z INFO  tinymist_preview] Preview("le66pg"): received notification: signal(false, true), when OnType
[2026-08-25T14:41:03Z INFO  tinymist_project::compiler] /home/rtinfew/Downloads/test.typ: compilation failed with 1 warnings and errors in 401.964µs
[2026-08-25T14:41:03Z INFO  tinymist_preview] Preview("le66pg"): received notification: signal(false, true), when OnType
[2026-08-25T14:41:03Z INFO  tinymist_project::compiler] /home/rtinfew/Downloads/test.typ: compilation failed with 1 warnings and errors in 505.908µs
[2026-08-25T14:41:03Z INFO  tinymist_preview] Preview("le66pg"): received notification: signal(false, true), when OnType
[2026-08-25T14:41:03Z INFO  tinymist_project::compiler] /home/rtinfew/Downloads/test.typ: compilation failed with 1 warnings and errors in 408.794µs
[2026-08-25T14:41:03Z INFO  tinymist_preview] Preview("le66pg"): received notification: signal(false, true), when OnType
[2026-08-25T14:41:03Z INFO  tinymist_project::compiler] /home/rtinfew/Downloads/test.typ: compilation failed with 1 warnings and errors in 420.216µs
[2026-08-25T14:41:03Z INFO  tinymist_preview] Preview("le66pg"): received notification: signal(false, true), when OnType
[2026-08-25T14:41:03Z INFO  tinymist_project::compiler] /home/rtinfew/Downloads/test.typ: compilation failed with 1 warnings and errors in 672.944µs
[2026-08-25T14:41:03Z INFO  tinymist_preview] Preview("le66pg"): received notification: signal(false, true), when OnType
[2026-08-25T14:41:03Z INFO  tinymist_project::compiler] /home/rtinfew/Downloads/test.typ: compilation failed with 1 warnings and errors in 496.291µs
[2026-08-25T14:41:03Z INFO  tinymist_preview] Preview("le66pg"): received notification: signal(false, true), when OnType
[2026-08-25T14:41:03Z INFO  tinymist_project::compiler] /home/rtinfew/Downloads/test.typ: compilation failed with 1 warnings and errors in 247.451µs
[2026-08-25T14:41:03Z INFO  tinymist_preview] Preview("le66pg"): received notification: signal(false, true), when OnType
[2026-08-25T14:41:03Z INFO  tinymist_project::compiler] /home/rtinfew/Downloads/test.typ: compilation failed with 1 warnings and errors in 182.047µs
[2026-08-25T14:41:03Z INFO  tinymist_preview] Preview("le66pg"): received notification: signal(false, true), when OnType
[2026-08-25T14:41:03Z INFO  tinymist_project::compiler] /home/rtinfew/Downloads/test.typ: compilation failed with 1 warnings and errors in 209.613µs
[2026-08-25T14:41:03Z INFO  tinymist_preview] Preview("le66pg"): received notification: signal(false, true), when OnType
[2026-08-25T14:41:03Z INFO  tinymist_project::compiler] /home/rtinfew/Downloads/test.typ: compilation failed with 1 warnings and errors in 250.498µs
[2026-08-25T14:41:03Z INFO  tinymist_preview] Preview("le66pg"): received notification: signal(false, true), when OnType
[2026-08-25T14:41:03Z INFO  tinymist_project::compiler] /home/rtinfew/Downloads/test.typ: compilation failed with 1 warnings and errors in 458.113µs
[2026-08-25T14:41:03Z INFO  tinymist_preview] Preview("le66pg"): received notification: signal(false, true), when OnType
[2026-08-25T14:41:03Z INFO  tinymist_project::compiler] /home/rtinfew/Downloads/test.typ: compilation failed with 1 warnings and errors in 436.344µs
[2026-08-25T14:41:03Z INFO  tinymist_preview] Preview("le66pg"): received notification: signal(false, true), when OnType
[2026-08-25T14:41:03Z INFO  tinymist_project::compiler] /home/rtinfew/Downloads/test.typ: compilation failed with 1 warnings and errors in 411.54µs
[2026-08-25T14:41:03Z INFO  tinymist_preview] Preview("le66pg"): received notification: signal(false, true), when OnType
[2026-08-25T14:41:03Z INFO  tinymist_project::compiler] /home/rtinfew/Downloads/test.typ: compilation failed with 1 warnings and errors in 445.819µs
[2026-08-25T14:41:03Z INFO  tinymist_preview] Preview("le66pg"): received notification: signal(false, true), when OnType
[2026-08-25T14:41:03Z INFO  tinymist_project::compiler] /home/rtinfew/Downloads/test.typ: compilation failed with 1 warnings and errors in 612.02µs
[2026-08-25T14:41:03Z INFO  tinymist_preview] Preview("le66pg"): received notification: signal(false, true), when OnType
[2026-08-25T14:41:03Z INFO  tinymist_project::compiler] /home/rtinfew/Downloads/test.typ: compilation failed with 1 warnings and errors in 464.32µs
[2026-08-25T14:41:03Z INFO  tinymist_preview] Preview("le66pg"): received notification: signal(false, true), when OnType
[2026-08-25T14:41:03Z INFO  tinymist_project::compiler] /home/rtinfew/Downloads/test.typ: compilation failed with 1 warnings and errors in 550.957µs
[2026-08-25T14:41:03Z INFO  tinymist_preview] Preview("le66pg"): received notification: signal(false, true), when OnType
[2026-08-25T14:41:03Z INFO  tinymist_project::compiler] /home/rtinfew/Downloads/test.typ: compilation failed with 1 warnings and errors in 385.811µs
[2026-08-25T14:41:03Z INFO  tinymist_preview] Preview("le66pg"): received notification: signal(false, true), when OnType
[2026-08-25T14:41:03Z INFO  tinymist_project::compiler] /home/rtinfew/Downloads/test.typ: compilation failed with 1 warnings and errors in 668.579µs
[2026-08-25T14:41:03Z INFO  tinymist_preview] Preview("le66pg"): received notification: signal(false, true), when OnType
[2026-08-25T14:41:04Z INFO  tinymist_project::compiler] /home/rtinfew/Downloads/test.typ: compilation failed with 1 warnings and errors in 362.214µs
[2026-08-25T14:41:04Z INFO  tinymist_preview] Preview("le66pg"): received notification: signal(false, true), when OnType
[2026-08-25T14:41:04Z INFO  tinymist_project::compiler] /home/rtinfew/Downloads/test.typ: compilation failed with 1 warnings and errors in 441.134µs
[2026-08-25T14:41:04Z INFO  tinymist_preview] Preview("le66pg"): received notification: signal(false, true), when OnType
[2026-08-25T14:41:04Z INFO  tinymist_project::compiler] /home/rtinfew/Downloads/test.typ: compilation failed with 1 warnings and errors in 578.92µs
[2026-08-25T14:41:04Z INFO  tinymist_preview] Preview("le66pg"): received notification: signal(false, true), when OnType
[2026-08-25T14:41:04Z INFO  tinymist_project::compiler] /home/rtinfew/Downloads/test.typ: compilation failed with 1 warnings and errors in 441.973µs
[2026-08-25T14:41:04Z INFO  tinymist_preview] Preview("le66pg"): received notification: signal(false, true), when OnType
[2026-08-25T14:41:04Z INFO  tinymist_project::compiler] /home/rtinfew/Downloads/test.typ: compilation failed with 1 warnings and errors in 834.11µs
[2026-08-25T14:41:04Z INFO  tinymist_preview] Preview("le66pg"): received notification: signal(false, true), when OnType
[2026-08-25T14:41:04Z INFO  tinymist_project::compiler] /home/rtinfew/Downloads/test.typ: compilation failed with 1 warnings and errors in 481.624µs
[2026-08-25T14:41:04Z INFO  tinymist_preview] Preview("le66pg"): received notification: signal(false, true), when OnType
[2026-08-25T14:41:04Z INFO  tinymist_project::compiler] /home/rtinfew/Downloads/test.typ: compilation failed with 1 warnings and errors in 377.265µs
[2026-08-25T14:41:04Z INFO  tinymist_preview] Preview("le66pg"): received notification: signal(false, true), when OnType
[2026-08-25T14:41:04Z INFO  tinymist_project::compiler] /home/rtinfew/Downloads/test.typ: compilation failed with 1 warnings and errors in 457.081µs
[2026-08-25T14:41:04Z INFO  tinymist_preview] Preview("le66pg"): received notification: signal(false, true), when OnType
[2026-08-25T14:41:04Z INFO  tinymist_project::compiler] /home/rtinfew/Downloads/test.typ: compilation failed with 1 warnings and errors in 451.769µs
[2026-08-25T14:41:04Z INFO  tinymist_preview] Preview("le66pg"): received notification: signal(false, true), when OnType
[2026-08-25T14:41:04Z INFO  tinymist_project::compiler] /home/rtinfew/Downloads/test.typ: compilation failed with 1 warnings and errors in 498.882µs
[2026-08-25T14:41:04Z INFO  tinymist_preview] Preview("le66pg"): received notification: signal(false, true), when OnType
[2026-08-25T14:41:04Z INFO  tinymist_project::compiler] /home/rtinfew/Downloads/test.typ: compilation failed with 1 warnings and errors in 307.427µs
[2026-08-25T14:41:04Z INFO  tinymist_preview] Preview("le66pg"): received notification: signal(false, true), when OnType
[2026-08-25T14:41:04Z INFO  tinymist_project::compiler] /home/rtinfew/Downloads/test.typ: compilation failed with 1 warnings and errors in 597.48µs
[2026-08-25T14:41:04Z INFO  tinymist_preview] Preview("le66pg"): received notification: signal(false, true), when OnType
[2026-08-25T14:41:04Z INFO  tinymist_project::compiler] /home/rtinfew/Downloads/test.typ: compilation failed with 1 warnings and errors in 472.404µs
[2026-08-25T14:41:04Z INFO  tinymist_preview] Preview("le66pg"): received notification: signal(false, true), when OnType
[2026-08-25T14:41:04Z INFO  tinymist_project::compiler] /home/rtinfew/Downloads/test.typ: compilation failed with 1 warnings and errors in 494.627µs
[2026-08-25T14:41:04Z INFO  tinymist_preview] Preview("le66pg"): received notification: signal(false, true), when OnType
[2026-08-25T14:41:04Z INFO  tinymist_project::compiler] /home/rtinfew/Downloads/test.typ: compilation failed with 1 warnings and errors in 601.389µs
[2026-08-25T14:41:04Z INFO  tinymist_preview] Preview("le66pg"): received notification: signal(false, true), when OnType
[2026-08-25T14:41:04Z INFO  tinymist_project::compiler] /home/rtinfew/Downloads/test.typ: compilation failed with 1 warnings and errors in 875.078µs
[2026-08-25T14:41:04Z INFO  tinymist_preview] Preview("le66pg"): received notification: signal(false, true), when OnType
[2026-08-25T14:41:04Z INFO  tinymist_project::compiler] /home/rtinfew/Downloads/test.typ: compilation failed with 1 warnings and errors in 675.373µs
[2026-08-25T14:41:04Z INFO  tinymist_preview] Preview("le66pg"): received notification: signal(false, true), when OnType
[2026-08-25T14:41:04Z INFO  tinymist_project::compiler] /home/rtinfew/Downloads/test.typ: compilation failed with 1 warnings and errors in 260.097µs
[2026-08-25T14:41:04Z INFO  tinymist_preview] Preview("le66pg"): received notification: signal(false, true), when OnType
[2026-08-25T14:41:04Z INFO  tinymist_project::compiler] /home/rtinfew/Downloads/test.typ: compilation failed with 1 warnings and errors in 200.555µs
[2026-08-25T14:41:04Z INFO  tinymist_preview] Preview("le66pg"): received notification: signal(false, true), when OnType
[2026-08-25T14:41:05Z INFO  tinymist_project::compiler] /home/rtinfew/Downloads/test.typ: compilation failed with 1 warnings and errors in 186.049µs
[2026-08-25T14:41:05Z INFO  tinymist_preview] Preview("le66pg"): received notification: signal(false, true), when OnType
[2026-08-25T14:41:05Z INFO  tinymist_project::compiler] /home/rtinfew/Downloads/test.typ: compilation failed with 1 warnings and errors in 371.476µs
[2026-08-25T14:41:05Z INFO  tinymist_preview] Preview("le66pg"): received notification: signal(false, true), when OnType
[2026-08-25T14:41:05Z INFO  tinymist_project::compiler] /home/rtinfew/Downloads/test.typ: compilation failed with 1 warnings and errors in 3.174401ms
[2026-08-25T14:41:05Z INFO  tinymist_preview] Preview("le66pg"): received notification: signal(false, true), when OnType
[2026-08-25T14:41:05Z INFO  tinymist_project::compiler] /home/rtinfew/Downloads/test.typ: compilation failed with 1 warnings and errors in 489.619µs
[2026-08-25T14:41:05Z INFO  tinymist_preview] Preview("le66pg"): received notification: signal(false, true), when OnType
[2026-08-25T14:41:05Z INFO  tinymist_project::compiler] /home/rtinfew/Downloads/test.typ: compilation failed with 1 warnings and errors in 407.526µs
[2026-08-25T14:41:05Z INFO  tinymist_preview] Preview("le66pg"): received notification: signal(false, true), when OnType
[2026-08-25T14:41:05Z INFO  tinymist_project::compiler] /home/rtinfew/Downloads/test.typ: compilation failed with 1 warnings and errors in 495.904µs
[2026-08-25T14:41:05Z INFO  tinymist_preview] Preview("le66pg"): received notification: signal(false, true), when OnType
[2026-08-25T14:41:05Z INFO  tinymist_project::compiler] /home/rtinfew/Downloads/test.typ: compilation failed with 1 warnings and errors in 507.832µs
[2026-08-25T14:41:05Z INFO  tinymist_preview] Preview("le66pg"): received notification: signal(false, true), when OnType
[2026-08-25T14:41:05Z INFO  tinymist_project::compiler] /home/rtinfew/Downloads/test.typ: compilation failed with 1 warnings and errors in 576.191µs
[2026-08-25T14:41:05Z INFO  tinymist_preview] Preview("le66pg"): received notification: signal(false, true), when OnType
[2026-08-25T14:41:05Z INFO  tinymist_project::compiler] /home/rtinfew/Downloads/test.typ: compilation failed with 1 warnings and errors in 658.274µs
[2026-08-25T14:41:05Z INFO  tinymist_preview] Preview("le66pg"): received notification: signal(false, true), when OnType
[2026-08-25T14:41:05Z INFO  tinymist_project::compiler] /home/rtinfew/Downloads/test.typ: compilation failed with 1 warnings and errors in 974.032µs
[2026-08-25T14:41:05Z INFO  tinymist_preview] Preview("le66pg"): received notification: signal(false, true), when OnType
[2026-08-25T14:41:05Z INFO  tinymist_project::compiler] /home/rtinfew/Downloads/test.typ: compilation failed with 1 warnings and errors in 254.366µs
[2026-08-25T14:41:05Z INFO  tinymist_preview] Preview("le66pg"): received notification: signal(false, true), when OnType
[2026-08-25T14:41:05Z INFO  tinymist_project::compiler] /home/rtinfew/Downloads/test.typ: compilation failed with 1 warnings and errors in 186.1µs
[2026-08-25T14:41:05Z INFO  tinymist_preview] Preview("le66pg"): received notification: signal(false, true), when OnType
[2026-08-25T14:41:05Z INFO  tinymist_project::compiler] /home/rtinfew/Downloads/test.typ: compilation failed with 1 warnings and errors in 240.902µs
[2026-08-25T14:41:05Z INFO  tinymist_preview] Preview("le66pg"): received notification: signal(false, true), when OnType
[2026-08-25T14:41:05Z INFO  tinymist_project::compiler] /home/rtinfew/Downloads/test.typ: compilation failed with 1 warnings and errors in 324.824µs
[2026-08-25T14:41:05Z INFO  tinymist_preview] Preview("le66pg"): received notification: signal(false, true), when OnType
[2026-08-25T14:41:05Z INFO  tinymist_project::compiler] /home/rtinfew/Downloads/test.typ: compilation failed with 1 warnings and errors in 407.858µs
[2026-08-25T14:41:05Z INFO  tinymist_preview] Preview("le66pg"): received notification: signal(false, true), when OnType
[2026-08-25T14:41:05Z INFO  tinymist_project::compiler] /home/rtinfew/Downloads/test.typ: compilation failed with 1 warnings and errors in 694.812µs
[2026-08-25T14:41:05Z INFO  tinymist_preview] Preview("le66pg"): received notification: signal(false, true), when OnType
[2026-08-25T14:41:05Z INFO  tinymist_project::compiler] /home/rtinfew/Downloads/test.typ: compilation failed with 1 warnings and errors in 383.578µs
[2026-08-25T14:41:05Z INFO  tinymist_preview] Preview("le66pg"): received notification: signal(false, true), when OnType
[2026-08-25T14:41:05Z INFO  tinymist_project::compiler] /home/rtinfew/Downloads/test.typ: compilation failed with 1 warnings and errors in 474.066µs
[2026-08-25T14:41:05Z INFO  tinymist_preview] Preview("le66pg"): received notification: signal(false, true), when OnType
[2026-08-25T14:41:05Z INFO  tinymist_project::compiler] /home/rtinfew/Downloads/test.typ: compilation failed with 1 warnings and errors in 483.041µs
[2026-08-25T14:41:05Z INFO  tinymist_preview] Preview("le66pg"): received notification: signal(false, true), when OnType
[2026-08-25T14:41:06Z INFO  tinymist_project::compiler] /home/rtinfew/Downloads/test.typ: compilation failed with 1 warnings and errors in 446.075µs
[2026-08-25T14:41:06Z INFO  tinymist_preview] Preview("le66pg"): received notification: signal(false, true), when OnType
[2026-08-25T14:41:06Z INFO  tinymist_project::compiler] /home/rtinfew/Downloads/test.typ: compilation failed with 1 warnings and errors in 524.955µs
[2026-08-25T14:41:06Z INFO  tinymist_preview] Preview("le66pg"): received notification: signal(false, true), when OnType
[2026-08-25T14:41:06Z INFO  tinymist_project::compiler] /home/rtinfew/Downloads/test.typ: compilation failed with 1 warnings and errors in 533.391µs
[2026-08-25T14:41:06Z INFO  tinymist_preview] Preview("le66pg"): received notification: signal(false, true), when OnType
[2026-08-25T14:41:06Z INFO  tinymist_project::compiler] /home/rtinfew/Downloads/test.typ: compilation failed with 1 warnings and errors in 494.215µs
[2026-08-25T14:41:06Z INFO  tinymist_preview] Preview("le66pg"): received notification: signal(false, true), when OnType
[2026-08-25T14:41:06Z INFO  tinymist_project::compiler] /home/rtinfew/Downloads/test.typ: compilation failed with 1 warnings and errors in 480.788µs
[2026-08-25T14:41:06Z INFO  tinymist_preview] Preview("le66pg"): received notification: signal(false, true), when OnType
[2026-08-25T14:41:06Z INFO  tinymist_project::compiler] /home/rtinfew/Downloads/test.typ: compilation failed with 1 warnings and errors in 532.406µs
[2026-08-25T14:41:06Z INFO  tinymist_preview] Preview("le66pg"): received notification: signal(false, true), when OnType
[2026-08-25T14:41:06Z INFO  tinymist_project::compiler] /home/rtinfew/Downloads/test.typ: compilation failed with 1 warnings and errors in 626.22µs
[2026-08-25T14:41:06Z INFO  tinymist_preview] Preview("le66pg"): received notification: signal(false, true), when OnType
[2026-08-25T14:41:06Z INFO  tinymist_project::compiler] /home/rtinfew/Downloads/test.typ: compilation failed with 1 warnings and errors in 548.82µs
[2026-08-25T14:41:06Z INFO  tinymist_preview] Preview("le66pg"): received notification: signal(false, true), when OnType
[2026-08-25T14:41:06Z INFO  tinymist_project::compiler] /home/rtinfew/Downloads/test.typ: compilation failed with 1 warnings and errors in 459.623µs
[2026-08-25T14:41:06Z INFO  tinymist_preview] Preview("le66pg"): received notification: signal(false, true), when OnType
[2026-08-25T14:41:06Z INFO  tinymist_project::compiler] /home/rtinfew/Downloads/test.typ: compilation failed with 1 warnings and errors in 457.338µs
[2026-08-25T14:41:06Z INFO  tinymist_preview] Preview("le66pg"): received notification: signal(false, true), when OnType
[2026-08-25T14:41:06Z INFO  tinymist_project::compiler] /home/rtinfew/Downloads/test.typ: compilation failed with 1 warnings and errors in 205.091µs
[2026-08-25T14:41:06Z INFO  tinymist_preview] Preview("le66pg"): received notification: signal(false, true), when OnType
[2026-08-25T14:41:06Z INFO  tinymist_project::compiler] /home/rtinfew/Downloads/test.typ: compilation failed with 1 warnings and errors in 469.658µs
[2026-08-25T14:41:06Z INFO  tinymist_preview] Preview("le66pg"): received notification: signal(false, true), when OnType
[2026-08-25T14:41:06Z INFO  tinymist_project::compiler] /home/rtinfew/Downloads/test.typ: compilation failed with 1 warnings and errors in 189.348µs
[2026-08-25T14:41:06Z INFO  tinymist_preview] Preview("le66pg"): received notification: signal(false, true), when OnType
[2026-08-25T14:41:06Z INFO  tinymist_project::compiler] /home/rtinfew/Downloads/test.typ: compilation failed with 1 warnings and errors in 201.844µs
[2026-08-25T14:41:06Z INFO  tinymist_preview] Preview("le66pg"): received notification: signal(false, true), when OnType
[2026-08-25T14:41:06Z INFO  tinymist_project::compiler] /home/rtinfew/Downloads/test.typ: compilation failed with 1 warnings and errors in 197.874µs
[2026-08-25T14:41:06Z INFO  tinymist_preview] Preview("le66pg"): received notification: signal(false, true), when OnType
[2026-08-25T14:41:06Z INFO  tinymist_project::compiler] /home/rtinfew/Downloads/test.typ: compilation failed with 1 warnings and errors in 201.847µs
[2026-08-25T14:41:06Z INFO  tinymist_preview] Preview("le66pg"): received notification: signal(false, true), when OnType
[2026-08-25T14:41:06Z INFO  tinymist_project::compiler] /home/rtinfew/Downloads/test.typ: compilation failed with 1 warnings and errors in 487.844µs
[2026-08-25T14:41:06Z INFO  tinymist_preview] Preview("le66pg"): received notification: signal(false, true), when OnType
[2026-08-25T14:41:06Z INFO  tinymist_project::compiler] /home/rtinfew/Downloads/test.typ: compilation failed with 1 warnings and errors in 712.961µs
[2026-08-25T14:41:06Z INFO  tinymist_preview] Preview("le66pg"): received notification: signal(false, true), when OnType
[2026-08-25T14:41:06Z INFO  tinymist_project::compiler] /home/rtinfew/Downloads/test.typ: compilation failed with 1 warnings and errors in 716.009µs
[2026-08-25T14:41:06Z INFO  tinymist_preview] Preview("le66pg"): received notification: signal(false, true), when OnType
[2026-08-25T14:41:07Z INFO  tinymist_project::compiler] /home/rtinfew/Downloads/test.typ: compilation failed with 1 warnings and errors in 464.519µs
[2026-08-25T14:41:07Z INFO  tinymist_preview] Preview("le66pg"): received notification: signal(false, true), when OnType
[2026-08-25T14:41:07Z INFO  tinymist_project::compiler] /home/rtinfew/Downloads/test.typ: compilation failed with 1 warnings and errors in 475.307µs
[2026-08-25T14:41:07Z INFO  tinymist_preview] Preview("le66pg"): received notification: signal(false, true), when OnType
[2026-08-25T14:41:07Z INFO  tinymist_project::compiler] /home/rtinfew/Downloads/test.typ: compilation failed with 1 warnings and errors in 458.932µs
[2026-08-25T14:41:07Z INFO  tinymist_preview] Preview("le66pg"): received notification: signal(false, true), when OnType
[2026-08-25T14:41:07Z INFO  tinymist_project::compiler] /home/rtinfew/Downloads/test.typ: compilation failed with 1 warnings and errors in 467.611µs
[2026-08-25T14:41:07Z INFO  tinymist_preview] Preview("le66pg"): received notification: signal(false, true), when OnType
[2026-08-25T14:41:07Z INFO  tinymist_project::compiler] /home/rtinfew/Downloads/test.typ: compilation failed with 1 warnings and errors in 636.521µs
[2026-08-25T14:41:07Z INFO  tinymist_preview] Preview("le66pg"): received notification: signal(false, true), when OnType
[2026-08-25T14:41:07Z INFO  tinymist_project::compiler] /home/rtinfew/Downloads/test.typ: compilation failed with 1 warnings and errors in 559.515µs
[2026-08-25T14:41:07Z INFO  tinymist_preview] Preview("le66pg"): received notification: signal(false, true), when OnType
[2026-08-25T14:41:07Z INFO  tinymist_project::compiler] /home/rtinfew/Downloads/test.typ: compilation failed with 1 warnings and errors in 577.531µs
[2026-08-25T14:41:07Z INFO  tinymist_preview] Preview("le66pg"): received notification: signal(false, true), when OnType
[2026-08-25T14:41:07Z INFO  tinymist_project::compiler] /home/rtinfew/Downloads/test.typ: compilation failed with 1 warnings and errors in 433.882µs
[2026-08-25T14:41:07Z INFO  tinymist_preview] Preview("le66pg"): received notification: signal(false, true), when OnType
[2026-08-25T14:41:07Z INFO  tinymist_project::compiler] /home/rtinfew/Downloads/test.typ: compilation failed with 1 warnings and errors in 513.539µs
[2026-08-25T14:41:07Z INFO  tinymist_preview] Preview("le66pg"): received notification: signal(false, true), when OnType
[2026-08-25T14:41:07Z INFO  tinymist_project::compiler] /home/rtinfew/Downloads/test.typ: compilation failed with 1 warnings and errors in 581.446µs
[2026-08-25T14:41:07Z INFO  tinymist_preview] Preview("le66pg"): received notification: signal(false, true), when OnType
[2026-08-25T14:41:07Z INFO  tinymist_project::compiler] /home/rtinfew/Downloads/test.typ: compilation failed with 1 warnings and errors in 702.289µs
[2026-08-25T14:41:07Z INFO  tinymist_preview] Preview("le66pg"): received notification: signal(false, true), when OnType
[2026-08-25T14:41:07Z INFO  tinymist_project::compiler] /home/rtinfew/Downloads/test.typ: compilation failed with 1 warnings and errors in 575.24µs
[2026-08-25T14:41:07Z INFO  tinymist_preview] Preview("le66pg"): received notification: signal(false, true), when OnType
[2026-08-25T14:41:07Z INFO  tinymist_project::compiler] /home/rtinfew/Downloads/test.typ: compilation failed with 1 warnings and errors in 571.915µs
[2026-08-25T14:41:07Z INFO  tinymist_preview] Preview("le66pg"): received notification: signal(false, true), when OnType
[2026-08-25T14:41:07Z INFO  tinymist_project::compiler] /home/rtinfew/Downloads/test.typ: compilation failed with 1 warnings and errors in 556.343µs
[2026-08-25T14:41:07Z INFO  tinymist_preview] Preview("le66pg"): received notification: signal(false, true), when OnType
[2026-08-25T14:41:07Z INFO  tinymist_project::compiler] /home/rtinfew/Downloads/test.typ: compilation failed with 1 warnings and errors in 456.031µs
[2026-08-25T14:41:07Z INFO  tinymist_preview] Preview("le66pg"): received notification: signal(false, true), when OnType
[2026-08-25T14:41:07Z INFO  tinymist_project::compiler] /home/rtinfew/Downloads/test.typ: compilation failed with 1 warnings and errors in 520.903µs
[2026-08-25T14:41:07Z INFO  tinymist_preview] Preview("le66pg"): received notification: signal(false, true), when OnType
[2026-08-25T14:41:07Z INFO  tinymist_project::compiler] /home/rtinfew/Downloads/test.typ: compilation failed with 1 warnings and errors in 454.105µs
[2026-08-25T14:41:07Z INFO  tinymist_preview] Preview("le66pg"): received notification: signal(false, true), when OnType
[2026-08-25T14:41:07Z INFO  tinymist_project::compiler] /home/rtinfew/Downloads/test.typ: compilation failed with 1 warnings and errors in 335.009µs
[2026-08-25T14:41:07Z INFO  tinymist_preview] Preview("le66pg"): received notification: signal(false, true), when OnType
[2026-08-25T14:41:07Z INFO  tinymist_project::compiler] /home/rtinfew/Downloads/test.typ: compilation failed with 1 warnings and errors in 266.525µs
[2026-08-25T14:41:07Z INFO  tinymist_preview] Preview("le66pg"): received notification: signal(false, true), when OnType
[2026-08-25T14:41:08Z INFO  tinymist_project::compiler] /home/rtinfew/Downloads/test.typ: compilation failed with 1 warnings and errors in 254.303µs
[2026-08-25T14:41:08Z INFO  tinymist_preview] Preview("le66pg"): received notification: signal(false, true), when OnType
[2026-08-25T14:41:08Z INFO  tinymist_project::compiler] /home/rtinfew/Downloads/test.typ: compilation failed with 1 warnings and errors in 186.4µs
[2026-08-25T14:41:08Z INFO  tinymist_preview] Preview("le66pg"): received notification: signal(false, true), when OnType
[2026-08-25T14:41:08Z INFO  tinymist_project::compiler] /home/rtinfew/Downloads/test.typ: compilation failed with 1 warnings and errors in 337.079µs
[2026-08-25T14:41:08Z INFO  tinymist_preview] Preview("le66pg"): received notification: signal(false, true), when OnType
[2026-08-25T14:41:08Z INFO  tinymist_project::compiler] /home/rtinfew/Downloads/test.typ: compilation failed with 1 warnings and errors in 240.723µs
[2026-08-25T14:41:08Z INFO  tinymist_preview] Preview("le66pg"): received notification: signal(false, true), when OnType
[2026-08-25T14:41:08Z INFO  tinymist_project::compiler] /home/rtinfew/Downloads/test.typ: compilation failed with 1 warnings and errors in 254.569µs
[2026-08-25T14:41:08Z INFO  tinymist_preview] Preview("le66pg"): received notification: signal(false, true), when OnType
[2026-08-25T14:41:08Z INFO  tinymist_project::compiler] /home/rtinfew/Downloads/test.typ: compilation failed with 1 warnings and errors in 197.714µs
[2026-08-25T14:41:08Z INFO  tinymist_preview] Preview("le66pg"): received notification: signal(false, true), when OnType
[2026-08-25T14:41:08Z INFO  tinymist_project::compiler] /home/rtinfew/Downloads/test.typ: compilation failed with 1 warnings and errors in 249.961µs
[2026-08-25T14:41:08Z INFO  tinymist_preview] Preview("le66pg"): received notification: signal(false, true), when OnType
[2026-08-25T14:41:08Z INFO  tinymist_project::compiler] /home/rtinfew/Downloads/test.typ: compilation failed with 1 warnings and errors in 295.018µs
[2026-08-25T14:41:08Z INFO  tinymist_preview] Preview("le66pg"): received notification: signal(false, true), when OnType
[2026-08-25T14:41:08Z INFO  tinymist_project::compiler] /home/rtinfew/Downloads/test.typ: compilation failed with 1 warnings and errors in 716.664µs
[2026-08-25T14:41:08Z INFO  tinymist_preview] Preview("le66pg"): received notification: signal(false, true), when OnType
[2026-08-25T14:41:08Z INFO  tinymist_project::compiler] /home/rtinfew/Downloads/test.typ: compilation failed with 1 warnings and errors in 203.52µs
[2026-08-25T14:41:08Z INFO  tinymist_preview] Preview("le66pg"): received notification: signal(false, true), when OnType
[2026-08-25T14:41:08Z INFO  tinymist_project::compiler] /home/rtinfew/Downloads/test.typ: compilation failed with 1 warnings and errors in 382.432µs
[2026-08-25T14:41:08Z INFO  tinymist_preview] Preview("le66pg"): received notification: signal(false, true), when OnType
[2026-08-25T14:41:08Z INFO  tinymist_project::compiler] /home/rtinfew/Downloads/test.typ: compilation failed with 1 warnings and errors in 616.935µs
[2026-08-25T14:41:08Z INFO  tinymist_preview] Preview("le66pg"): received notification: signal(false, true), when OnType
[2026-08-25T14:41:08Z INFO  tinymist_project::compiler] /home/rtinfew/Downloads/test.typ: compilation failed with 1 warnings and errors in 294.055µs
[2026-08-25T14:41:08Z INFO  tinymist_preview] Preview("le66pg"): received notification: signal(false, true), when OnType
[2026-08-25T14:41:08Z INFO  tinymist_project::compiler] /home/rtinfew/Downloads/test.typ: compilation failed with 1 warnings and errors in 330.399µs
[2026-08-25T14:41:08Z INFO  tinymist_preview] Preview("le66pg"): received notification: signal(false, true), when OnType
[2026-08-25T14:41:08Z INFO  tinymist_project::compiler] /home/rtinfew/Downloads/test.typ: compilation failed with 1 warnings and errors in 1.071723ms
[2026-08-25T14:41:08Z INFO  tinymist_preview] Preview("le66pg"): received notification: signal(false, true), when OnType
[2026-08-25T14:41:08Z INFO  tinymist_project::compiler] /home/rtinfew/Downloads/test.typ: compilation failed with 1 warnings and errors in 458.823µs
[2026-08-25T14:41:08Z INFO  tinymist_preview] Preview("le66pg"): received notification: signal(false, true), when OnType
[2026-08-25T14:41:08Z INFO  tinymist_project::compiler] /home/rtinfew/Downloads/test.typ: compilation failed with 1 warnings and errors in 1.044819ms
[2026-08-25T14:41:08Z INFO  tinymist_preview] Preview("le66pg"): received notification: signal(false, true), when OnType
[2026-08-25T14:41:08Z INFO  tinymist_project::compiler] /home/rtinfew/Downloads/test.typ: compilation failed with 1 warnings and errors in 537.652µs
[2026-08-25T14:41:08Z INFO  tinymist_preview] Preview("le66pg"): received notification: signal(false, true), when OnType
[2026-08-25T14:41:08Z INFO  tinymist_project::compiler] /home/rtinfew/Downloads/test.typ: compilation failed with 1 warnings and errors in 189.538µs
[2026-08-25T14:41:08Z INFO  tinymist_preview] Preview("le66pg"): received notification: signal(false, true), when OnType
[2026-08-25T14:41:09Z INFO  tinymist_project::compiler] /home/rtinfew/Downloads/test.typ: compilation failed with 1 warnings and errors in 219.173µs
[2026-08-25T14:41:09Z INFO  tinymist_preview] Preview("le66pg"): received notification: signal(false, true), when OnType
[2026-08-25T14:41:09Z INFO  tinymist_project::compiler] /home/rtinfew/Downloads/test.typ: compilation failed with 1 warnings and errors in 372.113µs
[2026-08-25T14:41:09Z INFO  tinymist_preview] Preview("le66pg"): received notification: signal(false, true), when OnType
[2026-08-25T14:41:09Z INFO  tinymist_project::compiler] /home/rtinfew/Downloads/test.typ: compilation failed with 1 warnings and errors in 670.068µs
[2026-08-25T14:41:09Z INFO  tinymist_preview] Preview("le66pg"): received notification: signal(false, true), when OnType
[2026-08-25T14:41:09Z INFO  tinymist_project::compiler] /home/rtinfew/Downloads/test.typ: compilation failed with 1 warnings and errors in 310.359µs
[2026-08-25T14:41:09Z INFO  tinymist_preview] Preview("le66pg"): received notification: signal(false, true), when OnType
[2026-08-25T14:41:09Z INFO  tinymist_project::compiler] /home/rtinfew/Downloads/test.typ: compilation failed with 1 warnings and errors in 183.218µs
[2026-08-25T14:41:09Z INFO  tinymist_preview] Preview("le66pg"): received notification: signal(false, true), when OnType
[2026-08-25T14:41:09Z INFO  tinymist_project::compiler] /home/rtinfew/Downloads/test.typ: compilation failed with 1 warnings and errors in 259.831µs
[2026-08-25T14:41:09Z INFO  tinymist_preview] Preview("le66pg"): received notification: signal(false, true), when OnType
[2026-08-25T14:41:09Z INFO  tinymist_project::compiler] /home/rtinfew/Downloads/test.typ: compilation failed with 1 warnings and errors in 277.886µs
[2026-08-25T14:41:09Z INFO  tinymist_preview] Preview("le66pg"): received notification: signal(false, true), when OnType
[2026-08-25T14:41:09Z INFO  tinymist_project::compiler] /home/rtinfew/Downloads/test.typ: compilation failed with 1 warnings and errors in 2.729597ms
[2026-08-25T14:41:09Z INFO  tinymist_preview] Preview("le66pg"): received notification: signal(false, true), when OnType
[2026-08-25T14:41:09Z INFO  tinymist_project::compiler] /home/rtinfew/Downloads/test.typ: compilation failed with 1 warnings and errors in 225.758µs
[2026-08-25T14:41:09Z INFO  tinymist_preview] Preview("le66pg"): received notification: signal(false, true), when OnType
[2026-08-25T14:41:09Z INFO  tinymist_project::compiler] /home/rtinfew/Downloads/test.typ: compilation failed with 1 warnings and errors in 225.121µs
[2026-08-25T14:41:09Z INFO  tinymist_preview] Preview("le66pg"): received notification: signal(false, true), when OnType
[2026-08-25T14:41:09Z INFO  tinymist_project::compiler] /home/rtinfew/Downloads/test.typ: compilation failed with 1 warnings and errors in 182.269µs
[2026-08-25T14:41:09Z INFO  tinymist_preview] Preview("le66pg"): received notification: signal(false, true), when OnType
[2026-08-25T14:41:09Z INFO  tinymist_project::compiler] /home/rtinfew/Downloads/test.typ: compilation failed with 1 warnings and errors in 291.493µs
[2026-08-25T14:41:09Z INFO  tinymist_preview] Preview("le66pg"): received notification: signal(false, true), when OnType
[2026-08-25T14:41:09Z INFO  tinymist_project::compiler] /home/rtinfew/Downloads/test.typ: compilation failed with 1 warnings and errors in 1.661434ms
[2026-08-25T14:41:09Z INFO  tinymist_preview] Preview("le66pg"): received notification: signal(false, true), when OnType
[2026-08-25T14:41:09Z INFO  tinymist_project::compiler] /home/rtinfew/Downloads/test.typ: compilation failed with 1 warnings and errors in 196.267µs
[2026-08-25T14:41:09Z INFO  tinymist_preview] Preview("le66pg"): received notification: signal(false, true), when OnType
[2026-08-25T14:41:09Z INFO  tinymist_project::compiler] /home/rtinfew/Downloads/test.typ: compilation failed with 1 warnings and errors in 199.557µs
[2026-08-25T14:41:09Z INFO  tinymist_preview] Preview("le66pg"): received notification: signal(false, true), when OnType
[2026-08-25T14:41:09Z INFO  tinymist_project::compiler] /home/rtinfew/Downloads/test.typ: compilation failed with 1 warnings and errors in 1.346518ms
[2026-08-25T14:41:09Z INFO  tinymist_preview] Preview("le66pg"): received notification: signal(false, true), when OnType
[2026-08-25T14:41:09Z INFO  tinymist_project::compiler] /home/rtinfew/Downloads/test.typ: compilation failed with 1 warnings and errors in 195.532µs
[2026-08-25T14:41:09Z INFO  tinymist_preview] Preview("le66pg"): received notification: signal(false, true), when OnType
[2026-08-25T14:41:09Z INFO  tinymist_project::compiler] /home/rtinfew/Downloads/test.typ: compilation failed with 1 warnings and errors in 303.811µs
[2026-08-25T14:41:09Z INFO  tinymist_preview] Preview("le66pg"): received notification: signal(false, true), when OnType
[2026-08-25T14:41:09Z INFO  tinymist_project::compiler] /home/rtinfew/Downloads/test.typ: compilation failed with 1 warnings and errors in 181.093µs
[2026-08-25T14:41:09Z INFO  tinymist_preview] Preview("le66pg"): received notification: signal(false, true), when OnType
[2026-08-25T14:41:10Z INFO  tinymist_project::compiler] /home/rtinfew/Downloads/test.typ: compilation failed with 1 warnings and errors in 1.367267ms
[2026-08-25T14:41:10Z INFO  tinymist_preview] Preview("le66pg"): received notification: signal(false, true), when OnType
[2026-08-25T14:41:10Z INFO  tinymist_project::compiler] /home/rtinfew/Downloads/test.typ: compilation failed with 1 warnings and errors in 284.368µs
[2026-08-25T14:41:10Z INFO  tinymist_preview] Preview("le66pg"): received notification: signal(false, true), when OnType
[2026-08-25T14:41:10Z INFO  tinymist_project::compiler] /home/rtinfew/Downloads/test.typ: compilation failed with 1 warnings and errors in 398.606µs
[2026-08-25T14:41:10Z INFO  tinymist_preview] Preview("le66pg"): received notification: signal(false, true), when OnType
[2026-08-25T14:41:10Z INFO  tinymist_project::compiler] /home/rtinfew/Downloads/test.typ: compilation failed with 1 warnings and errors in 396.016µs
[2026-08-25T14:41:10Z INFO  tinymist_preview] Preview("le66pg"): received notification: signal(false, true), when OnType
[2026-08-25T14:41:10Z INFO  tinymist_project::compiler] /home/rtinfew/Downloads/test.typ: compilation failed with 1 warnings and errors in 386.276µs
[2026-08-25T14:41:10Z INFO  tinymist_preview] Preview("le66pg"): received notification: signal(false, true), when OnType
[2026-08-25T14:41:10Z INFO  tinymist_project::compiler] /home/rtinfew/Downloads/test.typ: compilation failed with 1 warnings and errors in 394.2µs
[2026-08-25T14:41:10Z INFO  tinymist_preview] Preview("le66pg"): received notification: signal(false, true), when OnType
[2026-08-25T14:41:10Z INFO  tinymist_project::compiler] /home/rtinfew/Downloads/test.typ: compilation failed with 1 warnings and errors in 352.76µs
[2026-08-25T14:41:10Z INFO  tinymist_preview] Preview("le66pg"): received notification: signal(false, true), when OnType
[2026-08-25T14:41:10Z INFO  tinymist_project::compiler] /home/rtinfew/Downloads/test.typ: compilation failed with 1 warnings and errors in 450.227µs
[2026-08-25T14:41:10Z INFO  tinymist_preview] Preview("le66pg"): received notification: signal(false, true), when OnType
[2026-08-25T14:41:10Z INFO  tinymist_project::compiler] /home/rtinfew/Downloads/test.typ: compilation failed with 1 warnings and errors in 466.213µs
[2026-08-25T14:41:10Z INFO  tinymist_preview] Preview("le66pg"): received notification: signal(false, true), when OnType
[2026-08-25T14:41:10Z INFO  tinymist_project::compiler] /home/rtinfew/Downloads/test.typ: compilation failed with 1 warnings and errors in 412.174µs
[2026-08-25T14:41:10Z INFO  tinymist_preview] Preview("le66pg"): received notification: signal(false, true), when OnType
[2026-08-25T14:41:10Z INFO  tinymist_project::compiler] /home/rtinfew/Downloads/test.typ: compilation failed with 1 warnings and errors in 352.165µs
[2026-08-25T14:41:10Z INFO  tinymist_preview] Preview("le66pg"): received notification: signal(false, true), when OnType
[2026-08-25T14:41:10Z INFO  tinymist_project::compiler] /home/rtinfew/Downloads/test.typ: compilation failed with 1 warnings and errors in 384.064µs
[2026-08-25T14:41:10Z INFO  tinymist_preview] Preview("le66pg"): received notification: signal(false, true), when OnType
[2026-08-25T14:41:10Z INFO  tinymist_project::compiler] /home/rtinfew/Downloads/test.typ: compilation failed with 1 warnings and errors in 383.805µs
[2026-08-25T14:41:10Z INFO  tinymist_preview] Preview("le66pg"): received notification: signal(false, true), when OnType
[2026-08-25T14:41:10Z INFO  tinymist_project::compiler] /home/rtinfew/Downloads/test.typ: compilation failed with 1 warnings and errors in 402.768µs
[2026-08-25T14:41:10Z INFO  tinymist_preview] Preview("le66pg"): received notification: signal(false, true), when OnType
[2026-08-25T14:41:10Z INFO  tinymist_project::compiler] /home/rtinfew/Downloads/test.typ: compilation failed with 1 warnings and errors in 916.749µs
[2026-08-25T14:41:10Z INFO  tinymist_preview] Preview("le66pg"): received notification: signal(false, true), when OnType
[2026-08-25T14:41:10Z INFO  tinymist_project::compiler] /home/rtinfew/Downloads/test.typ: compilation failed with 1 warnings and errors in 446.45µs
[2026-08-25T14:41:10Z INFO  tinymist_preview] Preview("le66pg"): received notification: signal(false, true), when OnType
[2026-08-25T14:41:10Z INFO  tinymist_project::compiler] /home/rtinfew/Downloads/test.typ: compilation failed with 1 warnings and errors in 441.614µs
[2026-08-25T14:41:10Z INFO  tinymist_preview] Preview("le66pg"): received notification: signal(false, true), when OnType
[2026-08-25T14:41:10Z INFO  tinymist_project::compiler] /home/rtinfew/Downloads/test.typ: compilation failed with 1 warnings and errors in 335.455µs
[2026-08-25T14:41:10Z INFO  tinymist_preview] Preview("le66pg"): received notification: signal(false, true), when OnType
[2026-08-25T14:41:10Z INFO  tinymist_project::compiler] /home/rtinfew/Downloads/test.typ: compilation failed with 1 warnings and errors in 219.756µs
[2026-08-25T14:41:10Z INFO  tinymist_preview] Preview("le66pg"): received notification: signal(false, true), when OnType
[2026-08-25T14:41:11Z INFO  tinymist_project::compiler] /home/rtinfew/Downloads/test.typ: compilation failed with 1 warnings and errors in 580.897µs
[2026-08-25T14:41:11Z INFO  tinymist_preview] Preview("le66pg"): received notification: signal(false, true), when OnType
[2026-08-25T14:41:11Z INFO  tinymist_project::compiler] /home/rtinfew/Downloads/test.typ: compilation failed with 1 warnings and errors in 290.213µs
[2026-08-25T14:41:11Z INFO  tinymist_preview] Preview("le66pg"): received notification: signal(false, true), when OnType
[2026-08-25T14:41:11Z INFO  tinymist_project::compiler] /home/rtinfew/Downloads/test.typ: compilation failed with 1 warnings and errors in 442.017µs
[2026-08-25T14:41:11Z INFO  tinymist_preview] Preview("le66pg"): received notification: signal(false, true), when OnType
[2026-08-25T14:41:11Z INFO  tinymist_project::compiler] /home/rtinfew/Downloads/test.typ: compilation failed with 1 warnings and errors in 475.919µs
[2026-08-25T14:41:11Z INFO  tinymist_preview] Preview("le66pg"): received notification: signal(false, true), when OnType
[2026-08-25T14:41:11Z INFO  tinymist_project::compiler] /home/rtinfew/Downloads/test.typ: compilation failed with 1 warnings and errors in 400.686µs
[2026-08-25T14:41:11Z INFO  tinymist_preview] Preview("le66pg"): received notification: signal(false, true), when OnType
[2026-08-25T14:41:11Z INFO  tinymist_project::compiler] /home/rtinfew/Downloads/test.typ: compilation failed with 1 warnings and errors in 376.153µs
[2026-08-25T14:41:11Z INFO  tinymist_preview] Preview("le66pg"): received notification: signal(false, true), when OnType
[2026-08-25T14:41:11Z INFO  tinymist_project::compiler] /home/rtinfew/Downloads/test.typ: compilation failed with 1 warnings and errors in 355.453µs
[2026-08-25T14:41:11Z INFO  tinymist_preview] Preview("le66pg"): received notification: signal(false, true), when OnType
[2026-08-25T14:41:11Z INFO  tinymist_project::compiler] /home/rtinfew/Downloads/test.typ: compilation failed with 1 warnings and errors in 331.335µs
[2026-08-25T14:41:11Z INFO  tinymist_preview] Preview("le66pg"): received notification: signal(false, true), when OnType
[2026-08-25T14:41:11Z INFO  tinymist_project::compiler] /home/rtinfew/Downloads/test.typ: compilation failed with 1 warnings and errors in 324.475µs
[2026-08-25T14:41:11Z INFO  tinymist_preview] Preview("le66pg"): received notification: signal(false, true), when OnType
[2026-08-25T14:41:11Z INFO  tinymist_project::compiler] /home/rtinfew/Downloads/test.typ: compilation failed with 1 warnings and errors in 419.386µs
[2026-08-25T14:41:11Z INFO  tinymist_preview] Preview("le66pg"): received notification: signal(false, true), when OnType
[2026-08-25T14:41:11Z INFO  tinymist_project::compiler] /home/rtinfew/Downloads/test.typ: compilation failed with 1 warnings and errors in 338.11µs
[2026-08-25T14:41:11Z INFO  tinymist_preview] Preview("le66pg"): received notification: signal(false, true), when OnType
[2026-08-25T14:41:11Z INFO  tinymist_project::compiler] /home/rtinfew/Downloads/test.typ: compilation failed with 1 warnings and errors in 410.438µs
[2026-08-25T14:41:11Z INFO  tinymist_preview] Preview("le66pg"): received notification: signal(false, true), when OnType
[2026-08-25T14:41:11Z INFO  tinymist_project::compiler] /home/rtinfew/Downloads/test.typ: compilation failed with 1 warnings and errors in 444.595µs
[2026-08-25T14:41:11Z INFO  tinymist_preview] Preview("le66pg"): received notification: signal(false, true), when OnType
[2026-08-25T14:41:11Z INFO  tinymist_project::compiler] /home/rtinfew/Downloads/test.typ: compilation failed with 1 warnings and errors in 417.182µs
[2026-08-25T14:41:11Z INFO  tinymist_preview] Preview("le66pg"): received notification: signal(false, true), when OnType
[2026-08-25T14:41:11Z INFO  tinymist_project::compiler] /home/rtinfew/Downloads/test.typ: compilation failed with 1 warnings and errors in 1.008706ms
[2026-08-25T14:41:11Z INFO  tinymist_preview] Preview("le66pg"): received notification: signal(false, true), when OnType
[2026-08-25T14:41:11Z INFO  tinymist_project::compiler] /home/rtinfew/Downloads/test.typ: compilation failed with 1 warnings and errors in 345.74µs
[2026-08-25T14:41:11Z INFO  tinymist_preview] Preview("le66pg"): received notification: signal(false, true), when OnType
[2026-08-25T14:41:11Z INFO  tinymist_project::compiler] /home/rtinfew/Downloads/test.typ: compilation failed with 1 warnings and errors in 486.019µs
[2026-08-25T14:41:11Z INFO  tinymist_preview] Preview("le66pg"): received notification: signal(false, true), when OnType
[2026-08-25T14:41:11Z INFO  tinymist_project::compiler] /home/rtinfew/Downloads/test.typ: compilation failed with 1 warnings and errors in 381.233µs
[2026-08-25T14:41:11Z INFO  tinymist_preview] Preview("le66pg"): received notification: signal(false, true), when OnType
[2026-08-25T14:41:11Z INFO  tinymist_project::compiler] /home/rtinfew/Downloads/test.typ: compilation failed with 1 warnings and errors in 485.184µs
[2026-08-25T14:41:11Z INFO  tinymist_preview] Preview("le66pg"): received notification: signal(false, true), when OnType
[2026-08-25T14:41:12Z INFO  tinymist_project::compiler] /home/rtinfew/Downloads/test.typ: compilation failed with 1 warnings and errors in 437.579µs
[2026-08-25T14:41:12Z INFO  tinymist_preview] Preview("le66pg"): received notification: signal(false, true), when OnType
[2026-08-25T14:41:12Z INFO  tinymist_project::compiler] /home/rtinfew/Downloads/test.typ: compilation failed with 1 warnings and errors in 433.564µs
[2026-08-25T14:41:12Z INFO  tinymist_preview] Preview("le66pg"): received notification: signal(false, true), when OnType
[2026-08-25T14:41:12Z INFO  tinymist_project::compiler] /home/rtinfew/Downloads/test.typ: compilation failed with 1 warnings and errors in 1.557381ms
[2026-08-25T14:41:12Z INFO  tinymist_preview] Preview("le66pg"): received notification: signal(false, true), when OnType
[2026-08-25T14:41:12Z INFO  tinymist_project::compiler] /home/rtinfew/Downloads/test.typ: compilation failed with 1 warnings and errors in 281.515µs
[2026-08-25T14:41:12Z INFO  tinymist_preview] Preview("le66pg"): received notification: signal(false, true), when OnType
[2026-08-25T14:41:12Z INFO  tinymist_project::compiler] /home/rtinfew/Downloads/test.typ: compilation failed with 1 warnings and errors in 1.638792ms
[2026-08-25T14:41:12Z INFO  tinymist_preview] Preview("le66pg"): received notification: signal(false, true), when OnType
[2026-08-25T14:41:12Z INFO  tinymist_project::compiler] /home/rtinfew/Downloads/test.typ: compilation failed with 1 warnings and errors in 322.509µs
[2026-08-25T14:41:12Z INFO  tinymist_preview] Preview("le66pg"): received notification: signal(false, true), when OnType
[2026-08-25T14:41:12Z INFO  tinymist_project::compiler] /home/rtinfew/Downloads/test.typ: compilation failed with 1 warnings and errors in 663.054µs
[2026-08-25T14:41:12Z INFO  tinymist_preview] Preview("le66pg"): received notification: signal(false, true), when OnType
[2026-08-25T14:41:12Z INFO  tinymist_project::compiler] /home/rtinfew/Downloads/test.typ: compilation failed with 1 warnings and errors in 469.262µs
[2026-08-25T14:41:12Z INFO  tinymist_preview] Preview("le66pg"): received notification: signal(false, true), when OnType
[2026-08-25T14:41:12Z INFO  tinymist_project::compiler] /home/rtinfew/Downloads/test.typ: compilation failed with 1 warnings and errors in 466.024µs
[2026-08-25T14:41:12Z INFO  tinymist_preview] Preview("le66pg"): received notification: signal(false, true), when OnType
[2026-08-25T14:41:12Z INFO  tinymist_project::compiler] /home/rtinfew/Downloads/test.typ: compilation failed with 1 warnings and errors in 494.585µs
[2026-08-25T14:41:12Z INFO  tinymist_preview] Preview("le66pg"): received notification: signal(false, true), when OnType
[2026-08-25T14:41:12Z INFO  tinymist_project::compiler] /home/rtinfew/Downloads/test.typ: compilation failed with 1 warnings and errors in 348.849µs
[2026-08-25T14:41:12Z INFO  tinymist_preview] Preview("le66pg"): received notification: signal(false, true), when OnType
[2026-08-25T14:41:12Z INFO  tinymist_project::compiler] /home/rtinfew/Downloads/test.typ: compilation failed with 1 warnings and errors in 539.075µs
[2026-08-25T14:41:12Z INFO  tinymist_preview] Preview("le66pg"): received notification: signal(false, true), when OnType
[2026-08-25T14:41:12Z INFO  tinymist_project::compiler] /home/rtinfew/Downloads/test.typ: compilation failed with 1 warnings and errors in 525.806µs
[2026-08-25T14:41:12Z INFO  tinymist_preview] Preview("le66pg"): received notification: signal(false, true), when OnType
[2026-08-25T14:41:12Z INFO  tinymist_project::compiler] /home/rtinfew/Downloads/test.typ: compilation failed with 1 warnings and errors in 759.344µs
[2026-08-25T14:41:12Z INFO  tinymist_preview] Preview("le66pg"): received notification: signal(false, true), when OnType
[2026-08-25T14:41:12Z INFO  tinymist_project::compiler] /home/rtinfew/Downloads/test.typ: compilation failed with 1 warnings and errors in 411.525µs
[2026-08-25T14:41:12Z INFO  tinymist_preview] Preview("le66pg"): received notification: signal(false, true), when OnType
[2026-08-25T14:41:12Z INFO  tinymist_project::compiler] /home/rtinfew/Downloads/test.typ: compilation failed with 1 warnings and errors in 495.19µs
[2026-08-25T14:41:12Z INFO  tinymist_preview] Preview("le66pg"): received notification: signal(false, true), when OnType
[2026-08-25T14:41:12Z INFO  tinymist_project::compiler] /home/rtinfew/Downloads/test.typ: compilation failed with 1 warnings and errors in 408.4µs
[2026-08-25T14:41:12Z INFO  tinymist_preview] Preview("le66pg"): received notification: signal(false, true), when OnType
[2026-08-25T14:41:12Z INFO  tinymist_project::compiler] /home/rtinfew/Downloads/test.typ: compilation failed with 1 warnings and errors in 384.648µs
[2026-08-25T14:41:12Z INFO  tinymist_preview] Preview("le66pg"): received notification: signal(false, true), when OnType
[2026-08-25T14:41:12Z INFO  tinymist_project::compiler] /home/rtinfew/Downloads/test.typ: compilation failed with 1 warnings and errors in 503.961µs
[2026-08-25T14:41:12Z INFO  tinymist_preview] Preview("le66pg"): received notification: signal(false, true), when OnType
[2026-08-25T14:41:13Z INFO  tinymist_project::compiler] /home/rtinfew/Downloads/test.typ: compilation failed with 1 warnings and errors in 532.227µs
[2026-08-25T14:41:13Z INFO  tinymist_preview] Preview("le66pg"): received notification: signal(false, true), when OnType
[2026-08-25T14:41:13Z INFO  tinymist_project::compiler] /home/rtinfew/Downloads/test.typ: compilation failed with 1 warnings and errors in 520.843µs
[2026-08-25T14:41:13Z INFO  tinymist_preview] Preview("le66pg"): received notification: signal(false, true), when OnType
[2026-08-25T14:41:13Z INFO  tinymist_project::compiler] /home/rtinfew/Downloads/test.typ: compilation failed with 1 warnings and errors in 214.491µs
[2026-08-25T14:41:13Z INFO  tinymist_preview] Preview("le66pg"): received notification: signal(false, true), when OnType
[2026-08-25T14:41:13Z INFO  tinymist_project::compiler] /home/rtinfew/Downloads/test.typ: compilation failed with 1 warnings and errors in 259.047µs
[2026-08-25T14:41:13Z INFO  tinymist_preview] Preview("le66pg"): received notification: signal(false, true), when OnType
[2026-08-25T14:41:13Z INFO  tinymist_project::compiler] /home/rtinfew/Downloads/test.typ: compilation failed with 1 warnings and errors in 351.745µs
[2026-08-25T14:41:13Z INFO  tinymist_preview] Preview("le66pg"): received notification: signal(false, true), when OnType
[2026-08-25T14:41:13Z INFO  tinymist_project::compiler] /home/rtinfew/Downloads/test.typ: compilation failed with 1 warnings and errors in 527.456µs
[2026-08-25T14:41:13Z INFO  tinymist_preview] Preview("le66pg"): received notification: signal(false, true), when OnType
[2026-08-25T14:41:13Z INFO  tinymist_project::compiler] /home/rtinfew/Downloads/test.typ: compilation failed with 1 warnings and errors in 402.772µs
[2026-08-25T14:41:13Z INFO  tinymist_preview] Preview("le66pg"): received notification: signal(false, true), when OnType
[2026-08-25T14:41:13Z INFO  tinymist_project::compiler] /home/rtinfew/Downloads/test.typ: compilation failed with 1 warnings and errors in 261.331µs
[2026-08-25T14:41:13Z INFO  tinymist_preview] Preview("le66pg"): received notification: signal(false, true), when OnType
[2026-08-25T14:41:13Z INFO  tinymist_project::compiler] /home/rtinfew/Downloads/test.typ: compilation failed with 1 warnings and errors in 200.175µs
[2026-08-25T14:41:13Z INFO  tinymist_preview] Preview("le66pg"): received notification: signal(false, true), when OnType
[2026-08-25T14:41:13Z INFO  tinymist_project::compiler] /home/rtinfew/Downloads/test.typ: compilation failed with 1 warnings and errors in 595.584µs
[2026-08-25T14:41:13Z INFO  tinymist_preview] Preview("le66pg"): received notification: signal(false, true), when OnType
[2026-08-25T14:41:13Z INFO  tinymist_project::compiler] /home/rtinfew/Downloads/test.typ: compilation failed with 1 warnings and errors in 2.179426ms
[2026-08-25T14:41:13Z INFO  tinymist_preview] Preview("le66pg"): received notification: signal(false, true), when OnType
[2026-08-25T14:41:13Z INFO  tinymist_project::compiler] /home/rtinfew/Downloads/test.typ: compilation failed with 1 warnings and errors in 437.598µs
[2026-08-25T14:41:13Z INFO  tinymist_preview] Preview("le66pg"): received notification: signal(false, true), when OnType
[2026-08-25T14:41:13Z INFO  tinymist_project::compiler] /home/rtinfew/Downloads/test.typ: compilation failed with 1 warnings and errors in 184.222µs
[2026-08-25T14:41:13Z INFO  tinymist_preview] Preview("le66pg"): received notification: signal(false, true), when OnType
[2026-08-25T14:41:13Z INFO  tinymist_project::compiler] /home/rtinfew/Downloads/test.typ: compilation failed with 1 warnings and errors in 266.327µs
[2026-08-25T14:41:13Z INFO  tinymist_preview] Preview("le66pg"): received notification: signal(false, true), when OnType
[2026-08-25T14:41:13Z INFO  tinymist_project::compiler] /home/rtinfew/Downloads/test.typ: compilation failed with 1 warnings and errors in 352.433µs
[2026-08-25T14:41:13Z INFO  tinymist_preview] Preview("le66pg"): received notification: signal(false, true), when OnType
[2026-08-25T14:41:13Z INFO  tinymist_project::compiler] /home/rtinfew/Downloads/test.typ: compilation failed with 1 warnings and errors in 715.567µs
[2026-08-25T14:41:13Z INFO  tinymist_preview] Preview("le66pg"): received notification: signal(false, true), when OnType
[2026-08-25T14:41:13Z INFO  tinymist_project::compiler] /home/rtinfew/Downloads/test.typ: compilation failed with 1 warnings and errors in 836.559µs
[2026-08-25T14:41:13Z INFO  tinymist_preview] Preview("le66pg"): received notification: signal(false, true), when OnType
[2026-08-25T14:41:13Z INFO  tinymist_project::compiler] /home/rtinfew/Downloads/test.typ: compilation failed with 1 warnings and errors in 240.598µs
[2026-08-25T14:41:13Z INFO  tinymist_preview] Preview("le66pg"): received notification: signal(false, true), when OnType
[2026-08-25T14:41:13Z INFO  tinymist_project::compiler] /home/rtinfew/Downloads/test.typ: compilation failed with 1 warnings and errors in 200.878µs
[2026-08-25T14:41:13Z INFO  tinymist_preview] Preview("le66pg"): received notification: signal(false, true), when OnType
[2026-08-25T14:41:14Z INFO  tinymist_project::compiler] /home/rtinfew/Downloads/test.typ: compilation failed with 1 warnings and errors in 291.432µs
[2026-08-25T14:41:14Z INFO  tinymist_preview] Preview("le66pg"): received notification: signal(false, true), when OnType
[2026-08-25T14:41:14Z INFO  tinymist_project::compiler] /home/rtinfew/Downloads/test.typ: compilation failed with 1 warnings and errors in 402.135µs
[2026-08-25T14:41:14Z INFO  tinymist_preview] Preview("le66pg"): received notification: signal(false, true), when OnType
[2026-08-25T14:41:14Z INFO  tinymist_project::compiler] /home/rtinfew/Downloads/test.typ: compilation failed with 1 warnings and errors in 1.004569ms
[2026-08-25T14:41:14Z INFO  tinymist_preview] Preview("le66pg"): received notification: signal(false, true), when OnType
[2026-08-25T14:41:14Z INFO  tinymist_project::compiler] /home/rtinfew/Downloads/test.typ: compilation failed with 1 warnings and errors in 428.572µs
[2026-08-25T14:41:14Z INFO  tinymist_preview] Preview("le66pg"): received notification: signal(false, true), when OnType
[2026-08-25T14:41:14Z INFO  tinymist_project::compiler] /home/rtinfew/Downloads/test.typ: compilation failed with 1 warnings and errors in 527.812µs
[2026-08-25T14:41:14Z INFO  tinymist_preview] Preview("le66pg"): received notification: signal(false, true), when OnType
[2026-08-25T14:41:14Z INFO  tinymist_project::compiler] /home/rtinfew/Downloads/test.typ: compilation failed with 1 warnings and errors in 340.706µs
[2026-08-25T14:41:14Z INFO  tinymist_preview] Preview("le66pg"): received notification: signal(false, true), when OnType
[2026-08-25T14:41:14Z INFO  tinymist_project::compiler] /home/rtinfew/Downloads/test.typ: compilation failed with 1 warnings and errors in 448.762µs
[2026-08-25T14:41:14Z INFO  tinymist_preview] Preview("le66pg"): received notification: signal(false, true), when OnType
[2026-08-25T14:41:14Z INFO  tinymist_project::compiler] /home/rtinfew/Downloads/test.typ: compilation failed with 1 warnings and errors in 376.395µs
[2026-08-25T14:41:14Z INFO  tinymist_preview] Preview("le66pg"): received notification: signal(false, true), when OnType
[2026-08-25T14:41:14Z INFO  tinymist_project::compiler] /home/rtinfew/Downloads/test.typ: compilation failed with 1 warnings and errors in 609.088µs
[2026-08-25T14:41:14Z INFO  tinymist_preview] Preview("le66pg"): received notification: signal(false, true), when OnType
[2026-08-25T14:41:14Z INFO  tinymist_project::compiler] /home/rtinfew/Downloads/test.typ: compilation failed with 1 warnings and errors in 480.248µs
[2026-08-25T14:41:14Z INFO  tinymist_preview] Preview("le66pg"): received notification: signal(false, true), when OnType
[2026-08-25T14:41:14Z INFO  tinymist_project::compiler] /home/rtinfew/Downloads/test.typ: compilation failed with 1 warnings and errors in 720.525µs
[2026-08-25T14:41:14Z INFO  tinymist_preview] Preview("le66pg"): received notification: signal(false, true), when OnType
[2026-08-25T14:41:14Z INFO  tinymist_project::compiler] /home/rtinfew/Downloads/test.typ: compilation failed with 1 warnings and errors in 429.775µs
[2026-08-25T14:41:14Z INFO  tinymist_preview] Preview("le66pg"): received notification: signal(false, true), when OnType
[2026-08-25T14:41:14Z INFO  tinymist_project::compiler] /home/rtinfew/Downloads/test.typ: compilation failed with 1 warnings and errors in 424.809µs
[2026-08-25T14:41:14Z INFO  tinymist_preview] Preview("le66pg"): received notification: signal(false, true), when OnType
[2026-08-25T14:41:14Z INFO  tinymist_project::compiler] /home/rtinfew/Downloads/test.typ: compilation failed with 1 warnings and errors in 520.107µs
[2026-08-25T14:41:14Z INFO  tinymist_preview] Preview("le66pg"): received notification: signal(false, true), when OnType
[2026-08-25T14:41:14Z INFO  tinymist_project::compiler] /home/rtinfew/Downloads/test.typ: compilation failed with 1 warnings and errors in 293.099µs
[2026-08-25T14:41:14Z INFO  tinymist_preview] Preview("le66pg"): received notification: signal(false, true), when OnType
[2026-08-25T14:41:14Z INFO  tinymist_project::compiler] /home/rtinfew/Downloads/test.typ: compilation failed with 1 warnings and errors in 224.179µs
[2026-08-25T14:41:14Z INFO  tinymist_preview] Preview("le66pg"): received notification: signal(false, true), when OnType
[2026-08-25T14:41:14Z INFO  tinymist_project::compiler] /home/rtinfew/Downloads/test.typ: compilation failed with 1 warnings and errors in 1.012521ms
[2026-08-25T14:41:14Z INFO  tinymist_preview] Preview("le66pg"): received notification: signal(false, true), when OnType
[2026-08-25T14:41:14Z INFO  tinymist_project::compiler] /home/rtinfew/Downloads/test.typ: compilation failed with 1 warnings and errors in 377.829µs
[2026-08-25T14:41:14Z INFO  tinymist_preview] Preview("le66pg"): received notification: signal(false, true), when OnType
[2026-08-25T14:41:14Z INFO  tinymist_project::compiler] /home/rtinfew/Downloads/test.typ: compilation failed with 1 warnings and errors in 665.909µs
[2026-08-25T14:41:14Z INFO  tinymist_preview] Preview("le66pg"): received notification: signal(false, true), when OnType
[2026-08-25T14:41:15Z INFO  tinymist_project::compiler] /home/rtinfew/Downloads/test.typ: compilation failed with 1 warnings and errors in 391.865µs
[2026-08-25T14:41:15Z INFO  tinymist_preview] Preview("le66pg"): received notification: signal(false, true), when OnType
[2026-08-25T14:41:15Z INFO  tinymist_project::compiler] /home/rtinfew/Downloads/test.typ: compilation failed with 1 warnings and errors in 420.248µs
[2026-08-25T14:41:15Z INFO  tinymist_preview] Preview("le66pg"): received notification: signal(false, true), when OnType
[2026-08-25T14:41:15Z INFO  tinymist_project::compiler] /home/rtinfew/Downloads/test.typ: compilation failed with 1 warnings and errors in 439.935µs
[2026-08-25T14:41:15Z INFO  tinymist_preview] Preview("le66pg"): received notification: signal(false, true), when OnType
[2026-08-25T14:41:15Z INFO  tinymist_project::compiler] /home/rtinfew/Downloads/test.typ: compilation failed with 1 warnings and errors in 477.811µs
[2026-08-25T14:41:15Z INFO  tinymist_preview] Preview("le66pg"): received notification: signal(false, true), when OnType
[2026-08-25T14:41:15Z INFO  tinymist_project::compiler] /home/rtinfew/Downloads/test.typ: compilation failed with 1 warnings and errors in 583.962µs
[2026-08-25T14:41:15Z INFO  tinymist_preview] Preview("le66pg"): received notification: signal(false, true), when OnType
[2026-08-25T14:41:15Z INFO  tinymist_project::compiler] /home/rtinfew/Downloads/test.typ: compilation failed with 1 warnings and errors in 556.512µs
[2026-08-25T14:41:15Z INFO  tinymist_preview] Preview("le66pg"): received notification: signal(false, true), when OnType
[2026-08-25T14:41:15Z INFO  tinymist_project::compiler] /home/rtinfew/Downloads/test.typ: compilation failed with 1 warnings and errors in 588.224µs
[2026-08-25T14:41:15Z INFO  tinymist_preview] Preview("le66pg"): received notification: signal(false, true), when OnType
[2026-08-25T14:41:15Z INFO  tinymist_project::compiler] /home/rtinfew/Downloads/test.typ: compilation failed with 1 warnings and errors in 530.095µs
[2026-08-25T14:41:15Z INFO  tinymist_preview] Preview("le66pg"): received notification: signal(false, true), when OnType
[2026-08-25T14:41:15Z INFO  tinymist_project::compiler] /home/rtinfew/Downloads/test.typ: compilation failed with 1 warnings and errors in 1.449679ms
[2026-08-25T14:41:15Z INFO  tinymist_preview] Preview("le66pg"): received notification: signal(false, true), when OnType
[2026-08-25T14:41:15Z INFO  tinymist_project::compiler] /home/rtinfew/Downloads/test.typ: compilation failed with 1 warnings and errors in 628.958µs
[2026-08-25T14:41:15Z INFO  tinymist_preview] Preview("le66pg"): received notification: signal(false, true), when OnType
[2026-08-25T14:41:15Z INFO  tinymist_project::compiler] /home/rtinfew/Downloads/test.typ: compilation failed with 1 warnings and errors in 446.441µs
[2026-08-25T14:41:15Z INFO  tinymist_preview] Preview("le66pg"): received notification: signal(false, true), when OnType
[2026-08-25T14:41:15Z INFO  tinymist_project::compiler] /home/rtinfew/Downloads/test.typ: compilation failed with 1 warnings and errors in 232.321µs
[2026-08-25T14:41:15Z INFO  tinymist_preview] Preview("le66pg"): received notification: signal(false, true), when OnType
[2026-08-25T14:41:15Z INFO  tinymist_project::compiler] /home/rtinfew/Downloads/test.typ: compilation failed with 1 warnings and errors in 192.108µs
[2026-08-25T14:41:15Z INFO  tinymist_preview] Preview("le66pg"): received notification: signal(false, true), when OnType
[2026-08-25T14:41:15Z INFO  tinymist_project::compiler] /home/rtinfew/Downloads/test.typ: compilation failed with 1 warnings and errors in 370.838µs
[2026-08-25T14:41:15Z INFO  tinymist_preview] Preview("le66pg"): received notification: signal(false, true), when OnType
[2026-08-25T14:41:15Z INFO  tinymist_project::compiler] /home/rtinfew/Downloads/test.typ: compilation failed with 1 warnings and errors in 365.186µs
[2026-08-25T14:41:15Z INFO  tinymist_preview] Preview("le66pg"): received notification: signal(false, true), when OnType
[2026-08-25T14:41:15Z INFO  tinymist_project::compiler] /home/rtinfew/Downloads/test.typ: compilation failed with 1 warnings and errors in 427.989µs
[2026-08-25T14:41:15Z INFO  tinymist_preview] Preview("le66pg"): received notification: signal(false, true), when OnType
[2026-08-25T14:41:15Z INFO  tinymist_project::compiler] /home/rtinfew/Downloads/test.typ: compilation failed with 1 warnings and errors in 677.885µs
[2026-08-25T14:41:15Z INFO  tinymist_preview] Preview("le66pg"): received notification: signal(false, true), when OnType
[2026-08-25T14:41:15Z INFO  tinymist_project::compiler] /home/rtinfew/Downloads/test.typ: compilation failed with 1 warnings and errors in 710.038µs
[2026-08-25T14:41:15Z INFO  tinymist_preview] Preview("le66pg"): received notification: signal(false, true), when OnType
[2026-08-25T14:41:15Z INFO  tinymist_project::compiler] /home/rtinfew/Downloads/test.typ: compilation failed with 1 warnings and errors in 758.919µs
[2026-08-25T14:41:15Z INFO  tinymist_preview] Preview("le66pg"): received notification: signal(false, true), when OnType
[2026-08-25T14:41:16Z INFO  tinymist_project::compiler] /home/rtinfew/Downloads/test.typ: compilation failed with 1 warnings and errors in 503.366µs
[2026-08-25T14:41:16Z INFO  tinymist_preview] Preview("le66pg"): received notification: signal(false, true), when OnType
[2026-08-25T14:41:16Z INFO  tinymist_project::compiler] /home/rtinfew/Downloads/test.typ: compilation failed with 1 warnings and errors in 370.179µs
[2026-08-25T14:41:16Z INFO  tinymist_preview] Preview("le66pg"): received notification: signal(false, true), when OnType
[2026-08-25T14:41:16Z INFO  tinymist_project::compiler] /home/rtinfew/Downloads/test.typ: compilation failed with 1 warnings and errors in 290.41µs
[2026-08-25T14:41:16Z INFO  tinymist_preview] Preview("le66pg"): received notification: signal(false, true), when OnType
[2026-08-25T14:41:16Z INFO  tinymist_project::compiler] /home/rtinfew/Downloads/test.typ: compilation failed with 1 warnings and errors in 358.386µs
[2026-08-25T14:41:16Z INFO  tinymist_preview] Preview("le66pg"): received notification: signal(false, true), when OnType
[2026-08-25T14:41:16Z INFO  tinymist_project::compiler] /home/rtinfew/Downloads/test.typ: compilation failed with 1 warnings and errors in 672.225µs
[2026-08-25T14:41:16Z INFO  tinymist_preview] Preview("le66pg"): received notification: signal(false, true), when OnType
[2026-08-25T14:41:16Z INFO  tinymist_project::compiler] /home/rtinfew/Downloads/test.typ: compilation failed with 1 warnings and errors in 484.943µs
[2026-08-25T14:41:16Z INFO  tinymist_preview] Preview("le66pg"): received notification: signal(false, true), when OnType
[2026-08-25T14:41:16Z INFO  tinymist_project::compiler] /home/rtinfew/Downloads/test.typ: compilation failed with 1 warnings and errors in 485.727µs
[2026-08-25T14:41:16Z INFO  tinymist_preview] Preview("le66pg"): received notification: signal(false, true), when OnType
[2026-08-25T14:41:16Z INFO  tinymist_project::compiler] /home/rtinfew/Downloads/test.typ: compilation failed with 1 warnings and errors in 412.784µs
[2026-08-25T14:41:16Z INFO  tinymist_preview] Preview("le66pg"): received notification: signal(false, true), when OnType
[2026-08-25T14:41:16Z INFO  tinymist_project::compiler] /home/rtinfew/Downloads/test.typ: compilation failed with 1 warnings and errors in 406.427µs
[2026-08-25T14:41:16Z INFO  tinymist_preview] Preview("le66pg"): received notification: signal(false, true), when OnType
[2026-08-25T14:41:16Z INFO  tinymist_project::compiler] /home/rtinfew/Downloads/test.typ: compilation failed with 1 warnings and errors in 457.504µs
[2026-08-25T14:41:16Z INFO  tinymist_preview] Preview("le66pg"): received notification: signal(false, true), when OnType
[2026-08-25T14:41:16Z INFO  tinymist_project::compiler] /home/rtinfew/Downloads/test.typ: compilation failed with 1 warnings and errors in 568.798µs
[2026-08-25T14:41:16Z INFO  tinymist_preview] Preview("le66pg"): received notification: signal(false, true), when OnType
[2026-08-25T14:41:16Z INFO  tinymist_project::compiler] /home/rtinfew/Downloads/test.typ: compilation failed with 1 warnings and errors in 523.083µs
[2026-08-25T14:41:16Z INFO  tinymist_preview] Preview("le66pg"): received notification: signal(false, true), when OnType
[2026-08-25T14:41:16Z INFO  tinymist_project::compiler] /home/rtinfew/Downloads/test.typ: compilation failed with 1 warnings and errors in 488.487µs
[2026-08-25T14:41:16Z INFO  tinymist_preview] Preview("le66pg"): received notification: signal(false, true), when OnType
[2026-08-25T14:41:16Z INFO  tinymist_project::compiler] /home/rtinfew/Downloads/test.typ: compilation failed with 1 warnings and errors in 537.942µs
[2026-08-25T14:41:16Z INFO  tinymist_preview] Preview("le66pg"): received notification: signal(false, true), when OnType
[2026-08-25T14:41:16Z INFO  tinymist_project::compiler] /home/rtinfew/Downloads/test.typ: compilation failed with 1 warnings and errors in 414.655µs
[2026-08-25T14:41:16Z INFO  tinymist_preview] Preview("le66pg"): received notification: signal(false, true), when OnType
[2026-08-25T14:41:16Z INFO  tinymist_project::compiler] /home/rtinfew/Downloads/test.typ: compilation failed with 1 warnings and errors in 484.346µs
[2026-08-25T14:41:16Z INFO  tinymist_preview] Preview("le66pg"): received notification: signal(false, true), when OnType
[2026-08-25T14:41:16Z INFO  tinymist_project::compiler] /home/rtinfew/Downloads/test.typ: compilation failed with 1 warnings and errors in 475.562µs
[2026-08-25T14:41:16Z INFO  tinymist_preview] Preview("le66pg"): received notification: signal(false, true), when OnType
[2026-08-25T14:41:16Z INFO  tinymist_project::compiler] /home/rtinfew/Downloads/test.typ: compilation failed with 1 warnings and errors in 569.299µs
[2026-08-25T14:41:16Z INFO  tinymist_preview] Preview("le66pg"): received notification: signal(false, true), when OnType
[2026-08-25T14:41:16Z INFO  tinymist_project::compiler] /home/rtinfew/Downloads/test.typ: compilation failed with 1 warnings and errors in 500.634µs
[2026-08-25T14:41:16Z INFO  tinymist_preview] Preview("le66pg"): received notification: signal(false, true), when OnType
[2026-08-25T14:41:17Z INFO  tinymist_project::compiler] /home/rtinfew/Downloads/test.typ: compilation failed with 1 warnings and errors in 661.465µs
[2026-08-25T14:41:17Z INFO  tinymist_preview] Preview("le66pg"): received notification: signal(false, true), when OnType
[2026-08-25T14:41:17Z INFO  tinymist_project::compiler] /home/rtinfew/Downloads/test.typ: compilation failed with 1 warnings and errors in 577.77µs
[2026-08-25T14:41:17Z INFO  tinymist_preview] Preview("le66pg"): received notification: signal(false, true), when OnType
[2026-08-25T14:41:17Z INFO  tinymist_project::compiler] /home/rtinfew/Downloads/test.typ: compilation failed with 1 warnings and errors in 643.902µs
[2026-08-25T14:41:17Z INFO  tinymist_preview] Preview("le66pg"): received notification: signal(false, true), when OnType
[2026-08-25T14:41:17Z INFO  tinymist_project::compiler] /home/rtinfew/Downloads/test.typ: compilation failed with 1 warnings and errors in 396.025µs
[2026-08-25T14:41:17Z INFO  tinymist_preview] Preview("le66pg"): received notification: signal(false, true), when OnType
[2026-08-25T14:41:17Z INFO  tinymist_project::compiler] /home/rtinfew/Downloads/test.typ: compilation failed with 1 warnings and errors in 578.916µs
[2026-08-25T14:41:17Z INFO  tinymist_preview] Preview("le66pg"): received notification: signal(false, true), when OnType
[2026-08-25T14:41:17Z INFO  tinymist_project::compiler] /home/rtinfew/Downloads/test.typ: compilation failed with 1 warnings and errors in 720.511µs
[2026-08-25T14:41:17Z INFO  tinymist_preview] Preview("le66pg"): received notification: signal(false, true), when OnType
[2026-08-25T14:41:17Z INFO  tinymist_project::compiler] /home/rtinfew/Downloads/test.typ: compilation failed with 1 warnings and errors in 1.139302ms
[2026-08-25T14:41:17Z INFO  tinymist_preview] Preview("le66pg"): received notification: signal(false, true), when OnType
[2026-08-25T14:41:17Z INFO  tinymist_project::compiler] /home/rtinfew/Downloads/test.typ: compilation failed with 1 warnings and errors in 283.512µs
[2026-08-25T14:41:17Z INFO  tinymist_preview] Preview("le66pg"): received notification: signal(false, true), when OnType
[2026-08-25T14:41:17Z INFO  tinymist_project::compiler] /home/rtinfew/Downloads/test.typ: compilation failed with 1 warnings and errors in 757.543µs
[2026-08-25T14:41:17Z INFO  tinymist_preview] Preview("le66pg"): received notification: signal(false, true), when OnType
[2026-08-25T14:41:17Z INFO  tinymist_project::compiler] /home/rtinfew/Downloads/test.typ: compilation failed with 1 warnings and errors in 396.308µs
[2026-08-25T14:41:17Z INFO  tinymist_preview] Preview("le66pg"): received notification: signal(false, true), when OnType
[2026-08-25T14:41:17Z INFO  tinymist_project::compiler] /home/rtinfew/Downloads/test.typ: compilation failed with 1 warnings and errors in 309.447µs
[2026-08-25T14:41:17Z INFO  tinymist_preview] Preview("le66pg"): received notification: signal(false, true), when OnType
[2026-08-25T14:41:17Z INFO  tinymist_project::compiler] /home/rtinfew/Downloads/test.typ: compilation failed with 1 warnings and errors in 1.157844ms
[2026-08-25T14:41:17Z INFO  tinymist_preview] Preview("le66pg"): received notification: signal(false, true), when OnType
[2026-08-25T14:41:17Z INFO  tinymist_project::compiler] /home/rtinfew/Downloads/test.typ: compilation failed with 1 warnings and errors in 299.443µs
[2026-08-25T14:41:17Z INFO  tinymist_preview] Preview("le66pg"): received notification: signal(false, true), when OnType
[2026-08-25T14:41:17Z INFO  tinymist_project::compiler] /home/rtinfew/Downloads/test.typ: compilation failed with 1 warnings and errors in 255.156µs
[2026-08-25T14:41:17Z INFO  tinymist_preview] Preview("le66pg"): received notification: signal(false, true), when OnType
[2026-08-25T14:41:17Z INFO  tinymist_project::compiler] /home/rtinfew/Downloads/test.typ: compilation failed with 1 warnings and errors in 396.719µs
[2026-08-25T14:41:17Z INFO  tinymist_preview] Preview("le66pg"): received notification: signal(false, true), when OnType
[2026-08-25T14:41:17Z INFO  tinymist_project::compiler] /home/rtinfew/Downloads/test.typ: compilation failed with 1 warnings and errors in 376.136µs
[2026-08-25T14:41:17Z INFO  tinymist_preview] Preview("le66pg"): received notification: signal(false, true), when OnType
[2026-08-25T14:41:17Z INFO  tinymist_project::compiler] /home/rtinfew/Downloads/test.typ: compilation failed with 1 warnings and errors in 342.054µs
[2026-08-25T14:41:17Z INFO  tinymist_preview] Preview("le66pg"): received notification: signal(false, true), when OnType
[2026-08-25T14:41:17Z INFO  tinymist_project::compiler] /home/rtinfew/Downloads/test.typ: compilation failed with 1 warnings and errors in 1.432972ms
[2026-08-25T14:41:17Z INFO  tinymist_preview] Preview("le66pg"): received notification: signal(false, true), when OnType
[2026-08-25T14:41:17Z INFO  tinymist_project::compiler] /home/rtinfew/Downloads/test.typ: compilation failed with 1 warnings and errors in 2.652361ms
[2026-08-25T14:41:17Z INFO  tinymist_preview] Preview("le66pg"): received notification: signal(false, true), when OnType
[2026-08-25T14:41:18Z INFO  tinymist_project::compiler] /home/rtinfew/Downloads/test.typ: compilation failed with 1 warnings and errors in 385.783µs
[2026-08-25T14:41:18Z INFO  tinymist_preview] Preview("le66pg"): received notification: signal(false, true), when OnType
[2026-08-25T14:41:18Z INFO  tinymist_project::compiler] /home/rtinfew/Downloads/test.typ: compilation failed with 1 warnings and errors in 298.63µs
[2026-08-25T14:41:18Z INFO  tinymist_preview] Preview("le66pg"): received notification: signal(false, true), when OnType
[2026-08-25T14:41:18Z INFO  tinymist_project::compiler] /home/rtinfew/Downloads/test.typ: compilation failed with 1 warnings and errors in 222.155µs
[2026-08-25T14:41:18Z INFO  tinymist_preview] Preview("le66pg"): received notification: signal(false, true), when OnType
[2026-08-25T14:41:18Z INFO  tinymist_project::compiler] /home/rtinfew/Downloads/test.typ: compilation failed with 1 warnings and errors in 533.155µs
[2026-08-25T14:41:18Z INFO  tinymist_preview] Preview("le66pg"): received notification: signal(false, true), when OnType
[2026-08-25T14:41:18Z INFO  tinymist_project::compiler] /home/rtinfew/Downloads/test.typ: compilation failed with 1 warnings and errors in 355.925µs
[2026-08-25T14:41:18Z INFO  tinymist_preview] Preview("le66pg"): received notification: signal(false, true), when OnType
[2026-08-25T14:41:18Z INFO  tinymist_project::compiler] /home/rtinfew/Downloads/test.typ: compilation failed with 1 warnings and errors in 239.679µs
[2026-08-25T14:41:18Z INFO  tinymist_preview] Preview("le66pg"): received notification: signal(false, true), when OnType
[2026-08-25T14:41:18Z INFO  tinymist_project::compiler] /home/rtinfew/Downloads/test.typ: compilation failed with 1 warnings and errors in 221.113µs
[2026-08-25T14:41:18Z INFO  tinymist_preview] Preview("le66pg"): received notification: signal(false, true), when OnType
[2026-08-25T14:41:18Z INFO  tinymist_project::compiler] /home/rtinfew/Downloads/test.typ: compilation failed with 1 warnings and errors in 363.493µs
[2026-08-25T14:41:18Z INFO  tinymist_preview] Preview("le66pg"): received notification: signal(false, true), when OnType
[2026-08-25T14:41:18Z INFO  tinymist_project::compiler] /home/rtinfew/Downloads/test.typ: compilation failed with 1 warnings and errors in 449.873µs
[2026-08-25T14:41:18Z INFO  tinymist_preview] Preview("le66pg"): received notification: signal(false, true), when OnType
[2026-08-25T14:41:18Z INFO  tinymist_project::compiler] /home/rtinfew/Downloads/test.typ: compilation failed with 1 warnings and errors in 675.672µs
[2026-08-25T14:41:18Z INFO  tinymist_preview] Preview("le66pg"): received notification: signal(false, true), when OnType
[2026-08-25T14:41:18Z INFO  tinymist_project::compiler] /home/rtinfew/Downloads/test.typ: compilation failed with 1 warnings and errors in 731.067µs
[2026-08-25T14:41:18Z INFO  tinymist_preview] Preview("le66pg"): received notification: signal(false, true), when OnType
[2026-08-25T14:41:18Z INFO  tinymist_project::compiler] /home/rtinfew/Downloads/test.typ: compilation failed with 1 warnings and errors in 712.45µs
[2026-08-25T14:41:18Z INFO  tinymist_preview] Preview("le66pg"): received notification: signal(false, true), when OnType
[2026-08-25T14:41:18Z INFO  tinymist_project::compiler] /home/rtinfew/Downloads/test.typ: compilation failed with 1 warnings and errors in 186.972µs
[2026-08-25T14:41:18Z INFO  tinymist_preview] Preview("le66pg"): received notification: signal(false, true), when OnType
[2026-08-25T14:41:18Z INFO  tinymist_project::compiler] /home/rtinfew/Downloads/test.typ: compilation failed with 1 warnings and errors in 266.32µs
[2026-08-25T14:41:18Z INFO  tinymist_preview] Preview("le66pg"): received notification: signal(false, true), when OnType
[2026-08-25T14:41:18Z INFO  tinymist_project::compiler] /home/rtinfew/Downloads/test.typ: compilation failed with 1 warnings and errors in 1.550011ms
[2026-08-25T14:41:18Z INFO  tinymist_preview] Preview("le66pg"): received notification: signal(false, true), when OnType
[2026-08-25T14:41:18Z INFO  tinymist_project::compiler] /home/rtinfew/Downloads/test.typ: compilation failed with 1 warnings and errors in 4.315888ms
[2026-08-25T14:41:18Z INFO  tinymist_preview] Preview("le66pg"): received notification: signal(false, true), when OnType
[2026-08-25T14:41:18Z INFO  tinymist_project::compiler] /home/rtinfew/Downloads/test.typ: compilation failed with 1 warnings and errors in 238.143µs
[2026-08-25T14:41:18Z INFO  tinymist_preview] Preview("le66pg"): received notification: signal(false, true), when OnType
[2026-08-25T14:41:18Z INFO  tinymist_project::compiler] /home/rtinfew/Downloads/test.typ: compilation failed with 1 warnings and errors in 197.564µs
[2026-08-25T14:41:18Z INFO  tinymist_preview] Preview("le66pg"): received notification: signal(false, true), when OnType
[2026-08-25T14:41:18Z INFO  tinymist_project::compiler] /home/rtinfew/Downloads/test.typ: compilation failed with 1 warnings and errors in 241.608µs
[2026-08-25T14:41:18Z INFO  tinymist_preview] Preview("le66pg"): received notification: signal(false, true), when OnType
[2026-08-25T14:41:19Z INFO  tinymist_project::compiler] /home/rtinfew/Downloads/test.typ: compilation failed with 1 warnings and errors in 572.808µs
[2026-08-25T14:41:19Z INFO  tinymist_preview] Preview("le66pg"): received notification: signal(false, true), when OnType
[2026-08-25T14:41:19Z INFO  tinymist_project::compiler] /home/rtinfew/Downloads/test.typ: compilation failed with 1 warnings and errors in 416.606µs
[2026-08-25T14:41:19Z INFO  tinymist_preview] Preview("le66pg"): received notification: signal(false, true), when OnType
[2026-08-25T14:41:19Z INFO  tinymist_project::compiler] /home/rtinfew/Downloads/test.typ: compilation failed with 1 warnings and errors in 436.251µs
[2026-08-25T14:41:19Z INFO  tinymist_preview] Preview("le66pg"): received notification: signal(false, true), when OnType
[2026-08-25T14:41:19Z INFO  tinymist_project::compiler] /home/rtinfew/Downloads/test.typ: compilation failed with 1 warnings and errors in 462.061µs
[2026-08-25T14:41:19Z INFO  tinymist_preview] Preview("le66pg"): received notification: signal(false, true), when OnType
[2026-08-25T14:41:19Z INFO  tinymist_project::compiler] /home/rtinfew/Downloads/test.typ: compilation failed with 1 warnings and errors in 316.036µs
[2026-08-25T14:41:19Z INFO  tinymist_preview] Preview("le66pg"): received notification: signal(false, true), when OnType
[2026-08-25T14:41:19Z INFO  tinymist_project::compiler] /home/rtinfew/Downloads/test.typ: compilation failed with 1 warnings and errors in 439.949µs
[2026-08-25T14:41:19Z INFO  tinymist_preview] Preview("le66pg"): received notification: signal(false, true), when OnType
[2026-08-25T14:41:19Z INFO  tinymist_project::compiler] /home/rtinfew/Downloads/test.typ: compilation failed with 1 warnings and errors in 518.07µs
[2026-08-25T14:41:19Z INFO  tinymist_preview] Preview("le66pg"): received notification: signal(false, true), when OnType
[2026-08-25T14:41:19Z INFO  tinymist_project::compiler] /home/rtinfew/Downloads/test.typ: compilation failed with 1 warnings and errors in 339.469µs
[2026-08-25T14:41:19Z INFO  tinymist_preview] Preview("le66pg"): received notification: signal(false, true), when OnType
[2026-08-25T14:41:19Z INFO  tinymist_project::compiler] /home/rtinfew/Downloads/test.typ: compilation failed with 1 warnings and errors in 588.102µs
[2026-08-25T14:41:19Z INFO  tinymist_preview] Preview("le66pg"): received notification: signal(false, true), when OnType
[2026-08-25T14:41:19Z INFO  tinymist_project::compiler] /home/rtinfew/Downloads/test.typ: compilation failed with 1 warnings and errors in 482.5µs
[2026-08-25T14:41:19Z INFO  tinymist_preview] Preview("le66pg"): received notification: signal(false, true), when OnType
[2026-08-25T14:41:19Z INFO  tinymist_project::compiler] /home/rtinfew/Downloads/test.typ: compilation failed with 1 warnings and errors in 546.402µs
[2026-08-25T14:41:19Z INFO  tinymist_preview] Preview("le66pg"): received notification: signal(false, true), when OnType
[2026-08-25T14:41:19Z INFO  tinymist_project::compiler] /home/rtinfew/Downloads/test.typ: compilation failed with 1 warnings and errors in 634.593µs
[2026-08-25T14:41:19Z INFO  tinymist_preview] Preview("le66pg"): received notification: signal(false, true), when OnType
[2026-08-25T14:41:19Z INFO  tinymist_project::compiler] /home/rtinfew/Downloads/test.typ: compilation failed with 1 warnings and errors in 486.738µs
[2026-08-25T14:41:19Z INFO  tinymist_preview] Preview("le66pg"): received notification: signal(false, true), when OnType
[2026-08-25T14:41:19Z INFO  tinymist_project::compiler] /home/rtinfew/Downloads/test.typ: compilation failed with 1 warnings and errors in 592.937µs
[2026-08-25T14:41:19Z INFO  tinymist_preview] Preview("le66pg"): received notification: signal(false, true), when OnType
[2026-08-25T14:41:19Z INFO  tinymist_project::compiler] /home/rtinfew/Downloads/test.typ: compilation failed with 1 warnings and errors in 542.642µs
[2026-08-25T14:41:19Z INFO  tinymist_preview] Preview("le66pg"): received notification: signal(false, true), when OnType
[2026-08-25T14:41:19Z INFO  tinymist_project::compiler] /home/rtinfew/Downloads/test.typ: compilation failed with 1 warnings and errors in 901.169µs
[2026-08-25T14:41:19Z INFO  tinymist_preview] Preview("le66pg"): received notification: signal(false, true), when OnType
[2026-08-25T14:41:19Z INFO  tinymist_project::compiler] /home/rtinfew/Downloads/test.typ: compilation failed with 1 warnings and errors in 562.875µs
[2026-08-25T14:41:19Z INFO  tinymist_preview] Preview("le66pg"): received notification: signal(false, true), when OnType
[2026-08-25T14:41:19Z INFO  tinymist_project::compiler] /home/rtinfew/Downloads/test.typ: compilation failed with 1 warnings and errors in 455.708µs
[2026-08-25T14:41:19Z INFO  tinymist_preview] Preview("le66pg"): received notification: signal(false, true), when OnType
[2026-08-25T14:41:19Z INFO  tinymist_project::compiler] /home/rtinfew/Downloads/test.typ: compilation failed with 1 warnings and errors in 347.632µs
[2026-08-25T14:41:19Z INFO  tinymist_preview] Preview("le66pg"): received notification: signal(false, true), when OnType
[2026-08-25T14:41:20Z INFO  tinymist_project::compiler] /home/rtinfew/Downloads/test.typ: compilation failed with 1 warnings and errors in 417.7µs
[2026-08-25T14:41:20Z INFO  tinymist_preview] Preview("le66pg"): received notification: signal(false, true), when OnType
[2026-08-25T14:41:20Z INFO  tinymist_project::compiler] /home/rtinfew/Downloads/test.typ: compilation failed with 1 warnings and errors in 424.799µs
[2026-08-25T14:41:20Z INFO  tinymist_preview] Preview("le66pg"): received notification: signal(false, true), when OnType
[2026-08-25T14:41:20Z INFO  tinymist_project::compiler] /home/rtinfew/Downloads/test.typ: compilation failed with 1 warnings and errors in 469.996µs
[2026-08-25T14:41:20Z INFO  tinymist_preview] Preview("le66pg"): received notification: signal(false, true), when OnType
[2026-08-25T14:41:20Z INFO  tinymist_project::compiler] /home/rtinfew/Downloads/test.typ: compilation failed with 1 warnings and errors in 560.181µs
[2026-08-25T14:41:20Z INFO  tinymist_preview] Preview("le66pg"): received notification: signal(false, true), when OnType
[2026-08-25T14:41:20Z INFO  tinymist_project::compiler] /home/rtinfew/Downloads/test.typ: compilation failed with 1 warnings and errors in 1.184464ms
[2026-08-25T14:41:20Z INFO  tinymist_preview] Preview("le66pg"): received notification: signal(false, true), when OnType
[2026-08-25T14:41:20Z INFO  tinymist_project::compiler] /home/rtinfew/Downloads/test.typ: compilation failed with 1 warnings and errors in 501.793µs
[2026-08-25T14:41:20Z INFO  tinymist_preview] Preview("le66pg"): received notification: signal(false, true), when OnType
[2026-08-25T14:41:20Z INFO  tinymist_project::compiler] /home/rtinfew/Downloads/test.typ: compilation failed with 1 warnings and errors in 466.714µs
[2026-08-25T14:41:20Z INFO  tinymist_preview] Preview("le66pg"): received notification: signal(false, true), when OnType
[2026-08-25T14:41:20Z INFO  tinymist_project::compiler] /home/rtinfew/Downloads/test.typ: compilation failed with 1 warnings and errors in 534.393µs
[2026-08-25T14:41:20Z INFO  tinymist_preview] Preview("le66pg"): received notification: signal(false, true), when OnType
[2026-08-25T14:41:20Z INFO  tinymist_project::compiler] /home/rtinfew/Downloads/test.typ: compilation failed with 1 warnings and errors in 459.445µs
[2026-08-25T14:41:20Z INFO  tinymist_preview] Preview("le66pg"): received notification: signal(false, true), when OnType
[2026-08-25T14:41:20Z INFO  tinymist_project::compiler] /home/rtinfew/Downloads/test.typ: compilation failed with 1 warnings and errors in 544.756µs
[2026-08-25T14:41:20Z INFO  tinymist_preview] Preview("le66pg"): received notification: signal(false, true), when OnType
[2026-08-25T14:41:20Z INFO  tinymist_project::compiler] /home/rtinfew/Downloads/test.typ: compilation failed with 1 warnings and errors in 440.002µs
[2026-08-25T14:41:20Z INFO  tinymist_preview] Preview("le66pg"): received notification: signal(false, true), when OnType
[2026-08-25T14:41:20Z INFO  tinymist_project::compiler] /home/rtinfew/Downloads/test.typ: compilation failed with 1 warnings and errors in 900.89µs
[2026-08-25T14:41:20Z INFO  tinymist_preview] Preview("le66pg"): received notification: signal(false, true), when OnType
[2026-08-25T14:41:20Z INFO  tinymist_project::compiler] /home/rtinfew/Downloads/test.typ: compilation failed with 1 warnings and errors in 767.756µs
[2026-08-25T14:41:20Z INFO  tinymist_preview] Preview("le66pg"): received notification: signal(false, true), when OnType
[2026-08-25T14:41:20Z INFO  tinymist_project::compiler] /home/rtinfew/Downloads/test.typ: compilation failed with 1 warnings and errors in 419.012µs
[2026-08-25T14:41:20Z INFO  tinymist_preview] Preview("le66pg"): received notification: signal(false, true), when OnType
[2026-08-25T14:41:20Z INFO  tinymist_project::compiler] /home/rtinfew/Downloads/test.typ: compilation failed with 1 warnings and errors in 413.1µs
[2026-08-25T14:41:20Z INFO  tinymist_preview] Preview("le66pg"): received notification: signal(false, true), when OnType
[2026-08-25T14:41:20Z INFO  tinymist_project::compiler] /home/rtinfew/Downloads/test.typ: compilation failed with 1 warnings and errors in 477.97µs
[2026-08-25T14:41:20Z INFO  tinymist_preview] Preview("le66pg"): received notification: signal(false, true), when OnType
[2026-08-25T14:41:20Z INFO  tinymist_project::compiler] /home/rtinfew/Downloads/test.typ: compilation failed with 1 warnings and errors in 415.494µs
[2026-08-25T14:41:20Z INFO  tinymist_preview] Preview("le66pg"): received notification: signal(false, true), when OnType
[2026-08-25T14:41:20Z INFO  tinymist_project::compiler] /home/rtinfew/Downloads/test.typ: compilation failed with 1 warnings and errors in 392.582µs
[2026-08-25T14:41:20Z INFO  tinymist_preview] Preview("le66pg"): received notification: signal(false, true), when OnType
[2026-08-25T14:41:20Z INFO  tinymist_project::compiler] /home/rtinfew/Downloads/test.typ: compilation failed with 1 warnings and errors in 919.089µs
[2026-08-25T14:41:20Z INFO  tinymist_preview] Preview("le66pg"): received notification: signal(false, true), when OnType
[2026-08-25T14:41:21Z INFO  tinymist_project::compiler] /home/rtinfew/Downloads/test.typ: compilation failed with 1 warnings and errors in 528.247µs
[2026-08-25T14:41:21Z INFO  tinymist_preview] Preview("le66pg"): received notification: signal(false, true), when OnType
[2026-08-25T14:41:21Z INFO  tinymist_project::compiler] /home/rtinfew/Downloads/test.typ: compilation failed with 1 warnings and errors in 410.545µs
[2026-08-25T14:41:21Z INFO  tinymist_preview] Preview("le66pg"): received notification: signal(false, true), when OnType
[2026-08-25T14:41:21Z INFO  tinymist_project::compiler] /home/rtinfew/Downloads/test.typ: compilation failed with 1 warnings and errors in 376.194µs
[2026-08-25T14:41:21Z INFO  tinymist_preview] Preview("le66pg"): received notification: signal(false, true), when OnType
[2026-08-25T14:41:21Z INFO  tinymist_project::compiler] /home/rtinfew/Downloads/test.typ: compilation failed with 1 warnings and errors in 581.44µs
[2026-08-25T14:41:21Z INFO  tinymist_preview] Preview("le66pg"): received notification: signal(false, true), when OnType
[2026-08-25T14:41:21Z INFO  tinymist_project::compiler] /home/rtinfew/Downloads/test.typ: compilation failed with 1 warnings and errors in 730.956µs
[2026-08-25T14:41:21Z INFO  tinymist_preview] Preview("le66pg"): received notification: signal(false, true), when OnType
[2026-08-25T14:41:21Z INFO  tinymist_project::compiler] /home/rtinfew/Downloads/test.typ: compilation failed with 1 warnings and errors in 557.901µs
[2026-08-25T14:41:21Z INFO  tinymist_preview] Preview("le66pg"): received notification: signal(false, true), when OnType
[2026-08-25T14:41:21Z INFO  tinymist_project::compiler] /home/rtinfew/Downloads/test.typ: compilation failed with 1 warnings and errors in 1.062476ms
[2026-08-25T14:41:21Z INFO  tinymist_preview] Preview("le66pg"): received notification: signal(false, true), when OnType
[2026-08-25T14:41:21Z INFO  tinymist_project::compiler] /home/rtinfew/Downloads/test.typ: compilation failed with 1 warnings and errors in 475.574µs
[2026-08-25T14:41:21Z INFO  tinymist_preview] Preview("le66pg"): received notification: signal(false, true), when OnType
[2026-08-25T14:41:21Z INFO  tinymist_project::compiler] /home/rtinfew/Downloads/test.typ: compilation failed with 1 warnings and errors in 448.226µs
[2026-08-25T14:41:21Z INFO  tinymist_preview] Preview("le66pg"): received notification: signal(false, true), when OnType
[2026-08-25T14:41:21Z INFO  tinymist_project::compiler] /home/rtinfew/Downloads/test.typ: compilation failed with 1 warnings and errors in 411.407µs
[2026-08-25T14:41:21Z INFO  tinymist_preview] Preview("le66pg"): received notification: signal(false, true), when OnType
[2026-08-25T14:41:21Z INFO  tinymist_project::compiler] /home/rtinfew/Downloads/test.typ: compilation failed with 1 warnings and errors in 618.341µs
[2026-08-25T14:41:21Z INFO  tinymist_preview] Preview("le66pg"): received notification: signal(false, true), when OnType
[2026-08-25T14:41:21Z INFO  tinymist_project::compiler] /home/rtinfew/Downloads/test.typ: compilation failed with 1 warnings and errors in 411.743µs
[2026-08-25T14:41:21Z INFO  tinymist_preview] Preview("le66pg"): received notification: signal(false, true), when OnType
[2026-08-25T14:41:21Z INFO  tinymist_project::compiler] /home/rtinfew/Downloads/test.typ: compilation failed with 1 warnings and errors in 400.149µs
[2026-08-25T14:41:21Z INFO  tinymist_preview] Preview("le66pg"): received notification: signal(false, true), when OnType
[2026-08-25T14:41:21Z INFO  tinymist_project::compiler] /home/rtinfew/Downloads/test.typ: compilation failed with 1 warnings and errors in 392.11µs
[2026-08-25T14:41:21Z INFO  tinymist_preview] Preview("le66pg"): received notification: signal(false, true), when OnType
[2026-08-25T14:41:21Z INFO  tinymist_project::compiler] /home/rtinfew/Downloads/test.typ: compilation failed with 1 warnings and errors in 545.739µs
[2026-08-25T14:41:21Z INFO  tinymist_preview] Preview("le66pg"): received notification: signal(false, true), when OnType
[2026-08-25T14:41:21Z INFO  tinymist_project::compiler] /home/rtinfew/Downloads/test.typ: compilation failed with 1 warnings and errors in 456.549µs
[2026-08-25T14:41:21Z INFO  tinymist_preview] Preview("le66pg"): received notification: signal(false, true), when OnType
[2026-08-25T14:41:21Z INFO  tinymist_project::compiler] /home/rtinfew/Downloads/test.typ: compilation failed with 1 warnings and errors in 469.398µs
[2026-08-25T14:41:21Z INFO  tinymist_preview] Preview("le66pg"): received notification: signal(false, true), when OnType
[2026-08-25T14:41:21Z INFO  tinymist_project::compiler] /home/rtinfew/Downloads/test.typ: compilation failed with 1 warnings and errors in 454.039µs
[2026-08-25T14:41:21Z INFO  tinymist_preview] Preview("le66pg"): received notification: signal(false, true), when OnType
[2026-08-25T14:41:21Z INFO  tinymist_project::compiler] /home/rtinfew/Downloads/test.typ: compilation failed with 1 warnings and errors in 432.931µs
[2026-08-25T14:41:21Z INFO  tinymist_preview] Preview("le66pg"): received notification: signal(false, true), when OnType
[2026-08-25T14:41:21Z INFO  tinymist_project::compiler] /home/rtinfew/Downloads/test.typ: compilation failed with 1 warnings and errors in 478.626µs
[2026-08-25T14:41:21Z INFO  tinymist_preview] Preview("le66pg"): received notification: signal(false, true), when OnType
[2026-08-25T14:41:22Z INFO  tinymist_project::compiler] /home/rtinfew/Downloads/test.typ: compilation failed with 1 warnings and errors in 462.098µs
[2026-08-25T14:41:22Z INFO  tinymist_preview] Preview("le66pg"): received notification: signal(false, true), when OnType
[2026-08-25T14:41:22Z INFO  tinymist_project::compiler] /home/rtinfew/Downloads/test.typ: compilation failed with 1 warnings and errors in 520.872µs
[2026-08-25T14:41:22Z INFO  tinymist_preview] Preview("le66pg"): received notification: signal(false, true), when OnType
[2026-08-25T14:41:22Z INFO  tinymist_project::compiler] /home/rtinfew/Downloads/test.typ: compilation failed with 1 warnings and errors in 913.049µs
[2026-08-25T14:41:22Z INFO  tinymist_preview] Preview("le66pg"): received notification: signal(false, true), when OnType
[2026-08-25T14:41:22Z INFO  tinymist_project::compiler] /home/rtinfew/Downloads/test.typ: compilation failed with 1 warnings and errors in 768.662µs
[2026-08-25T14:41:22Z INFO  tinymist_preview] Preview("le66pg"): received notification: signal(false, true), when OnType
[2026-08-25T14:41:22Z INFO  tinymist_project::compiler] /home/rtinfew/Downloads/test.typ: compilation failed with 1 warnings and errors in 569.195µs
[2026-08-25T14:41:22Z INFO  tinymist_preview] Preview("le66pg"): received notification: signal(false, true), when OnType
[2026-08-25T14:41:22Z INFO  tinymist_project::compiler] /home/rtinfew/Downloads/test.typ: compilation failed with 1 warnings and errors in 454.266µs
[2026-08-25T14:41:22Z INFO  tinymist_preview] Preview("le66pg"): received notification: signal(false, true), when OnType
[2026-08-25T14:41:22Z INFO  tinymist_project::compiler] /home/rtinfew/Downloads/test.typ: compilation failed with 1 warnings and errors in 468.234µs
[2026-08-25T14:41:22Z INFO  tinymist_preview] Preview("le66pg"): received notification: signal(false, true), when OnType
[2026-08-25T14:41:22Z INFO  tinymist_project::compiler] /home/rtinfew/Downloads/test.typ: compilation failed with 1 warnings and errors in 524.991µs
[2026-08-25T14:41:22Z INFO  tinymist_preview] Preview("le66pg"): received notification: signal(false, true), when OnType
[2026-08-25T14:41:22Z INFO  tinymist_project::compiler] /home/rtinfew/Downloads/test.typ: compilation failed with 1 warnings and errors in 532.794µs
[2026-08-25T14:41:22Z INFO  tinymist_preview] Preview("le66pg"): received notification: signal(false, true), when OnType
[2026-08-25T14:41:22Z INFO  tinymist_project::compiler] /home/rtinfew/Downloads/test.typ: compilation failed with 1 warnings and errors in 661.908µs
[2026-08-25T14:41:22Z INFO  tinymist_preview] Preview("le66pg"): received notification: signal(false, true), when OnType
[2026-08-25T14:41:22Z INFO  tinymist_project::compiler] /home/rtinfew/Downloads/test.typ: compilation failed with 1 warnings and errors in 523.157µs
[2026-08-25T14:41:22Z INFO  tinymist_preview] Preview("le66pg"): received notification: signal(false, true), when OnType
[2026-08-25T14:41:22Z INFO  tinymist_project::compiler] /home/rtinfew/Downloads/test.typ: compilation failed with 1 warnings and errors in 591.18µs
[2026-08-25T14:41:22Z INFO  tinymist_preview] Preview("le66pg"): received notification: signal(false, true), when OnType
[2026-08-25T14:41:22Z INFO  tinymist_project::compiler] /home/rtinfew/Downloads/test.typ: compilation failed with 1 warnings and errors in 474.096µs
[2026-08-25T14:41:22Z INFO  tinymist_preview] Preview("le66pg"): received notification: signal(false, true), when OnType
[2026-08-25T14:41:22Z INFO  tinymist_project::compiler] /home/rtinfew/Downloads/test.typ: compilation failed with 1 warnings and errors in 670.115µs
[2026-08-25T14:41:22Z INFO  tinymist_preview] Preview("le66pg"): received notification: signal(false, true), when OnType
[2026-08-25T14:41:22Z INFO  tinymist_project::compiler] /home/rtinfew/Downloads/test.typ: compilation failed with 1 warnings and errors in 462.77µs
[2026-08-25T14:41:22Z INFO  tinymist_preview] Preview("le66pg"): received notification: signal(false, true), when OnType
[2026-08-25T14:41:22Z INFO  tinymist_project::compiler] /home/rtinfew/Downloads/test.typ: compilation failed with 1 warnings and errors in 462.541µs
[2026-08-25T14:41:22Z INFO  tinymist_preview] Preview("le66pg"): received notification: signal(false, true), when OnType
[2026-08-25T14:41:22Z INFO  tinymist_project::compiler] /home/rtinfew/Downloads/test.typ: compilation failed with 1 warnings and errors in 613.272µs
[2026-08-25T14:41:22Z INFO  tinymist_preview] Preview("le66pg"): received notification: signal(false, true), when OnType
[2026-08-25T14:41:22Z INFO  tinymist_project::compiler] /home/rtinfew/Downloads/test.typ: compilation failed with 1 warnings and errors in 661.899µs
[2026-08-25T14:41:22Z INFO  tinymist_preview] Preview("le66pg"): received notification: signal(false, true), when OnType
[2026-08-25T14:41:22Z INFO  tinymist_project::compiler] /home/rtinfew/Downloads/test.typ: compilation failed with 1 warnings and errors in 623.218µs
[2026-08-25T14:41:22Z INFO  tinymist_preview] Preview("le66pg"): received notification: signal(false, true), when OnType
[2026-08-25T14:41:23Z INFO  tinymist_project::compiler] /home/rtinfew/Downloads/test.typ: compilation failed with 1 warnings and errors in 567.815µs
[2026-08-25T14:41:23Z INFO  tinymist_preview] Preview("le66pg"): received notification: signal(false, true), when OnType
[2026-08-25T14:41:23Z INFO  tinymist_project::compiler] /home/rtinfew/Downloads/test.typ: compilation failed with 1 warnings and errors in 792.384µs
[2026-08-25T14:41:23Z INFO  tinymist_preview] Preview("le66pg"): received notification: signal(false, true), when OnType
[2026-08-25T14:41:23Z INFO  tinymist_project::compiler] /home/rtinfew/Downloads/test.typ: compilation failed with 1 warnings and errors in 577.66µs
[2026-08-25T14:41:23Z INFO  tinymist_preview] Preview("le66pg"): received notification: signal(false, true), when OnType
[2026-08-25T14:41:23Z INFO  tinymist_project::compiler] /home/rtinfew/Downloads/test.typ: compilation failed with 1 warnings and errors in 407.329µs
[2026-08-25T14:41:23Z INFO  tinymist_preview] Preview("le66pg"): received notification: signal(false, true), when OnType
[2026-08-25T14:41:23Z INFO  tinymist_project::compiler] /home/rtinfew/Downloads/test.typ: compilation failed with 1 warnings and errors in 262.136µs
[2026-08-25T14:41:23Z INFO  tinymist_preview] Preview("le66pg"): received notification: signal(false, true), when OnType
[2026-08-25T14:41:23Z INFO  tinymist_project::compiler] /home/rtinfew/Downloads/test.typ: compilation failed with 1 warnings and errors in 377.031µs
[2026-08-25T14:41:23Z INFO  tinymist_preview] Preview("le66pg"): received notification: signal(false, true), when OnType
[2026-08-25T14:41:23Z INFO  tinymist_project::compiler] /home/rtinfew/Downloads/test.typ: compilation failed with 1 warnings and errors in 518.302µs
[2026-08-25T14:41:23Z INFO  tinymist_preview] Preview("le66pg"): received notification: signal(false, true), when OnType
[2026-08-25T14:41:23Z INFO  tinymist_project::compiler] /home/rtinfew/Downloads/test.typ: compilation failed with 1 warnings and errors in 646.806µs
[2026-08-25T14:41:23Z INFO  tinymist_preview] Preview("le66pg"): received notification: signal(false, true), when OnType
[2026-08-25T14:41:23Z INFO  tinymist_project::compiler] /home/rtinfew/Downloads/test.typ: compilation failed with 1 warnings and errors in 513.208µs
[2026-08-25T14:41:23Z INFO  tinymist_preview] Preview("le66pg"): received notification: signal(false, true), when OnType
[2026-08-25T14:41:23Z INFO  tinymist_project::compiler] /home/rtinfew/Downloads/test.typ: compilation failed with 1 warnings and errors in 604.351µs
[2026-08-25T14:41:23Z INFO  tinymist_preview] Preview("le66pg"): received notification: signal(false, true), when OnType
[2026-08-25T14:41:23Z INFO  tinymist_project::compiler] /home/rtinfew/Downloads/test.typ: compilation failed with 1 warnings and errors in 508.886µs
[2026-08-25T14:41:23Z INFO  tinymist_preview] Preview("le66pg"): received notification: signal(false, true), when OnType
[2026-08-25T14:41:23Z INFO  tinymist_project::compiler] /home/rtinfew/Downloads/test.typ: compilation failed with 1 warnings and errors in 499.44µs
[2026-08-25T14:41:23Z INFO  tinymist_preview] Preview("le66pg"): received notification: signal(false, true), when OnType
[2026-08-25T14:41:23Z INFO  tinymist_project::compiler] /home/rtinfew/Downloads/test.typ: compilation failed with 1 warnings and errors in 588.199µs
[2026-08-25T14:41:23Z INFO  tinymist_preview] Preview("le66pg"): received notification: signal(false, true), when OnType
[2026-08-25T14:41:23Z INFO  tinymist_project::compiler] /home/rtinfew/Downloads/test.typ: compilation failed with 1 warnings and errors in 977.842µs
[2026-08-25T14:41:23Z INFO  tinymist_preview] Preview("le66pg"): received notification: signal(false, true), when OnType
[2026-08-25T14:41:23Z INFO  tinymist_project::compiler] /home/rtinfew/Downloads/test.typ: compilation failed with 1 warnings and errors in 373.754µs
[2026-08-25T14:41:23Z INFO  tinymist_preview] Preview("le66pg"): received notification: signal(false, true), when OnType
[2026-08-25T14:41:23Z INFO  tinymist_project::compiler] /home/rtinfew/Downloads/test.typ: compilation failed with 1 warnings and errors in 468.103µs
[2026-08-25T14:41:23Z INFO  tinymist_preview] Preview("le66pg"): received notification: signal(false, true), when OnType
[2026-08-25T14:41:23Z INFO  tinymist_project::compiler] /home/rtinfew/Downloads/test.typ: compilation failed with 1 warnings and errors in 542.346µs
[2026-08-25T14:41:23Z INFO  tinymist_preview] Preview("le66pg"): received notification: signal(false, true), when OnType
[2026-08-25T14:41:23Z INFO  tinymist_project::compiler] /home/rtinfew/Downloads/test.typ: compilation failed with 1 warnings and errors in 641.049µs
[2026-08-25T14:41:23Z INFO  tinymist_preview] Preview("le66pg"): received notification: signal(false, true), when OnType
[2026-08-25T14:41:23Z INFO  tinymist_project::compiler] /home/rtinfew/Downloads/test.typ: compilation failed with 1 warnings and errors in 589.235µs
[2026-08-25T14:41:23Z INFO  tinymist_preview] Preview("le66pg"): received notification: signal(false, true), when OnType
[2026-08-25T14:41:24Z INFO  tinymist_project::compiler] /home/rtinfew/Downloads/test.typ: compilation failed with 1 warnings and errors in 510.46µs
[2026-08-25T14:41:24Z INFO  tinymist_preview] Preview("le66pg"): received notification: signal(false, true), when OnType
[2026-08-25T14:41:24Z INFO  tinymist_project::compiler] /home/rtinfew/Downloads/test.typ: compilation failed with 1 warnings and errors in 537.326µs
[2026-08-25T14:41:24Z INFO  tinymist_preview] Preview("le66pg"): received notification: signal(false, true), when OnType
[2026-08-25T14:41:24Z INFO  tinymist_project::compiler] /home/rtinfew/Downloads/test.typ: compilation failed with 1 warnings and errors in 466.356µs
[2026-08-25T14:41:24Z INFO  tinymist_preview] Preview("le66pg"): received notification: signal(false, true), when OnType
[2026-08-25T14:41:24Z INFO  tinymist_project::compiler] /home/rtinfew/Downloads/test.typ: compilation failed with 1 warnings and errors in 470.263µs
[2026-08-25T14:41:24Z INFO  tinymist_preview] Preview("le66pg"): received notification: signal(false, true), when OnType
[2026-08-25T14:41:24Z INFO  tinymist_project::compiler] /home/rtinfew/Downloads/test.typ: compilation failed with 1 warnings and errors in 595.695µs
[2026-08-25T14:41:24Z INFO  tinymist_preview] Preview("le66pg"): received notification: signal(false, true), when OnType
[2026-08-25T14:41:24Z INFO  tinymist_project::compiler] /home/rtinfew/Downloads/test.typ: compilation failed with 1 warnings and errors in 855.121µs
[2026-08-25T14:41:24Z INFO  tinymist_preview] Preview("le66pg"): received notification: signal(false, true), when OnType
[2026-08-25T14:41:24Z INFO  tinymist_project::compiler] /home/rtinfew/Downloads/test.typ: compilation failed with 1 warnings and errors in 627.8µs
[2026-08-25T14:41:24Z INFO  tinymist_preview] Preview("le66pg"): received notification: signal(false, true), when OnType
[2026-08-25T14:41:24Z INFO  tinymist_project::compiler] /home/rtinfew/Downloads/test.typ: compilation failed with 1 warnings and errors in 563.151µs
[2026-08-25T14:41:24Z INFO  tinymist_preview] Preview("le66pg"): received notification: signal(false, true), when OnType
[2026-08-25T14:41:24Z INFO  tinymist_project::compiler] /home/rtinfew/Downloads/test.typ: compilation failed with 1 warnings and errors in 449.883µs
[2026-08-25T14:41:24Z INFO  tinymist_preview] Preview("le66pg"): received notification: signal(false, true), when OnType
[2026-08-25T14:41:24Z INFO  tinymist_project::compiler] /home/rtinfew/Downloads/test.typ: compilation failed with 1 warnings and errors in 453.572µs
[2026-08-25T14:41:24Z INFO  tinymist_preview] Preview("le66pg"): received notification: signal(false, true), when OnType
[2026-08-25T14:41:24Z INFO  tinymist_project::compiler] /home/rtinfew/Downloads/test.typ: compilation failed with 1 warnings and errors in 530.736µs
[2026-08-25T14:41:24Z INFO  tinymist_preview] Preview("le66pg"): received notification: signal(false, true), when OnType
[2026-08-25T14:41:24Z INFO  tinymist_project::compiler] /home/rtinfew/Downloads/test.typ: compilation failed with 1 warnings and errors in 471.441µs
[2026-08-25T14:41:24Z INFO  tinymist_preview] Preview("le66pg"): received notification: signal(false, true), when OnType
[2026-08-25T14:41:24Z INFO  tinymist_project::compiler] /home/rtinfew/Downloads/test.typ: compilation failed with 1 warnings and errors in 485.153µs
[2026-08-25T14:41:24Z INFO  tinymist_preview] Preview("le66pg"): received notification: signal(false, true), when OnType
[2026-08-25T14:41:24Z INFO  tinymist_project::compiler] /home/rtinfew/Downloads/test.typ: compilation failed with 1 warnings and errors in 650.19µs
[2026-08-25T14:41:24Z INFO  tinymist_preview] Preview("le66pg"): received notification: signal(false, true), when OnType
[2026-08-25T14:41:24Z INFO  tinymist_project::compiler] /home/rtinfew/Downloads/test.typ: compilation failed with 1 warnings and errors in 565.625µs
[2026-08-25T14:41:24Z INFO  tinymist_preview] Preview("le66pg"): received notification: signal(false, true), when OnType
[2026-08-25T14:41:24Z INFO  tinymist_project::compiler] /home/rtinfew/Downloads/test.typ: compilation failed with 1 warnings and errors in 578.948µs
[2026-08-25T14:41:24Z INFO  tinymist_preview] Preview("le66pg"): received notification: signal(false, true), when OnType
[2026-08-25T14:41:24Z INFO  tinymist_project::compiler] /home/rtinfew/Downloads/test.typ: compilation failed with 1 warnings and errors in 578.194µs
[2026-08-25T14:41:24Z INFO  tinymist_preview] Preview("le66pg"): received notification: signal(false, true), when OnType
[2026-08-25T14:41:24Z INFO  tinymist_project::compiler] /home/rtinfew/Downloads/test.typ: compilation failed with 1 warnings and errors in 566.043µs
[2026-08-25T14:41:24Z INFO  tinymist_preview] Preview("le66pg"): received notification: signal(false, true), when OnType
[2026-08-25T14:41:24Z INFO  tinymist_project::compiler] /home/rtinfew/Downloads/test.typ: compilation failed with 1 warnings and errors in 774.468µs
[2026-08-25T14:41:24Z INFO  tinymist_preview] Preview("le66pg"): received notification: signal(false, true), when OnType
[2026-08-25T14:41:25Z INFO  tinymist_project::compiler] /home/rtinfew/Downloads/test.typ: compilation failed with 1 warnings and errors in 608.949µs
[2026-08-25T14:41:25Z INFO  tinymist_preview] Preview("le66pg"): received notification: signal(false, true), when OnType
[2026-08-25T14:41:25Z INFO  tinymist_project::compiler] /home/rtinfew/Downloads/test.typ: compilation failed with 1 warnings and errors in 654.74µs
[2026-08-25T14:41:25Z INFO  tinymist_preview] Preview("le66pg"): received notification: signal(false, true), when OnType
[2026-08-25T14:41:25Z INFO  tinymist_project::compiler] /home/rtinfew/Downloads/test.typ: compilation failed with 1 warnings and errors in 394.401µs
[2026-08-25T14:41:25Z INFO  tinymist_preview] Preview("le66pg"): received notification: signal(false, true), when OnType
[2026-08-25T14:41:25Z INFO  tinymist_project::compiler] /home/rtinfew/Downloads/test.typ: compilation failed with 1 warnings and errors in 428.774µs
[2026-08-25T14:41:25Z INFO  tinymist_preview] Preview("le66pg"): received notification: signal(false, true), when OnType
[2026-08-25T14:41:25Z INFO  tinymist_project::compiler] /home/rtinfew/Downloads/test.typ: compilation failed with 1 warnings and errors in 558.561µs
[2026-08-25T14:41:25Z INFO  tinymist_preview] Preview("le66pg"): received notification: signal(false, true), when OnType
[2026-08-25T14:41:25Z INFO  tinymist_project::compiler] /home/rtinfew/Downloads/test.typ: compilation failed with 1 warnings and errors in 579.668µs
[2026-08-25T14:41:25Z INFO  tinymist_preview] Preview("le66pg"): received notification: signal(false, true), when OnType
[2026-08-25T14:41:25Z INFO  tinymist_project::compiler] /home/rtinfew/Downloads/test.typ: compilation failed with 1 warnings and errors in 547.249µs
[2026-08-25T14:41:25Z INFO  tinymist_preview] Preview("le66pg"): received notification: signal(false, true), when OnType
[2026-08-25T14:41:25Z INFO  tinymist_project::compiler] /home/rtinfew/Downloads/test.typ: compilation failed with 1 warnings and errors in 389.176µs
[2026-08-25T14:41:25Z INFO  tinymist_preview] Preview("le66pg"): received notification: signal(false, true), when OnType
[2026-08-25T14:41:25Z INFO  tinymist_project::compiler] /home/rtinfew/Downloads/test.typ: compilation failed with 1 warnings and errors in 304.669µs
[2026-08-25T14:41:25Z INFO  tinymist_preview] Preview("le66pg"): received notification: signal(false, true), when OnType
[2026-08-25T14:41:25Z INFO  tinymist_project::compiler] /home/rtinfew/Downloads/test.typ: compilation failed with 1 warnings and errors in 303.145µs
[2026-08-25T14:41:25Z INFO  tinymist_preview] Preview("le66pg"): received notification: signal(false, true), when OnType
[2026-08-25T14:41:25Z INFO  tinymist_project::compiler] /home/rtinfew/Downloads/test.typ: compilation failed with 1 warnings and errors in 242.206µs
[2026-08-25T14:41:25Z INFO  tinymist_preview] Preview("le66pg"): received notification: signal(false, true), when OnType
[2026-08-25T14:41:25Z INFO  tinymist_project::compiler] /home/rtinfew/Downloads/test.typ: compilation failed with 1 warnings and errors in 236.156µs
[2026-08-25T14:41:25Z INFO  tinymist_preview] Preview("le66pg"): received notification: signal(false, true), when OnType
[2026-08-25T14:41:25Z INFO  tinymist_project::compiler] /home/rtinfew/Downloads/test.typ: compilation failed with 1 warnings and errors in 250.377µs
[2026-08-25T14:41:25Z INFO  tinymist_preview] Preview("le66pg"): received notification: signal(false, true), when OnType
[2026-08-25T14:41:25Z INFO  tinymist_project::compiler] /home/rtinfew/Downloads/test.typ: compilation failed with 1 warnings and errors in 206.891µs
[2026-08-25T14:41:25Z INFO  tinymist_preview] Preview("le66pg"): received notification: signal(false, true), when OnType
[2026-08-25T14:41:25Z INFO  tinymist_project::compiler] /home/rtinfew/Downloads/test.typ: compilation failed with 1 warnings and errors in 197.084µs
[2026-08-25T14:41:25Z INFO  tinymist_preview] Preview("le66pg"): received notification: signal(false, true), when OnType
[2026-08-25T14:41:25Z INFO  tinymist_project::compiler] /home/rtinfew/Downloads/test.typ: compilation failed with 1 warnings and errors in 586.517µs
[2026-08-25T14:41:25Z INFO  tinymist_preview] Preview("le66pg"): received notification: signal(false, true), when OnType
[2026-08-25T14:41:25Z INFO  tinymist_project::compiler] /home/rtinfew/Downloads/test.typ: compilation failed with 1 warnings and errors in 476.607µs
[2026-08-25T14:41:25Z INFO  tinymist_preview] Preview("le66pg"): received notification: signal(false, true), when OnType
[2026-08-25T14:41:25Z INFO  tinymist_project::compiler] /home/rtinfew/Downloads/test.typ: compilation failed with 1 warnings and errors in 477.924µs
[2026-08-25T14:41:25Z INFO  tinymist_preview] Preview("le66pg"): received notification: signal(false, true), when OnType
[2026-08-25T14:41:25Z INFO  tinymist_project::compiler] /home/rtinfew/Downloads/test.typ: compilation failed with 1 warnings and errors in 686.912µs
[2026-08-25T14:41:25Z INFO  tinymist_preview] Preview("le66pg"): received notification: signal(false, true), when OnType
[2026-08-25T14:41:26Z INFO  tinymist_project::compiler] /home/rtinfew/Downloads/test.typ: compilation failed with 1 warnings and errors in 459.044µs
[2026-08-25T14:41:26Z INFO  tinymist_preview] Preview("le66pg"): received notification: signal(false, true), when OnType
[2026-08-25T14:41:26Z INFO  tinymist_project::compiler] /home/rtinfew/Downloads/test.typ: compilation failed with 1 warnings and errors in 476.799µs
[2026-08-25T14:41:26Z INFO  tinymist_preview] Preview("le66pg"): received notification: signal(false, true), when OnType
[2026-08-25T14:41:26Z INFO  tinymist_project::compiler] /home/rtinfew/Downloads/test.typ: compilation failed with 1 warnings and errors in 436.396µs
[2026-08-25T14:41:26Z INFO  tinymist_preview] Preview("le66pg"): received notification: signal(false, true), when OnType
[2026-08-25T14:41:26Z INFO  tinymist_project::compiler] /home/rtinfew/Downloads/test.typ: compilation failed with 1 warnings and errors in 524.821µs
[2026-08-25T14:41:26Z INFO  tinymist_preview] Preview("le66pg"): received notification: signal(false, true), when OnType
[2026-08-25T14:41:26Z INFO  tinymist_project::compiler] /home/rtinfew/Downloads/test.typ: compilation failed with 1 warnings and errors in 658.322µs
[2026-08-25T14:41:26Z INFO  tinymist_preview] Preview("le66pg"): received notification: signal(false, true), when OnType
[2026-08-25T14:41:26Z INFO  tinymist_project::compiler] /home/rtinfew/Downloads/test.typ: compilation failed with 1 warnings and errors in 613.49µs
[2026-08-25T14:41:26Z INFO  tinymist_preview] Preview("le66pg"): received notification: signal(false, true), when OnType
[2026-08-25T14:41:26Z INFO  tinymist_project::compiler] /home/rtinfew/Downloads/test.typ: compilation failed with 1 warnings and errors in 438.523µs
[2026-08-25T14:41:26Z INFO  tinymist_preview] Preview("le66pg"): received notification: signal(false, true), when OnType
[2026-08-25T14:41:26Z INFO  tinymist_project::compiler] /home/rtinfew/Downloads/test.typ: compilation failed with 1 warnings and errors in 458.45µs
[2026-08-25T14:41:26Z INFO  tinymist_preview] Preview("le66pg"): received notification: signal(false, true), when OnType
[2026-08-25T14:41:26Z INFO  tinymist_project::compiler] /home/rtinfew/Downloads/test.typ: compilation failed with 1 warnings and errors in 510.108µs
[2026-08-25T14:41:26Z INFO  tinymist_preview] Preview("le66pg"): received notification: signal(false, true), when OnType
[2026-08-25T14:41:26Z INFO  tinymist_project::compiler] /home/rtinfew/Downloads/test.typ: compilation failed with 1 warnings and errors in 429.469µs
[2026-08-25T14:41:26Z INFO  tinymist_preview] Preview("le66pg"): received notification: signal(false, true), when OnType
[2026-08-25T14:41:26Z INFO  tinymist_project::compiler] /home/rtinfew/Downloads/test.typ: compilation failed with 1 warnings and errors in 479.703µs
[2026-08-25T14:41:26Z INFO  tinymist_preview] Preview("le66pg"): received notification: signal(false, true), when OnType
[2026-08-25T14:41:26Z INFO  tinymist_project::compiler] /home/rtinfew/Downloads/test.typ: compilation failed with 1 warnings and errors in 556.573µs
[2026-08-25T14:41:26Z INFO  tinymist_preview] Preview("le66pg"): received notification: signal(false, true), when OnType
[2026-08-25T14:41:26Z INFO  tinymist_project::compiler] /home/rtinfew/Downloads/test.typ: compilation failed with 1 warnings and errors in 621.194µs
[2026-08-25T14:41:26Z INFO  tinymist_preview] Preview("le66pg"): received notification: signal(false, true), when OnType
[2026-08-25T14:41:26Z INFO  tinymist_project::compiler] /home/rtinfew/Downloads/test.typ: compilation failed with 1 warnings and errors in 513.518µs
[2026-08-25T14:41:26Z INFO  tinymist_preview] Preview("le66pg"): received notification: signal(false, true), when OnType
[2026-08-25T14:41:26Z INFO  tinymist_project::compiler] /home/rtinfew/Downloads/test.typ: compilation failed with 1 warnings and errors in 480.149µs
[2026-08-25T14:41:26Z INFO  tinymist_preview] Preview("le66pg"): received notification: signal(false, true), when OnType
[2026-08-25T14:41:26Z INFO  tinymist_project::compiler] /home/rtinfew/Downloads/test.typ: compilation failed with 1 warnings and errors in 462.553µs
[2026-08-25T14:41:26Z INFO  tinymist_preview] Preview("le66pg"): received notification: signal(false, true), when OnType
[2026-08-25T14:41:26Z INFO  tinymist_project::compiler] /home/rtinfew/Downloads/test.typ: compilation failed with 1 warnings and errors in 423.258µs
[2026-08-25T14:41:26Z INFO  tinymist_preview] Preview("le66pg"): received notification: signal(false, true), when OnType
[2026-08-25T14:41:26Z INFO  tinymist_project::compiler] /home/rtinfew/Downloads/test.typ: compilation failed with 1 warnings and errors in 629.985µs
[2026-08-25T14:41:26Z INFO  tinymist_preview] Preview("le66pg"): received notification: signal(false, true), when OnType
[2026-08-25T14:41:26Z INFO  tinymist_project::compiler] /home/rtinfew/Downloads/test.typ: compilation failed with 1 warnings and errors in 604.027µs
[2026-08-25T14:41:26Z INFO  tinymist_preview] Preview("le66pg"): received notification: signal(false, true), when OnType
[2026-08-25T14:41:27Z INFO  tinymist_project::compiler] /home/rtinfew/Downloads/test.typ: compilation failed with 1 warnings and errors in 772.058µs
[2026-08-25T14:41:27Z INFO  tinymist_preview] Preview("le66pg"): received notification: signal(false, true), when OnType
[2026-08-25T14:41:27Z INFO  tinymist_project::compiler] /home/rtinfew/Downloads/test.typ: compilation failed with 1 warnings and errors in 629.369µs
[2026-08-25T14:41:27Z INFO  tinymist_preview] Preview("le66pg"): received notification: signal(false, true), when OnType
[2026-08-25T14:41:27Z INFO  tinymist_project::compiler] /home/rtinfew/Downloads/test.typ: compilation failed with 1 warnings and errors in 548.054µs
[2026-08-25T14:41:27Z INFO  tinymist_preview] Preview("le66pg"): received notification: signal(false, true), when OnType
[2026-08-25T14:41:27Z INFO  tinymist_project::compiler] /home/rtinfew/Downloads/test.typ: compilation failed with 1 warnings and errors in 515.598µs
[2026-08-25T14:41:27Z INFO  tinymist_preview] Preview("le66pg"): received notification: signal(false, true), when OnType
[2026-08-25T14:41:27Z INFO  tinymist_project::compiler] /home/rtinfew/Downloads/test.typ: compilation failed with 1 warnings and errors in 481.483µs
[2026-08-25T14:41:27Z INFO  tinymist_preview] Preview("le66pg"): received notification: signal(false, true), when OnType
[2026-08-25T14:41:27Z INFO  tinymist_project::compiler] /home/rtinfew/Downloads/test.typ: compilation failed with 1 warnings and errors in 648.837µs
[2026-08-25T14:41:27Z INFO  tinymist_preview] Preview("le66pg"): received notification: signal(false, true), when OnType
[2026-08-25T14:41:27Z INFO  tinymist_project::compiler] /home/rtinfew/Downloads/test.typ: compilation failed with 1 warnings and errors in 495.438µs
[2026-08-25T14:41:27Z INFO  tinymist_preview] Preview("le66pg"): received notification: signal(false, true), when OnType
[2026-08-25T14:41:27Z INFO  tinymist_project::compiler] /home/rtinfew/Downloads/test.typ: compilation failed with 1 warnings and errors in 668.224µs
[2026-08-25T14:41:27Z INFO  tinymist_preview] Preview("le66pg"): received notification: signal(false, true), when OnType
[2026-08-25T14:41:27Z INFO  tinymist_project::compiler] /home/rtinfew/Downloads/test.typ: compilation failed with 1 warnings and errors in 500.522µs
[2026-08-25T14:41:27Z INFO  tinymist_preview] Preview("le66pg"): received notification: signal(false, true), when OnType
[2026-08-25T14:41:27Z INFO  tinymist_project::compiler] /home/rtinfew/Downloads/test.typ: compilation failed with 1 warnings and errors in 513.375µs
[2026-08-25T14:41:27Z INFO  tinymist_preview] Preview("le66pg"): received notification: signal(false, true), when OnType
[2026-08-25T14:41:27Z INFO  tinymist_project::compiler] /home/rtinfew/Downloads/test.typ: compilation failed with 1 warnings and errors in 401.223µs
[2026-08-25T14:41:27Z INFO  tinymist_preview] Preview("le66pg"): received notification: signal(false, true), when OnType
[2026-08-25T14:41:27Z INFO  tinymist_project::compiler] /home/rtinfew/Downloads/test.typ: compilation failed with 1 warnings and errors in 582.1µs
[2026-08-25T14:41:27Z INFO  tinymist_preview] Preview("le66pg"): received notification: signal(false, true), when OnType
[2026-08-25T14:41:27Z INFO  tinymist_project::compiler] /home/rtinfew/Downloads/test.typ: compilation failed with 1 warnings and errors in 672.417µs
[2026-08-25T14:41:27Z INFO  tinymist_preview] Preview("le66pg"): received notification: signal(false, true), when OnType
[2026-08-25T14:41:27Z INFO  tinymist_project::compiler] /home/rtinfew/Downloads/test.typ: compilation failed with 1 warnings and errors in 431.384µs
[2026-08-25T14:41:27Z INFO  tinymist_preview] Preview("le66pg"): received notification: signal(false, true), when OnType
[2026-08-25T14:41:27Z INFO  tinymist_project::compiler] /home/rtinfew/Downloads/test.typ: compilation failed with 1 warnings and errors in 460.54µs
[2026-08-25T14:41:27Z INFO  tinymist_preview] Preview("le66pg"): received notification: signal(false, true), when OnType
[2026-08-25T14:41:27Z INFO  tinymist_project::compiler] /home/rtinfew/Downloads/test.typ: compilation failed with 1 warnings and errors in 451.392µs
[2026-08-25T14:41:27Z INFO  tinymist_preview] Preview("le66pg"): received notification: signal(false, true), when OnType
[2026-08-25T14:41:27Z INFO  tinymist_project::compiler] /home/rtinfew/Downloads/test.typ: compilation failed with 1 warnings and errors in 477.032µs
[2026-08-25T14:41:27Z INFO  tinymist_preview] Preview("le66pg"): received notification: signal(false, true), when OnType
[2026-08-25T14:41:27Z INFO  tinymist_project::compiler] /home/rtinfew/Downloads/test.typ: compilation failed with 1 warnings and errors in 463.06µs
[2026-08-25T14:41:27Z INFO  tinymist_preview] Preview("le66pg"): received notification: signal(false, true), when OnType
[2026-08-25T14:41:27Z INFO  tinymist_project::compiler] /home/rtinfew/Downloads/test.typ: compilation failed with 1 warnings and errors in 581.334µs
[2026-08-25T14:41:27Z INFO  tinymist_preview] Preview("le66pg"): received notification: signal(false, true), when OnType
[2026-08-25T14:41:28Z INFO  tinymist_project::compiler] /home/rtinfew/Downloads/test.typ: compilation failed with 1 warnings and errors in 630.289µs
[2026-08-25T14:41:28Z INFO  tinymist_preview] Preview("le66pg"): received notification: signal(false, true), when OnType
[2026-08-25T14:41:28Z INFO  tinymist_project::compiler] /home/rtinfew/Downloads/test.typ: compilation failed with 1 warnings and errors in 692.843µs
[2026-08-25T14:41:28Z INFO  tinymist_preview] Preview("le66pg"): received notification: signal(false, true), when OnType
[2026-08-25T14:41:28Z INFO  tinymist_project::compiler] /home/rtinfew/Downloads/test.typ: compilation failed with 1 warnings and errors in 810.484µs
[2026-08-25T14:41:28Z INFO  tinymist_preview] Preview("le66pg"): received notification: signal(false, true), when OnType
[2026-08-25T14:41:28Z INFO  tinymist_project::compiler] /home/rtinfew/Downloads/test.typ: compilation failed with 1 warnings and errors in 581.652µs
[2026-08-25T14:41:28Z INFO  tinymist_preview] Preview("le66pg"): received notification: signal(false, true), when OnType
[2026-08-25T14:41:28Z INFO  tinymist_project::compiler] /home/rtinfew/Downloads/test.typ: compilation failed with 1 warnings and errors in 516.506µs
[2026-08-25T14:41:28Z INFO  tinymist_preview] Preview("le66pg"): received notification: signal(false, true), when OnType
[2026-08-25T14:41:28Z INFO  tinymist_project::compiler] /home/rtinfew/Downloads/test.typ: compilation failed with 1 warnings and errors in 2.034206ms
[2026-08-25T14:41:28Z INFO  tinymist_preview] Preview("le66pg"): received notification: signal(false, true), when OnType
[2026-08-25T14:41:28Z INFO  tinymist_project::compiler] /home/rtinfew/Downloads/test.typ: compilation failed with 1 warnings and errors in 457.489µs
[2026-08-25T14:41:28Z INFO  tinymist_preview] Preview("le66pg"): received notification: signal(false, true), when OnType
[2026-08-25T14:41:28Z INFO  tinymist_project::compiler] /home/rtinfew/Downloads/test.typ: compilation failed with 1 warnings and errors in 442.404µs
[2026-08-25T14:41:28Z INFO  tinymist_preview] Preview("le66pg"): received notification: signal(false, true), when OnType
[2026-08-25T14:41:28Z INFO  tinymist_project::compiler] /home/rtinfew/Downloads/test.typ: compilation failed with 1 warnings and errors in 477.927µs
[2026-08-25T14:41:28Z INFO  tinymist_preview] Preview("le66pg"): received notification: signal(false, true), when OnType
[2026-08-25T14:41:28Z INFO  tinymist_project::compiler] /home/rtinfew/Downloads/test.typ: compilation failed with 1 warnings and errors in 233.121µs
[2026-08-25T14:41:28Z INFO  tinymist_preview] Preview("le66pg"): received notification: signal(false, true), when OnType
[2026-08-25T14:41:28Z INFO  tinymist_project::compiler] /home/rtinfew/Downloads/test.typ: compilation failed with 1 warnings and errors in 465.926µs
[2026-08-25T14:41:28Z INFO  tinymist_preview] Preview("le66pg"): received notification: signal(false, true), when OnType
[2026-08-25T14:41:28Z INFO  tinymist_project::compiler] /home/rtinfew/Downloads/test.typ: compilation failed with 1 warnings and errors in 480.417µs
[2026-08-25T14:41:28Z INFO  tinymist_preview] Preview("le66pg"): received notification: signal(false, true), when OnType
[2026-08-25T14:41:28Z INFO  tinymist_project::compiler] /home/rtinfew/Downloads/test.typ: compilation failed with 1 warnings and errors in 580.48µs
[2026-08-25T14:41:28Z INFO  tinymist_preview] Preview("le66pg"): received notification: signal(false, true), when OnType
[2026-08-25T14:41:28Z INFO  tinymist_project::compiler] /home/rtinfew/Downloads/test.typ: compilation failed with 1 warnings and errors in 517.419µs
[2026-08-25T14:41:28Z INFO  tinymist_preview] Preview("le66pg"): received notification: signal(false, true), when OnType
[2026-08-25T14:41:28Z INFO  tinymist_project::compiler] /home/rtinfew/Downloads/test.typ: compilation failed with 1 warnings and errors in 831.626µs
[2026-08-25T14:41:28Z INFO  tinymist_preview] Preview("le66pg"): received notification: signal(false, true), when OnType
[2026-08-25T14:41:28Z INFO  tinymist_project::compiler] /home/rtinfew/Downloads/test.typ: compilation failed with 1 warnings and errors in 704.539µs
[2026-08-25T14:41:28Z INFO  tinymist_preview] Preview("le66pg"): received notification: signal(false, true), when OnType
[2026-08-25T14:41:28Z INFO  tinymist_project::compiler] /home/rtinfew/Downloads/test.typ: compilation failed with 1 warnings and errors in 428.234µs
[2026-08-25T14:41:28Z INFO  tinymist_preview] Preview("le66pg"): received notification: signal(false, true), when OnType
[2026-08-25T14:41:28Z INFO  tinymist_project::compiler] /home/rtinfew/Downloads/test.typ: compilation failed with 1 warnings and errors in 470.707µs
[2026-08-25T14:41:28Z INFO  tinymist_preview] Preview("le66pg"): received notification: signal(false, true), when OnType
[2026-08-25T14:41:28Z INFO  tinymist_project::compiler] /home/rtinfew/Downloads/test.typ: compilation failed with 1 warnings and errors in 657.327µs
[2026-08-25T14:41:28Z INFO  tinymist_preview] Preview("le66pg"): received notification: signal(false, true), when OnType
[2026-08-25T14:41:29Z INFO  tinymist_project::compiler] /home/rtinfew/Downloads/test.typ: compilation failed with 1 warnings and errors in 644.384µs
[2026-08-25T14:41:29Z INFO  tinymist_preview] Preview("le66pg"): received notification: signal(false, true), when OnType
[2026-08-25T14:41:29Z INFO  tinymist_project::compiler] /home/rtinfew/Downloads/test.typ: compilation failed with 1 warnings and errors in 352.872µs
[2026-08-25T14:41:29Z INFO  tinymist_preview] Preview("le66pg"): received notification: signal(false, true), when OnType
[2026-08-25T14:41:29Z INFO  tinymist_project::compiler] /home/rtinfew/Downloads/test.typ: compilation failed with 1 warnings and errors in 196.33µs
[2026-08-25T14:41:29Z INFO  tinymist_preview] Preview("le66pg"): received notification: signal(false, true), when OnType
[2026-08-25T14:41:29Z INFO  tinymist_project::compiler] /home/rtinfew/Downloads/test.typ: compilation failed with 1 warnings and errors in 211.531µs
[2026-08-25T14:41:29Z INFO  tinymist_preview] Preview("le66pg"): received notification: signal(false, true), when OnType
[2026-08-25T14:41:29Z INFO  tinymist_project::compiler] /home/rtinfew/Downloads/test.typ: compilation failed with 1 warnings and errors in 357.642µs
[2026-08-25T14:41:29Z INFO  tinymist_preview] Preview("le66pg"): received notification: signal(false, true), when OnType
[2026-08-25T14:41:29Z INFO  tinymist_project::compiler] /home/rtinfew/Downloads/test.typ: compilation failed with 1 warnings and errors in 466.734µs
[2026-08-25T14:41:29Z INFO  tinymist_preview] Preview("le66pg"): received notification: signal(false, true), when OnType
[2026-08-25T14:41:29Z INFO  tinymist_project::compiler] /home/rtinfew/Downloads/test.typ: compilation failed with 1 warnings and errors in 454.607µs
[2026-08-25T14:41:29Z INFO  tinymist_preview] Preview("le66pg"): received notification: signal(false, true), when OnType
[2026-08-25T14:41:29Z INFO  tinymist_project::compiler] /home/rtinfew/Downloads/test.typ: compilation failed with 1 warnings and errors in 592.293µs
[2026-08-25T14:41:29Z INFO  tinymist_preview] Preview("le66pg"): received notification: signal(false, true), when OnType
[2026-08-25T14:41:29Z INFO  tinymist_project::compiler] /home/rtinfew/Downloads/test.typ: compilation failed with 1 warnings and errors in 443.946µs
[2026-08-25T14:41:29Z INFO  tinymist_preview] Preview("le66pg"): received notification: signal(false, true), when OnType
[2026-08-25T14:41:29Z INFO  tinymist_project::compiler] /home/rtinfew/Downloads/test.typ: compilation failed with 1 warnings and errors in 599.303µs
[2026-08-25T14:41:29Z INFO  tinymist_preview] Preview("le66pg"): received notification: signal(false, true), when OnType
[2026-08-25T14:41:29Z INFO  tinymist_project::compiler] /home/rtinfew/Downloads/test.typ: compilation failed with 1 warnings and errors in 523.934µs
[2026-08-25T14:41:29Z INFO  tinymist_preview] Preview("le66pg"): received notification: signal(false, true), when OnType
[2026-08-25T14:41:29Z INFO  tinymist_project::compiler] /home/rtinfew/Downloads/test.typ: compilation failed with 1 warnings and errors in 515.626µs
[2026-08-25T14:41:29Z INFO  tinymist_preview] Preview("le66pg"): received notification: signal(false, true), when OnType
[2026-08-25T14:41:29Z INFO  tinymist_project::compiler] /home/rtinfew/Downloads/test.typ: compilation failed with 1 warnings and errors in 521.656µs
[2026-08-25T14:41:29Z INFO  tinymist_preview] Preview("le66pg"): received notification: signal(false, true), when OnType
[2026-08-25T14:41:29Z INFO  tinymist_project::compiler] /home/rtinfew/Downloads/test.typ: compilation failed with 1 warnings and errors in 764.11µs
[2026-08-25T14:41:29Z INFO  tinymist_preview] Preview("le66pg"): received notification: signal(false, true), when OnType
[2026-08-25T14:41:29Z INFO  tinymist_project::compiler] /home/rtinfew/Downloads/test.typ: compilation failed with 1 warnings and errors in 1.371472ms
[2026-08-25T14:41:29Z INFO  tinymist_preview] Preview("le66pg"): received notification: signal(false, true), when OnType
[2026-08-25T14:41:29Z INFO  tinymist_project::compiler] /home/rtinfew/Downloads/test.typ: compilation failed with 1 warnings and errors in 308.097µs
[2026-08-25T14:41:29Z INFO  tinymist_preview] Preview("le66pg"): received notification: signal(false, true), when OnType
[2026-08-25T14:41:29Z INFO  tinymist_project::compiler] /home/rtinfew/Downloads/test.typ: compilation failed with 1 warnings and errors in 408.694µs
[2026-08-25T14:41:29Z INFO  tinymist_preview] Preview("le66pg"): received notification: signal(false, true), when OnType
[2026-08-25T14:41:29Z INFO  tinymist_project::compiler] /home/rtinfew/Downloads/test.typ: compilation failed with 1 warnings and errors in 224.573µs
[2026-08-25T14:41:29Z INFO  tinymist_preview] Preview("le66pg"): received notification: signal(false, true), when OnType
[2026-08-25T14:41:29Z INFO  tinymist_project::compiler] /home/rtinfew/Downloads/test.typ: compilation failed with 1 warnings and errors in 308.742µs
[2026-08-25T14:41:29Z INFO  tinymist_preview] Preview("le66pg"): received notification: signal(false, true), when OnType
[2026-08-25T14:41:30Z INFO  tinymist_project::compiler] /home/rtinfew/Downloads/test.typ: compilation failed with 1 warnings and errors in 504.324µs
[2026-08-25T14:41:30Z INFO  tinymist_preview] Preview("le66pg"): received notification: signal(false, true), when OnType
[2026-08-25T14:41:30Z INFO  tinymist_project::compiler] /home/rtinfew/Downloads/test.typ: compilation failed with 1 warnings and errors in 518.914µs
[2026-08-25T14:41:30Z INFO  tinymist_preview] Preview("le66pg"): received notification: signal(false, true), when OnType
[2026-08-25T14:41:30Z INFO  tinymist_project::compiler] /home/rtinfew/Downloads/test.typ: compilation failed with 1 warnings and errors in 912.759µs
[2026-08-25T14:41:30Z INFO  tinymist_preview] Preview("le66pg"): received notification: signal(false, true), when OnType
[2026-08-25T14:41:30Z INFO  tinymist_project::compiler] /home/rtinfew/Downloads/test.typ: compilation failed with 1 warnings and errors in 1.270316ms
[2026-08-25T14:41:30Z INFO  tinymist_preview] Preview("le66pg"): received notification: signal(false, true), when OnType
[2026-08-25T14:41:30Z INFO  tinymist_project::compiler] /home/rtinfew/Downloads/test.typ: compilation failed with 1 warnings and errors in 234.973µs
[2026-08-25T14:41:30Z INFO  tinymist_preview] Preview("le66pg"): received notification: signal(false, true), when OnType
[2026-08-25T14:41:30Z INFO  tinymist_project::compiler] /home/rtinfew/Downloads/test.typ: compilation failed with 1 warnings and errors in 171.165µs
[2026-08-25T14:41:30Z INFO  tinymist_preview] Preview("le66pg"): received notification: signal(false, true), when OnType
[2026-08-25T14:41:30Z INFO  tinymist_project::compiler] /home/rtinfew/Downloads/test.typ: compilation failed with 1 warnings and errors in 598.208µs
[2026-08-25T14:41:30Z INFO  tinymist_preview] Preview("le66pg"): received notification: signal(false, true), when OnType
[2026-08-25T14:41:30Z INFO  tinymist_project::compiler] /home/rtinfew/Downloads/test.typ: compilation failed with 1 warnings and errors in 238.307µs
[2026-08-25T14:41:30Z INFO  tinymist_preview] Preview("le66pg"): received notification: signal(false, true), when OnType
[2026-08-25T14:41:30Z INFO  tinymist_project::compiler] /home/rtinfew/Downloads/test.typ: compilation failed with 1 warnings and errors in 217.638µs
[2026-08-25T14:41:30Z INFO  tinymist_preview] Preview("le66pg"): received notification: signal(false, true), when OnType
[2026-08-25T14:41:30Z INFO  tinymist_project::compiler] /home/rtinfew/Downloads/test.typ: compilation failed with 1 warnings and errors in 281.284µs
[2026-08-25T14:41:30Z INFO  tinymist_preview] Preview("le66pg"): received notification: signal(false, true), when OnType
[2026-08-25T14:41:30Z INFO  tinymist_project::compiler] /home/rtinfew/Downloads/test.typ: compilation failed with 1 warnings and errors in 941.088µs
[2026-08-25T14:41:30Z INFO  tinymist_preview] Preview("le66pg"): received notification: signal(false, true), when OnType
[2026-08-25T14:41:30Z INFO  tinymist_project::compiler] /home/rtinfew/Downloads/test.typ: compilation failed with 1 warnings and errors in 572.829µs
[2026-08-25T14:41:30Z INFO  tinymist_preview] Preview("le66pg"): received notification: signal(false, true), when OnType
[2026-08-25T14:41:30Z INFO  tinymist_project::compiler] /home/rtinfew/Downloads/test.typ: compilation failed with 1 warnings and errors in 576.407µs
[2026-08-25T14:41:30Z INFO  tinymist_preview] Preview("le66pg"): received notification: signal(false, true), when OnType
[2026-08-25T14:41:30Z INFO  tinymist_project::compiler] /home/rtinfew/Downloads/test.typ: compilation failed with 1 warnings and errors in 488.899µs
[2026-08-25T14:41:30Z INFO  tinymist_preview] Preview("le66pg"): received notification: signal(false, true), when OnType
[2026-08-25T14:41:30Z INFO  tinymist_project::compiler] /home/rtinfew/Downloads/test.typ: compilation failed with 1 warnings and errors in 453.402µs
[2026-08-25T14:41:30Z INFO  tinymist_preview] Preview("le66pg"): received notification: signal(false, true), when OnType
[2026-08-25T14:41:30Z INFO  tinymist_project::compiler] /home/rtinfew/Downloads/test.typ: compilation failed with 1 warnings and errors in 208.442µs
[2026-08-25T14:41:30Z INFO  tinymist_preview] Preview("le66pg"): received notification: signal(false, true), when OnType
[2026-08-25T14:41:30Z INFO  tinymist_project::compiler] /home/rtinfew/Downloads/test.typ: compilation failed with 1 warnings and errors in 284.019µs
[2026-08-25T14:41:30Z INFO  tinymist_preview] Preview("le66pg"): received notification: signal(false, true), when OnType
[2026-08-25T14:41:30Z INFO  tinymist_project::compiler] /home/rtinfew/Downloads/test.typ: compilation failed with 1 warnings and errors in 245.211µs
[2026-08-25T14:41:30Z INFO  tinymist_preview] Preview("le66pg"): received notification: signal(false, true), when OnType
[2026-08-25T14:41:30Z INFO  tinymist_project::compiler] /home/rtinfew/Downloads/test.typ: compilation failed with 1 warnings and errors in 356.644µs
[2026-08-25T14:41:30Z INFO  tinymist_preview] Preview("le66pg"): received notification: signal(false, true), when OnType
[2026-08-25T14:41:31Z INFO  tinymist_project::compiler] /home/rtinfew/Downloads/test.typ: compilation failed with 1 warnings and errors in 519.608µs
[2026-08-25T14:41:31Z INFO  tinymist_preview] Preview("le66pg"): received notification: signal(false, true), when OnType
[2026-08-25T14:41:31Z INFO  tinymist_project::compiler] /home/rtinfew/Downloads/test.typ: compilation failed with 1 warnings and errors in 687.681µs
[2026-08-25T14:41:31Z INFO  tinymist_preview] Preview("le66pg"): received notification: signal(false, true), when OnType
[2026-08-25T14:41:31Z INFO  tinymist_project::compiler] /home/rtinfew/Downloads/test.typ: compilation failed with 1 warnings and errors in 562.361µs
[2026-08-25T14:41:31Z INFO  tinymist_preview] Preview("le66pg"): received notification: signal(false, true), when OnType
[2026-08-25T14:41:31Z INFO  tinymist_project::compiler] /home/rtinfew/Downloads/test.typ: compilation failed with 1 warnings and errors in 613.19µs
[2026-08-25T14:41:31Z INFO  tinymist_preview] Preview("le66pg"): received notification: signal(false, true), when OnType
[2026-08-25T14:41:31Z INFO  tinymist_project::compiler] /home/rtinfew/Downloads/test.typ: compilation failed with 1 warnings and errors in 735.825µs
[2026-08-25T14:41:31Z INFO  tinymist_preview] Preview("le66pg"): received notification: signal(false, true), when OnType
[2026-08-25T14:41:31Z INFO  tinymist_project::compiler] /home/rtinfew/Downloads/test.typ: compilation failed with 1 warnings and errors in 569.835µs
[2026-08-25T14:41:31Z INFO  tinymist_preview] Preview("le66pg"): received notification: signal(false, true), when OnType
[2026-08-25T14:41:31Z INFO  tinymist_project::compiler] /home/rtinfew/Downloads/test.typ: compilation failed with 1 warnings and errors in 613.86µs
[2026-08-25T14:41:31Z INFO  tinymist_preview] Preview("le66pg"): received notification: signal(false, true), when OnType
[2026-08-25T14:41:31Z INFO  tinymist_project::compiler] /home/rtinfew/Downloads/test.typ: compilation failed with 1 warnings and errors in 505.506µs
[2026-08-25T14:41:31Z INFO  tinymist_preview] Preview("le66pg"): received notification: signal(false, true), when OnType
[2026-08-25T14:41:31Z INFO  tinymist_project::compiler] /home/rtinfew/Downloads/test.typ: compilation failed with 1 warnings and errors in 480.975µs
[2026-08-25T14:41:31Z INFO  tinymist_preview] Preview("le66pg"): received notification: signal(false, true), when OnType
[2026-08-25T14:41:31Z INFO  tinymist_project::compiler] /home/rtinfew/Downloads/test.typ: compilation failed with 1 warnings and errors in 468.423µs
[2026-08-25T14:41:31Z INFO  tinymist_preview] Preview("le66pg"): received notification: signal(false, true), when OnType
[2026-08-25T14:41:31Z INFO  tinymist_project::compiler] /home/rtinfew/Downloads/test.typ: compilation failed with 1 warnings and errors in 603.691µs
[2026-08-25T14:41:31Z INFO  tinymist_preview] Preview("le66pg"): received notification: signal(false, true), when OnType
[2026-08-25T14:41:31Z INFO  tinymist_project::compiler] /home/rtinfew/Downloads/test.typ: compilation failed with 1 warnings and errors in 526.056µs
[2026-08-25T14:41:31Z INFO  tinymist_preview] Preview("le66pg"): received notification: signal(false, true), when OnType
[2026-08-25T14:41:31Z INFO  tinymist_project::compiler] /home/rtinfew/Downloads/test.typ: compilation failed with 1 warnings and errors in 224.173µs
[2026-08-25T14:41:31Z INFO  tinymist_preview] Preview("le66pg"): received notification: signal(false, true), when OnType
[2026-08-25T14:41:31Z INFO  tinymist_project::compiler] /home/rtinfew/Downloads/test.typ: compilation failed with 1 warnings and errors in 208.649µs
[2026-08-25T14:41:31Z INFO  tinymist_preview] Preview("le66pg"): received notification: signal(false, true), when OnType
[2026-08-25T14:41:31Z INFO  tinymist_project::compiler] /home/rtinfew/Downloads/test.typ: compilation failed with 1 warnings and errors in 465.001µs
[2026-08-25T14:41:31Z INFO  tinymist_preview] Preview("le66pg"): received notification: signal(false, true), when OnType
[2026-08-25T14:41:31Z INFO  tinymist_project::compiler] /home/rtinfew/Downloads/test.typ: compilation failed with 1 warnings and errors in 385.004µs
[2026-08-25T14:41:31Z INFO  tinymist_preview] Preview("le66pg"): received notification: signal(false, true), when OnType
[2026-08-25T14:41:31Z INFO  tinymist_project::compiler] /home/rtinfew/Downloads/test.typ: compilation failed with 1 warnings and errors in 676.6µs
[2026-08-25T14:41:31Z INFO  tinymist_preview] Preview("le66pg"): received notification: signal(false, true), when OnType
[2026-08-25T14:41:31Z INFO  tinymist_project::compiler] /home/rtinfew/Downloads/test.typ: compilation failed with 1 warnings and errors in 638.588µs
[2026-08-25T14:41:31Z INFO  tinymist_preview] Preview("le66pg"): received notification: signal(false, true), when OnType
[2026-08-25T14:41:31Z INFO  tinymist_project::compiler] /home/rtinfew/Downloads/test.typ: compilation failed with 1 warnings and errors in 546.879µs
[2026-08-25T14:41:31Z INFO  tinymist_preview] Preview("le66pg"): received notification: signal(false, true), when OnType
[2026-08-25T14:41:32Z INFO  tinymist_project::compiler] /home/rtinfew/Downloads/test.typ: compilation failed with 1 warnings and errors in 510.201µs
[2026-08-25T14:41:32Z INFO  tinymist_preview] Preview("le66pg"): received notification: signal(false, true), when OnType
[2026-08-25T14:41:32Z INFO  tinymist_project::compiler] /home/rtinfew/Downloads/test.typ: compilation failed with 1 warnings and errors in 452.157µs
[2026-08-25T14:41:32Z INFO  tinymist_preview] Preview("le66pg"): received notification: signal(false, true), when OnType
[2026-08-25T14:41:32Z INFO  tinymist_project::compiler] /home/rtinfew/Downloads/test.typ: compilation failed with 1 warnings and errors in 483.169µs
[2026-08-25T14:41:32Z INFO  tinymist_preview] Preview("le66pg"): received notification: signal(false, true), when OnType
[2026-08-25T14:41:32Z INFO  tinymist_project::compiler] /home/rtinfew/Downloads/test.typ: compilation failed with 1 warnings and errors in 512.501µs
[2026-08-25T14:41:32Z INFO  tinymist_preview] Preview("le66pg"): received notification: signal(false, true), when OnType
[2026-08-25T14:41:32Z INFO  tinymist_project::compiler] /home/rtinfew/Downloads/test.typ: compilation failed with 1 warnings and errors in 1.153217ms
[2026-08-25T14:41:32Z INFO  tinymist_preview] Preview("le66pg"): received notification: signal(false, true), when OnType
[2026-08-25T14:41:32Z INFO  tinymist_project::compiler] /home/rtinfew/Downloads/test.typ: compilation failed with 1 warnings and errors in 672.956µs
[2026-08-25T14:41:32Z INFO  tinymist_preview] Preview("le66pg"): received notification: signal(false, true), when OnType
[2026-08-25T14:41:32Z INFO  tinymist_project::compiler] /home/rtinfew/Downloads/test.typ: compilation failed with 1 warnings and errors in 550.268µs
[2026-08-25T14:41:32Z INFO  tinymist_preview] Preview("le66pg"): received notification: signal(false, true), when OnType
[2026-08-25T14:41:32Z INFO  tinymist_project::compiler] /home/rtinfew/Downloads/test.typ: compilation failed with 1 warnings and errors in 507.368µs
[2026-08-25T14:41:32Z INFO  tinymist_preview] Preview("le66pg"): received notification: signal(false, true), when OnType
[2026-08-25T14:41:32Z INFO  tinymist_project::compiler] /home/rtinfew/Downloads/test.typ: compilation failed with 1 warnings and errors in 511.91µs
[2026-08-25T14:41:32Z INFO  tinymist_preview] Preview("le66pg"): received notification: signal(false, true), when OnType
[2026-08-25T14:41:32Z INFO  tinymist_project::compiler] /home/rtinfew/Downloads/test.typ: compilation failed with 1 warnings and errors in 531.658µs
[2026-08-25T14:41:32Z INFO  tinymist_preview] Preview("le66pg"): received notification: signal(false, true), when OnType
[2026-08-25T14:41:32Z INFO  tinymist_project::compiler] /home/rtinfew/Downloads/test.typ: compilation failed with 1 warnings and errors in 532.472µs
[2026-08-25T14:41:32Z INFO  tinymist_preview] Preview("le66pg"): received notification: signal(false, true), when OnType
[2026-08-25T14:41:32Z INFO  tinymist_project::compiler] /home/rtinfew/Downloads/test.typ: compilation failed with 1 warnings and errors in 528.235µs
[2026-08-25T14:41:32Z INFO  tinymist_preview] Preview("le66pg"): received notification: signal(false, true), when OnType
[2026-08-25T14:41:32Z INFO  tinymist_project::compiler] /home/rtinfew/Downloads/test.typ: compilation failed with 1 warnings and errors in 670.055µs
[2026-08-25T14:41:32Z INFO  tinymist_preview] Preview("le66pg"): received notification: signal(false, true), when OnType
[2026-08-25T14:41:32Z INFO  tinymist_project::compiler] /home/rtinfew/Downloads/test.typ: compilation failed with 1 warnings and errors in 438.229µs
[2026-08-25T14:41:32Z INFO  tinymist_preview] Preview("le66pg"): received notification: signal(false, true), when OnType
[2026-08-25T14:41:32Z INFO  tinymist_project::compiler] /home/rtinfew/Downloads/test.typ: compilation failed with 1 warnings and errors in 472.727µs
[2026-08-25T14:41:32Z INFO  tinymist_preview] Preview("le66pg"): received notification: signal(false, true), when OnType
[2026-08-25T14:41:32Z INFO  tinymist_project::compiler] /home/rtinfew/Downloads/test.typ: compilation failed with 1 warnings and errors in 501.882µs
[2026-08-25T14:41:32Z INFO  tinymist_preview] Preview("le66pg"): received notification: signal(false, true), when OnType
[2026-08-25T14:41:32Z INFO  tinymist_project::compiler] /home/rtinfew/Downloads/test.typ: compilation failed with 1 warnings and errors in 576.398µs
[2026-08-25T14:41:32Z INFO  tinymist_preview] Preview("le66pg"): received notification: signal(false, true), when OnType
[2026-08-25T14:41:32Z INFO  tinymist_project::compiler] /home/rtinfew/Downloads/test.typ: compilation failed with 1 warnings and errors in 509.958µs
[2026-08-25T14:41:32Z INFO  tinymist_preview] Preview("le66pg"): received notification: signal(false, true), when OnType
[2026-08-25T14:41:32Z INFO  tinymist_project::compiler] /home/rtinfew/Downloads/test.typ: compilation failed with 1 warnings and errors in 1.061649ms
[2026-08-25T14:41:32Z INFO  tinymist_preview] Preview("le66pg"): received notification: signal(false, true), when OnType
[2026-08-25T14:41:33Z INFO  tinymist_project::compiler] /home/rtinfew/Downloads/test.typ: compilation failed with 1 warnings and errors in 379.118µs
[2026-08-25T14:41:33Z INFO  tinymist_preview] Preview("le66pg"): received notification: signal(false, true), when OnType
[2026-08-25T14:41:33Z INFO  tinymist_project::compiler] /home/rtinfew/Downloads/test.typ: compilation failed with 1 warnings and errors in 276.758µs
[2026-08-25T14:41:33Z INFO  tinymist_preview] Preview("le66pg"): received notification: signal(false, true), when OnType
[2026-08-25T14:41:33Z INFO  tinymist_project::compiler] /home/rtinfew/Downloads/test.typ: compilation failed with 1 warnings and errors in 441.446µs
[2026-08-25T14:41:33Z INFO  tinymist_preview] Preview("le66pg"): received notification: signal(false, true), when OnType
[2026-08-25T14:41:33Z INFO  tinymist_project::compiler] /home/rtinfew/Downloads/test.typ: compilation failed with 1 warnings and errors in 481.879µs
[2026-08-25T14:41:33Z INFO  tinymist_preview] Preview("le66pg"): received notification: signal(false, true), when OnType
[2026-08-25T14:41:33Z INFO  tinymist_project::compiler] /home/rtinfew/Downloads/test.typ: compilation failed with 1 warnings and errors in 531.737µs
[2026-08-25T14:41:33Z INFO  tinymist_preview] Preview("le66pg"): received notification: signal(false, true), when OnType
[2026-08-25T14:41:33Z INFO  tinymist_project::compiler] /home/rtinfew/Downloads/test.typ: compilation failed with 1 warnings and errors in 687.13µs
[2026-08-25T14:41:33Z INFO  tinymist_preview] Preview("le66pg"): received notification: signal(false, true), when OnType
[2026-08-25T14:41:33Z INFO  tinymist_project::compiler] /home/rtinfew/Downloads/test.typ: compilation failed with 1 warnings and errors in 503.534µs
[2026-08-25T14:41:33Z INFO  tinymist_preview] Preview("le66pg"): received notification: signal(false, true), when OnType
[2026-08-25T14:41:33Z INFO  tinymist_project::compiler] /home/rtinfew/Downloads/test.typ: compilation failed with 1 warnings and errors in 498.194µs
[2026-08-25T14:41:33Z INFO  tinymist_preview] Preview("le66pg"): received notification: signal(false, true), when OnType
[2026-08-25T14:41:33Z INFO  tinymist_project::compiler] /home/rtinfew/Downloads/test.typ: compilation failed with 1 warnings and errors in 480.666µs
[2026-08-25T14:41:33Z INFO  tinymist_preview] Preview("le66pg"): received notification: signal(false, true), when OnType
[2026-08-25T14:41:33Z INFO  tinymist_project::compiler] /home/rtinfew/Downloads/test.typ: compilation failed with 1 warnings and errors in 494.915µs
[2026-08-25T14:41:33Z INFO  tinymist_preview] Preview("le66pg"): received notification: signal(false, true), when OnType
[2026-08-25T14:41:33Z INFO  tinymist_project::compiler] /home/rtinfew/Downloads/test.typ: compilation failed with 1 warnings and errors in 441.699µs
[2026-08-25T14:41:33Z INFO  tinymist_preview] Preview("le66pg"): received notification: signal(false, true), when OnType
[2026-08-25T14:41:33Z INFO  tinymist_project::compiler] /home/rtinfew/Downloads/test.typ: compilation failed with 1 warnings and errors in 475.362µs
[2026-08-25T14:41:33Z INFO  tinymist_preview] Preview("le66pg"): received notification: signal(false, true), when OnType
[2026-08-25T14:41:33Z INFO  tinymist_project::compiler] /home/rtinfew/Downloads/test.typ: compilation failed with 1 warnings and errors in 468.912µs
[2026-08-25T14:41:33Z INFO  tinymist_preview] Preview("le66pg"): received notification: signal(false, true), when OnType
[2026-08-25T14:41:33Z INFO  tinymist_project::compiler] /home/rtinfew/Downloads/test.typ: compilation failed with 1 warnings and errors in 445.787µs
[2026-08-25T14:41:33Z INFO  tinymist_preview] Preview("le66pg"): received notification: signal(false, true), when OnType
[2026-08-25T14:41:33Z INFO  tinymist_project::compiler] /home/rtinfew/Downloads/test.typ: compilation failed with 1 warnings and errors in 615.22µs
[2026-08-25T14:41:33Z INFO  tinymist_preview] Preview("le66pg"): received notification: signal(false, true), when OnType
[2026-08-25T14:41:33Z INFO  tinymist_project::compiler] /home/rtinfew/Downloads/test.typ: compilation failed with 1 warnings and errors in 457.465µs
[2026-08-25T14:41:33Z INFO  tinymist_preview] Preview("le66pg"): received notification: signal(false, true), when OnType
[2026-08-25T14:41:33Z INFO  tinymist_project::compiler] /home/rtinfew/Downloads/test.typ: compilation failed with 1 warnings and errors in 513.906µs
[2026-08-25T14:41:33Z INFO  tinymist_preview] Preview("le66pg"): received notification: signal(false, true), when OnType
[2026-08-25T14:41:33Z INFO  tinymist_project::compiler] /home/rtinfew/Downloads/test.typ: compilation failed with 1 warnings and errors in 501.811µs
[2026-08-25T14:41:33Z INFO  tinymist_preview] Preview("le66pg"): received notification: signal(false, true), when OnType
[2026-08-25T14:41:33Z INFO  tinymist_project::compiler] /home/rtinfew/Downloads/test.typ: compilation failed with 1 warnings and errors in 485.927µs
[2026-08-25T14:41:33Z INFO  tinymist_preview] Preview("le66pg"): received notification: signal(false, true), when OnType
[2026-08-25T14:41:34Z INFO  tinymist_project::compiler] /home/rtinfew/Downloads/test.typ: compilation failed with 1 warnings and errors in 677.004µs
[2026-08-25T14:41:34Z INFO  tinymist_preview] Preview("le66pg"): received notification: signal(false, true), when OnType
[2026-08-25T14:41:34Z INFO  tinymist_project::compiler] /home/rtinfew/Downloads/test.typ: compilation failed with 1 warnings and errors in 545.037µs
[2026-08-25T14:41:34Z INFO  tinymist_preview] Preview("le66pg"): received notification: signal(false, true), when OnType
[2026-08-25T14:41:34Z INFO  tinymist_project::compiler] /home/rtinfew/Downloads/test.typ: compilation failed with 1 warnings and errors in 486.559µs
[2026-08-25T14:41:34Z INFO  tinymist_preview] Preview("le66pg"): received notification: signal(false, true), when OnType
[2026-08-25T14:41:34Z INFO  tinymist_project::compiler] /home/rtinfew/Downloads/test.typ: compilation failed with 1 warnings and errors in 461.698µs
[2026-08-25T14:41:34Z INFO  tinymist_preview] Preview("le66pg"): received notification: signal(false, true), when OnType
[2026-08-25T14:41:34Z INFO  tinymist_project::compiler] /home/rtinfew/Downloads/test.typ: compilation failed with 1 warnings and errors in 486.631µs
[2026-08-25T14:41:34Z INFO  tinymist_preview] Preview("le66pg"): received notification: signal(false, true), when OnType
[2026-08-25T14:41:34Z INFO  tinymist_project::compiler] /home/rtinfew/Downloads/test.typ: compilation failed with 1 warnings and errors in 545.96µs
[2026-08-25T14:41:34Z INFO  tinymist_preview] Preview("le66pg"): received notification: signal(false, true), when OnType
[2026-08-25T14:41:34Z INFO  tinymist_project::compiler] /home/rtinfew/Downloads/test.typ: compilation failed with 1 warnings and errors in 815.121µs
[2026-08-25T14:41:34Z INFO  tinymist_preview] Preview("le66pg"): received notification: signal(false, true), when OnType
[2026-08-25T14:41:34Z INFO  tinymist_project::compiler] /home/rtinfew/Downloads/test.typ: compilation failed with 1 warnings and errors in 503.501µs
[2026-08-25T14:41:34Z INFO  tinymist_preview] Preview("le66pg"): received notification: signal(false, true), when OnType
[2026-08-25T14:41:34Z INFO  tinymist_project::compiler] /home/rtinfew/Downloads/test.typ: compilation failed with 1 warnings and errors in 546.225µs
[2026-08-25T14:41:34Z INFO  tinymist_preview] Preview("le66pg"): received notification: signal(false, true), when OnType
[2026-08-25T14:41:34Z INFO  tinymist_project::compiler] /home/rtinfew/Downloads/test.typ: compilation failed with 1 warnings and errors in 529.149µs
[2026-08-25T14:41:34Z INFO  tinymist_preview] Preview("le66pg"): received notification: signal(false, true), when OnType
[2026-08-25T14:41:34Z INFO  tinymist_project::compiler] /home/rtinfew/Downloads/test.typ: compilation failed with 1 warnings and errors in 581.071µs
[2026-08-25T14:41:34Z INFO  tinymist_preview] Preview("le66pg"): received notification: signal(false, true), when OnType
[2026-08-25T14:41:34Z INFO  tinymist_project::compiler] /home/rtinfew/Downloads/test.typ: compilation failed with 1 warnings and errors in 407.413µs
[2026-08-25T14:41:34Z INFO  tinymist_preview] Preview("le66pg"): received notification: signal(false, true), when OnType
[2026-08-25T14:41:34Z INFO  tinymist_project::compiler] /home/rtinfew/Downloads/test.typ: compilation failed with 1 warnings and errors in 736.503µs
[2026-08-25T14:41:34Z INFO  tinymist_preview] Preview("le66pg"): received notification: signal(false, true), when OnType
[2026-08-25T14:41:34Z INFO  tinymist_project::compiler] /home/rtinfew/Downloads/test.typ: compilation failed with 1 warnings and errors in 543.094µs
[2026-08-25T14:41:34Z INFO  tinymist_preview] Preview("le66pg"): received notification: signal(false, true), when OnType
[2026-08-25T14:41:34Z INFO  tinymist_project::compiler] /home/rtinfew/Downloads/test.typ: compilation failed with 1 warnings and errors in 573.441µs
[2026-08-25T14:41:34Z INFO  tinymist_preview] Preview("le66pg"): received notification: signal(false, true), when OnType
[2026-08-25T14:41:34Z INFO  tinymist_project::compiler] /home/rtinfew/Downloads/test.typ: compilation failed with 1 warnings and errors in 482.732µs
[2026-08-25T14:41:34Z INFO  tinymist_preview] Preview("le66pg"): received notification: signal(false, true), when OnType
[2026-08-25T14:41:34Z INFO  tinymist_project::compiler] /home/rtinfew/Downloads/test.typ: compilation failed with 1 warnings and errors in 536.698µs
[2026-08-25T14:41:34Z INFO  tinymist_preview] Preview("le66pg"): received notification: signal(false, true), when OnType
[2026-08-25T14:41:34Z INFO  tinymist_project::compiler] /home/rtinfew/Downloads/test.typ: compilation failed with 1 warnings and errors in 1.266714ms
[2026-08-25T14:41:34Z INFO  tinymist_preview] Preview("le66pg"): received notification: signal(false, true), when OnType
[2026-08-25T14:41:34Z INFO  tinymist_project::compiler] /home/rtinfew/Downloads/test.typ: compilation failed with 1 warnings and errors in 495.655µs
[2026-08-25T14:41:34Z INFO  tinymist_preview] Preview("le66pg"): received notification: signal(false, true), when OnType
[2026-08-25T14:41:34Z INFO  tinymist_project::compiler] /home/rtinfew/Downloads/test.typ: compilation failed with 1 warnings and errors in 476.146µs
[2026-08-25T14:41:34Z INFO  tinymist_preview] Preview("le66pg"): received notification: signal(false, true), when OnType
[2026-08-25T14:41:35Z INFO  tinymist_project::compiler] /home/rtinfew/Downloads/test.typ: compilation failed with 1 warnings and errors in 531.27µs
[2026-08-25T14:41:35Z INFO  tinymist_preview] Preview("le66pg"): received notification: signal(false, true), when OnType
[2026-08-25T14:41:35Z INFO  tinymist_project::compiler] /home/rtinfew/Downloads/test.typ: compilation failed with 1 warnings and errors in 662.433µs
[2026-08-25T14:41:35Z INFO  tinymist_preview] Preview("le66pg"): received notification: signal(false, true), when OnType
[2026-08-25T14:41:35Z INFO  tinymist_project::compiler] /home/rtinfew/Downloads/test.typ: compilation failed with 1 warnings and errors in 636.286µs
[2026-08-25T14:41:35Z INFO  tinymist_preview] Preview("le66pg"): received notification: signal(false, true), when OnType
[2026-08-25T14:41:35Z INFO  tinymist_project::compiler] /home/rtinfew/Downloads/test.typ: compilation failed with 1 warnings and errors in 672.046µs
[2026-08-25T14:41:35Z INFO  tinymist_preview] Preview("le66pg"): received notification: signal(false, true), when OnType
[2026-08-25T14:41:35Z INFO  tinymist_project::compiler] /home/rtinfew/Downloads/test.typ: compilation failed with 1 warnings and errors in 544.678µs
[2026-08-25T14:41:35Z INFO  tinymist_preview] Preview("le66pg"): received notification: signal(false, true), when OnType
[2026-08-25T14:41:35Z INFO  tinymist_project::compiler] /home/rtinfew/Downloads/test.typ: compilation failed with 1 warnings and errors in 528.568µs
[2026-08-25T14:41:35Z INFO  tinymist_preview] Preview("le66pg"): received notification: signal(false, true), when OnType
[2026-08-25T14:41:35Z INFO  tinymist_project::compiler] /home/rtinfew/Downloads/test.typ: compilation failed with 1 warnings and errors in 512.62µs
[2026-08-25T14:41:35Z INFO  tinymist_preview] Preview("le66pg"): received notification: signal(false, true), when OnType
[2026-08-25T14:41:35Z INFO  tinymist_project::compiler] /home/rtinfew/Downloads/test.typ: compilation failed with 1 warnings and errors in 516.053µs
[2026-08-25T14:41:35Z INFO  tinymist_preview] Preview("le66pg"): received notification: signal(false, true), when OnType
[2026-08-25T14:41:35Z INFO  tinymist_project::compiler] /home/rtinfew/Downloads/test.typ: compilation failed with 1 warnings and errors in 268.534µs
[2026-08-25T14:41:35Z INFO  tinymist_preview] Preview("le66pg"): received notification: signal(false, true), when OnType
[2026-08-25T14:41:35Z INFO  tinymist_project::compiler] /home/rtinfew/Downloads/test.typ: compilation failed with 1 warnings and errors in 284.624µs
[2026-08-25T14:41:35Z INFO  tinymist_preview] Preview("le66pg"): received notification: signal(false, true), when OnType
[2026-08-25T14:41:35Z INFO  tinymist_project::compiler] /home/rtinfew/Downloads/test.typ: compilation failed with 1 warnings and errors in 526.732µs
[2026-08-25T14:41:35Z INFO  tinymist_preview] Preview("le66pg"): received notification: signal(false, true), when OnType
[2026-08-25T14:41:35Z INFO  tinymist_project::compiler] /home/rtinfew/Downloads/test.typ: compilation failed with 1 warnings and errors in 508.442µs
[2026-08-25T14:41:35Z INFO  tinymist_preview] Preview("le66pg"): received notification: signal(false, true), when OnType
[2026-08-25T14:41:35Z INFO  tinymist_project::compiler] /home/rtinfew/Downloads/test.typ: compilation failed with 1 warnings and errors in 639.808µs
[2026-08-25T14:41:35Z INFO  tinymist_preview] Preview("le66pg"): received notification: signal(false, true), when OnType
[2026-08-25T14:41:35Z INFO  tinymist_project::compiler] /home/rtinfew/Downloads/test.typ: compilation failed with 1 warnings and errors in 453.581µs
[2026-08-25T14:41:35Z INFO  tinymist_preview] Preview("le66pg"): received notification: signal(false, true), when OnType
[2026-08-25T14:41:35Z INFO  tinymist_project::compiler] /home/rtinfew/Downloads/test.typ: compilation failed with 1 warnings and errors in 526.501µs
[2026-08-25T14:41:35Z INFO  tinymist_preview] Preview("le66pg"): received notification: signal(false, true), when OnType
[2026-08-25T14:41:35Z INFO  tinymist_project::compiler] /home/rtinfew/Downloads/test.typ: compilation failed with 1 warnings and errors in 584.881µs
[2026-08-25T14:41:35Z INFO  tinymist_preview] Preview("le66pg"): received notification: signal(false, true), when OnType
[2026-08-25T14:41:35Z INFO  tinymist_project::compiler] /home/rtinfew/Downloads/test.typ: compilation failed with 1 warnings and errors in 654.791µs
[2026-08-25T14:41:35Z INFO  tinymist_preview] Preview("le66pg"): received notification: signal(false, true), when OnType
[2026-08-25T14:41:35Z INFO  tinymist_project::compiler] /home/rtinfew/Downloads/test.typ: compilation failed with 1 warnings and errors in 734.346µs
[2026-08-25T14:41:35Z INFO  tinymist_preview] Preview("le66pg"): received notification: signal(false, true), when OnType
[2026-08-25T14:41:35Z INFO  tinymist_project::compiler] /home/rtinfew/Downloads/test.typ: compilation failed with 1 warnings and errors in 508.864µs
[2026-08-25T14:41:35Z INFO  tinymist_preview] Preview("le66pg"): received notification: signal(false, true), when OnType
[2026-08-25T14:41:36Z INFO  tinymist_project::compiler] /home/rtinfew/Downloads/test.typ: compilation failed with 1 warnings and errors in 424.251µs
[2026-08-25T14:41:36Z INFO  tinymist_preview] Preview("le66pg"): received notification: signal(false, true), when OnType
[2026-08-25T14:41:36Z INFO  tinymist_project::compiler] /home/rtinfew/Downloads/test.typ: compilation failed with 1 warnings and errors in 506.084µs
[2026-08-25T14:41:36Z INFO  tinymist_preview] Preview("le66pg"): received notification: signal(false, true), when OnType
[2026-08-25T14:41:36Z INFO  tinymist_project::compiler] /home/rtinfew/Downloads/test.typ: compilation failed with 1 warnings and errors in 542.409µs
[2026-08-25T14:41:36Z INFO  tinymist_preview] Preview("le66pg"): received notification: signal(false, true), when OnType
[2026-08-25T14:41:36Z INFO  tinymist_project::compiler] /home/rtinfew/Downloads/test.typ: compilation failed with 1 warnings and errors in 588.625µs
[2026-08-25T14:41:36Z INFO  tinymist_preview] Preview("le66pg"): received notification: signal(false, true), when OnType
[2026-08-25T14:41:36Z INFO  tinymist_project::compiler] /home/rtinfew/Downloads/test.typ: compilation failed with 1 warnings and errors in 576.978µs
[2026-08-25T14:41:36Z INFO  tinymist_preview] Preview("le66pg"): received notification: signal(false, true), when OnType
[2026-08-25T14:41:36Z INFO  tinymist_project::compiler] /home/rtinfew/Downloads/test.typ: compilation failed with 1 warnings and errors in 674.117µs
[2026-08-25T14:41:36Z INFO  tinymist_preview] Preview("le66pg"): received notification: signal(false, true), when OnType
[2026-08-25T14:41:36Z INFO  tinymist_project::compiler] /home/rtinfew/Downloads/test.typ: compilation failed with 1 warnings and errors in 642.151µs
[2026-08-25T14:41:36Z INFO  tinymist_preview] Preview("le66pg"): received notification: signal(false, true), when OnType
[2026-08-25T14:41:36Z INFO  tinymist_project::compiler] /home/rtinfew/Downloads/test.typ: compilation failed with 1 warnings and errors in 450.804µs
[2026-08-25T14:41:36Z INFO  tinymist_preview] Preview("le66pg"): received notification: signal(false, true), when OnType
[2026-08-25T14:41:36Z INFO  tinymist_project::compiler] /home/rtinfew/Downloads/test.typ: compilation failed with 1 warnings and errors in 472.025µs
[2026-08-25T14:41:36Z INFO  tinymist_preview] Preview("le66pg"): received notification: signal(false, true), when OnType
[2026-08-25T14:41:36Z INFO  tinymist_project::compiler] /home/rtinfew/Downloads/test.typ: compilation failed with 1 warnings and errors in 668.531µs
[2026-08-25T14:41:36Z INFO  tinymist_preview] Preview("le66pg"): received notification: signal(false, true), when OnType
[2026-08-25T14:41:36Z INFO  tinymist_project::compiler] /home/rtinfew/Downloads/test.typ: compilation failed with 1 warnings and errors in 523.747µs
[2026-08-25T14:41:36Z INFO  tinymist_preview] Preview("le66pg"): received notification: signal(false, true), when OnType
[2026-08-25T14:41:36Z INFO  tinymist_project::compiler] /home/rtinfew/Downloads/test.typ: compilation failed with 1 warnings and errors in 520.332µs
[2026-08-25T14:41:36Z INFO  tinymist_preview] Preview("le66pg"): received notification: signal(false, true), when OnType
[2026-08-25T14:41:36Z INFO  tinymist_project::compiler] /home/rtinfew/Downloads/test.typ: compilation failed with 1 warnings and errors in 467.807µs
[2026-08-25T14:41:36Z INFO  tinymist_preview] Preview("le66pg"): received notification: signal(false, true), when OnType
[2026-08-25T14:41:36Z INFO  tinymist_project::compiler] /home/rtinfew/Downloads/test.typ: compilation failed with 1 warnings and errors in 328.237µs
[2026-08-25T14:41:36Z INFO  tinymist_preview] Preview("le66pg"): received notification: signal(false, true), when OnType
[2026-08-25T14:41:36Z INFO  tinymist_project::compiler] /home/rtinfew/Downloads/test.typ: compilation failed with 1 warnings and errors in 278.226µs
[2026-08-25T14:41:36Z INFO  tinymist_preview] Preview("le66pg"): received notification: signal(false, true), when OnType
[2026-08-25T14:41:36Z INFO  tinymist_project::compiler] /home/rtinfew/Downloads/test.typ: compilation failed with 1 warnings and errors in 378.469µs
[2026-08-25T14:41:36Z INFO  tinymist_preview] Preview("le66pg"): received notification: signal(false, true), when OnType
[2026-08-25T14:41:36Z INFO  tinymist_project::compiler] /home/rtinfew/Downloads/test.typ: compilation failed with 1 warnings and errors in 599.855µs
[2026-08-25T14:41:36Z INFO  tinymist_preview] Preview("le66pg"): received notification: signal(false, true), when OnType
[2026-08-25T14:41:36Z INFO  tinymist_project::compiler] /home/rtinfew/Downloads/test.typ: compilation failed with 1 warnings and errors in 586.899µs
[2026-08-25T14:41:36Z INFO  tinymist_preview] Preview("le66pg"): received notification: signal(false, true), when OnType
[2026-08-25T14:41:36Z INFO  tinymist_project::compiler] /home/rtinfew/Downloads/test.typ: compilation failed with 1 warnings and errors in 351.637µs
[2026-08-25T14:41:36Z INFO  tinymist_preview] Preview("le66pg"): received notification: signal(false, true), when OnType
[2026-08-25T14:41:37Z INFO  tinymist_project::compiler] /home/rtinfew/Downloads/test.typ: compilation failed with 1 warnings and errors in 906.327µs
[2026-08-25T14:41:37Z INFO  tinymist_preview] Preview("le66pg"): received notification: signal(false, true), when OnType
[2026-08-25T14:41:37Z INFO  tinymist_project::compiler] /home/rtinfew/Downloads/test.typ: compilation failed with 1 warnings and errors in 575.726µs
[2026-08-25T14:41:37Z INFO  tinymist_preview] Preview("le66pg"): received notification: signal(false, true), when OnType
[2026-08-25T14:41:37Z INFO  tinymist_project::compiler] /home/rtinfew/Downloads/test.typ: compilation failed with 1 warnings and errors in 503.112µs
[2026-08-25T14:41:37Z INFO  tinymist_preview] Preview("le66pg"): received notification: signal(false, true), when OnType
[2026-08-25T14:41:37Z INFO  tinymist_project::compiler] /home/rtinfew/Downloads/test.typ: compilation failed with 1 warnings and errors in 663.605µs
[2026-08-25T14:41:37Z INFO  tinymist_preview] Preview("le66pg"): received notification: signal(false, true), when OnType
[2026-08-25T14:41:37Z INFO  tinymist_project::compiler] /home/rtinfew/Downloads/test.typ: compilation failed with 1 warnings and errors in 507.622µs
[2026-08-25T14:41:37Z INFO  tinymist_preview] Preview("le66pg"): received notification: signal(false, true), when OnType
[2026-08-25T14:41:37Z INFO  tinymist_project::compiler] /home/rtinfew/Downloads/test.typ: compilation failed with 1 warnings and errors in 528.429µs
[2026-08-25T14:41:37Z INFO  tinymist_preview] Preview("le66pg"): received notification: signal(false, true), when OnType
[2026-08-25T14:41:37Z INFO  tinymist_project::compiler] /home/rtinfew/Downloads/test.typ: compilation failed with 1 warnings and errors in 501.721µs
[2026-08-25T14:41:37Z INFO  tinymist_preview] Preview("le66pg"): received notification: signal(false, true), when OnType
[2026-08-25T14:41:37Z INFO  tinymist_project::compiler] /home/rtinfew/Downloads/test.typ: compilation failed with 1 warnings and errors in 332.241µs
[2026-08-25T14:41:37Z INFO  tinymist_preview] Preview("le66pg"): received notification: signal(false, true), when OnType
[2026-08-25T14:41:37Z INFO  tinymist_project::compiler] /home/rtinfew/Downloads/test.typ: compilation failed with 1 warnings and errors in 577.154µs
[2026-08-25T14:41:37Z INFO  tinymist_preview] Preview("le66pg"): received notification: signal(false, true), when OnType
[2026-08-25T14:41:37Z INFO  tinymist_project::compiler] /home/rtinfew/Downloads/test.typ: compilation failed with 1 warnings and errors in 459.845µs
[2026-08-25T14:41:37Z INFO  tinymist_preview] Preview("le66pg"): received notification: signal(false, true), when OnType
[2026-08-25T14:41:37Z INFO  tinymist_project::compiler] /home/rtinfew/Downloads/test.typ: compilation failed with 1 warnings and errors in 615.738µs
[2026-08-25T14:41:37Z INFO  tinymist_preview] Preview("le66pg"): received notification: signal(false, true), when OnType
[2026-08-25T14:41:37Z INFO  tinymist_project::compiler] /home/rtinfew/Downloads/test.typ: compilation failed with 1 warnings and errors in 469.616µs
[2026-08-25T14:41:37Z INFO  tinymist_preview] Preview("le66pg"): received notification: signal(false, true), when OnType
[2026-08-25T14:41:37Z INFO  tinymist_project::compiler] /home/rtinfew/Downloads/test.typ: compilation failed with 1 warnings and errors in 520.88µs
[2026-08-25T14:41:37Z INFO  tinymist_preview] Preview("le66pg"): received notification: signal(false, true), when OnType
[2026-08-25T14:41:37Z INFO  tinymist_project::compiler] /home/rtinfew/Downloads/test.typ: compilation failed with 1 warnings and errors in 633.936µs
[2026-08-25T14:41:37Z INFO  tinymist_preview] Preview("le66pg"): received notification: signal(false, true), when OnType
[2026-08-25T14:41:37Z INFO  tinymist_project::compiler] /home/rtinfew/Downloads/test.typ: compilation failed with 1 warnings and errors in 727.763µs
[2026-08-25T14:41:37Z INFO  tinymist_preview] Preview("le66pg"): received notification: signal(false, true), when OnType
[2026-08-25T14:41:37Z INFO  tinymist_project::compiler] /home/rtinfew/Downloads/test.typ: compilation failed with 1 warnings and errors in 394.949µs
[2026-08-25T14:41:37Z INFO  tinymist_preview] Preview("le66pg"): received notification: signal(false, true), when OnType
[2026-08-25T14:41:37Z INFO  tinymist_project::compiler] /home/rtinfew/Downloads/test.typ: compilation failed with 1 warnings and errors in 464.339µs
[2026-08-25T14:41:37Z INFO  tinymist_preview] Preview("le66pg"): received notification: signal(false, true), when OnType
[2026-08-25T14:41:37Z INFO  tinymist_project::compiler] /home/rtinfew/Downloads/test.typ: compilation failed with 1 warnings and errors in 471.883µs
[2026-08-25T14:41:37Z INFO  tinymist_preview] Preview("le66pg"): received notification: signal(false, true), when OnType
[2026-08-25T14:41:37Z INFO  tinymist_project::compiler] /home/rtinfew/Downloads/test.typ: compilation failed with 1 warnings and errors in 483.158µs
[2026-08-25T14:41:37Z INFO  tinymist_preview] Preview("le66pg"): received notification: signal(false, true), when OnType
[2026-08-25T14:41:38Z INFO  tinymist_project::compiler] /home/rtinfew/Downloads/test.typ: compilation failed with 1 warnings and errors in 641.927µs
[2026-08-25T14:41:38Z INFO  tinymist_preview] Preview("le66pg"): received notification: signal(false, true), when OnType
[2026-08-25T14:41:38Z INFO  tinymist_project::compiler] /home/rtinfew/Downloads/test.typ: compilation failed with 1 warnings and errors in 900.933µs
[2026-08-25T14:41:38Z INFO  tinymist_preview] Preview("le66pg"): received notification: signal(false, true), when OnType
[2026-08-25T14:41:38Z INFO  tinymist_project::compiler] /home/rtinfew/Downloads/test.typ: compilation failed with 1 warnings and errors in 960.993µs
[2026-08-25T14:41:38Z INFO  tinymist_preview] Preview("le66pg"): received notification: signal(false, true), when OnType
[2026-08-25T14:41:38Z INFO  tinymist_project::compiler] /home/rtinfew/Downloads/test.typ: compilation failed with 1 warnings and errors in 519.043µs
[2026-08-25T14:41:38Z INFO  tinymist_preview] Preview("le66pg"): received notification: signal(false, true), when OnType
[2026-08-25T14:41:38Z INFO  tinymist_project::compiler] /home/rtinfew/Downloads/test.typ: compilation failed with 1 warnings and errors in 522.255µs
[2026-08-25T14:41:38Z INFO  tinymist_preview] Preview("le66pg"): received notification: signal(false, true), when OnType
[2026-08-25T14:41:38Z INFO  tinymist_project::compiler] /home/rtinfew/Downloads/test.typ: compilation failed with 1 warnings and errors in 693.046µs
[2026-08-25T14:41:38Z INFO  tinymist_preview] Preview("le66pg"): received notification: signal(false, true), when OnType
[2026-08-25T14:41:38Z INFO  tinymist_project::compiler] /home/rtinfew/Downloads/test.typ: compilation failed with 1 warnings and errors in 678.279µs
[2026-08-25T14:41:38Z INFO  tinymist_preview] Preview("le66pg"): received notification: signal(false, true), when OnType
[2026-08-25T14:41:38Z INFO  tinymist_project::compiler] /home/rtinfew/Downloads/test.typ: compilation failed with 1 warnings and errors in 669.628µs
[2026-08-25T14:41:38Z INFO  tinymist_preview] Preview("le66pg"): received notification: signal(false, true), when OnType
[2026-08-25T14:41:38Z INFO  tinymist_project::compiler] /home/rtinfew/Downloads/test.typ: compilation failed with 1 warnings and errors in 403.357µs
[2026-08-25T14:41:38Z INFO  tinymist_preview] Preview("le66pg"): received notification: signal(false, true), when OnType
[2026-08-25T14:41:38Z INFO  tinymist_project::compiler] /home/rtinfew/Downloads/test.typ: compilation failed with 1 warnings and errors in 349.921µs
[2026-08-25T14:41:38Z INFO  tinymist_preview] Preview("le66pg"): received notification: signal(false, true), when OnType
[2026-08-25T14:41:38Z INFO  tinymist_project::compiler] /home/rtinfew/Downloads/test.typ: compilation failed with 1 warnings and errors in 224.636µs
[2026-08-25T14:41:38Z INFO  tinymist_preview] Preview("le66pg"): received notification: signal(false, true), when OnType
[2026-08-25T14:41:38Z INFO  tinymist_project::compiler] /home/rtinfew/Downloads/test.typ: compilation failed with 1 warnings and errors in 262.346µs
[2026-08-25T14:41:38Z INFO  tinymist_preview] Preview("le66pg"): received notification: signal(false, true), when OnType
[2026-08-25T14:41:38Z INFO  tinymist_project::compiler] /home/rtinfew/Downloads/test.typ: compilation failed with 1 warnings and errors in 453.399µs
[2026-08-25T14:41:38Z INFO  tinymist_preview] Preview("le66pg"): received notification: signal(false, true), when OnType
[2026-08-25T14:41:38Z INFO  tinymist_project::compiler] /home/rtinfew/Downloads/test.typ: compilation failed with 1 warnings and errors in 605.524µs
[2026-08-25T14:41:38Z INFO  tinymist_preview] Preview("le66pg"): received notification: signal(false, true), when OnType
[2026-08-25T14:41:38Z INFO  tinymist_project::compiler] /home/rtinfew/Downloads/test.typ: compilation failed with 1 warnings and errors in 375.014µs
[2026-08-25T14:41:38Z INFO  tinymist_preview] Preview("le66pg"): received notification: signal(false, true), when OnType
[2026-08-25T14:41:38Z INFO  tinymist_project::compiler] /home/rtinfew/Downloads/test.typ: compilation failed with 1 warnings and errors in 563.151µs
[2026-08-25T14:41:38Z INFO  tinymist_preview] Preview("le66pg"): received notification: signal(false, true), when OnType
[2026-08-25T14:41:38Z INFO  tinymist_project::compiler] /home/rtinfew/Downloads/test.typ: compilation failed with 1 warnings and errors in 608.853µs
[2026-08-25T14:41:38Z INFO  tinymist_preview] Preview("le66pg"): received notification: signal(false, true), when OnType
[2026-08-25T14:41:38Z INFO  tinymist_project::compiler] /home/rtinfew/Downloads/test.typ: compilation failed with 1 warnings and errors in 540.548µs
[2026-08-25T14:41:38Z INFO  tinymist_preview] Preview("le66pg"): received notification: signal(false, true), when OnType
[2026-08-25T14:41:38Z INFO  tinymist_project::compiler] /home/rtinfew/Downloads/test.typ: compilation failed with 1 warnings and errors in 673.688µs
[2026-08-25T14:41:38Z INFO  tinymist_preview] Preview("le66pg"): received notification: signal(false, true), when OnType
[2026-08-25T14:41:39Z INFO  tinymist_project::compiler] /home/rtinfew/Downloads/test.typ: compilation failed with 1 warnings and errors in 530.599µs
[2026-08-25T14:41:39Z INFO  tinymist_preview] Preview("le66pg"): received notification: signal(false, true), when OnType
[2026-08-25T14:41:39Z INFO  tinymist_project::compiler] /home/rtinfew/Downloads/test.typ: compilation failed with 1 warnings and errors in 603.692µs
[2026-08-25T14:41:39Z INFO  tinymist_preview] Preview("le66pg"): received notification: signal(false, true), when OnType
[2026-08-25T14:41:39Z INFO  tinymist_project::compiler] /home/rtinfew/Downloads/test.typ: compilation failed with 1 warnings and errors in 635.818µs
[2026-08-25T14:41:39Z INFO  tinymist_preview] Preview("le66pg"): received notification: signal(false, true), when OnType
[2026-08-25T14:41:39Z INFO  tinymist_project::compiler] /home/rtinfew/Downloads/test.typ: compilation failed with 1 warnings and errors in 476.736µs
[2026-08-25T14:41:39Z INFO  tinymist_preview] Preview("le66pg"): received notification: signal(false, true), when OnType
[2026-08-25T14:41:39Z INFO  tinymist_project::compiler] /home/rtinfew/Downloads/test.typ: compilation failed with 1 warnings and errors in 175.804µs
[2026-08-25T14:41:39Z INFO  tinymist_preview] Preview("le66pg"): received notification: signal(false, true), when OnType
[2026-08-25T14:41:39Z INFO  tinymist_project::compiler] /home/rtinfew/Downloads/test.typ: compilation failed with 1 warnings and errors in 209.04µs
[2026-08-25T14:41:39Z INFO  tinymist_preview] Preview("le66pg"): received notification: signal(false, true), when OnType
[2026-08-25T14:41:39Z INFO  tinymist_project::compiler] /home/rtinfew/Downloads/test.typ: compilation failed with 1 warnings and errors in 207.864µs
[2026-08-25T14:41:39Z INFO  tinymist_preview] Preview("le66pg"): received notification: signal(false, true), when OnType
[2026-08-25T14:41:39Z INFO  tinymist_project::compiler] /home/rtinfew/Downloads/test.typ: compilation failed with 1 warnings and errors in 527.471µs
[2026-08-25T14:41:39Z INFO  tinymist_preview] Preview("le66pg"): received notification: signal(false, true), when OnType
[2026-08-25T14:41:39Z INFO  tinymist_project::compiler] /home/rtinfew/Downloads/test.typ: compilation failed with 1 warnings and errors in 614.605µs
[2026-08-25T14:41:39Z INFO  tinymist_preview] Preview("le66pg"): received notification: signal(false, true), when OnType
[2026-08-25T14:41:39Z INFO  tinymist_project::compiler] /home/rtinfew/Downloads/test.typ: compilation failed with 1 warnings and errors in 538.722µs
[2026-08-25T14:41:39Z INFO  tinymist_preview] Preview("le66pg"): received notification: signal(false, true), when OnType
[2026-08-25T14:41:39Z INFO  tinymist_project::compiler] /home/rtinfew/Downloads/test.typ: compilation failed with 1 warnings and errors in 756.931µs
[2026-08-25T14:41:39Z INFO  tinymist_preview] Preview("le66pg"): received notification: signal(false, true), when OnType
[2026-08-25T14:41:39Z INFO  tinymist_project::compiler] /home/rtinfew/Downloads/test.typ: compilation failed with 1 warnings and errors in 686.064µs
[2026-08-25T14:41:39Z INFO  tinymist_preview] Preview("le66pg"): received notification: signal(false, true), when OnType
[2026-08-25T14:41:39Z INFO  tinymist_project::compiler] /home/rtinfew/Downloads/test.typ: compilation failed with 1 warnings and errors in 779.673µs
[2026-08-25T14:41:39Z INFO  tinymist_preview] Preview("le66pg"): received notification: signal(false, true), when OnType
[2026-08-25T14:41:39Z INFO  tinymist_project::compiler] /home/rtinfew/Downloads/test.typ: compilation failed with 1 warnings and errors in 459.717µs
[2026-08-25T14:41:39Z INFO  tinymist_preview] Preview("le66pg"): received notification: signal(false, true), when OnType
[2026-08-25T14:41:39Z INFO  tinymist_project::compiler] /home/rtinfew/Downloads/test.typ: compilation failed with 1 warnings and errors in 482.961µs
[2026-08-25T14:41:39Z INFO  tinymist_preview] Preview("le66pg"): received notification: signal(false, true), when OnType
[2026-08-25T14:41:39Z INFO  tinymist_project::compiler] /home/rtinfew/Downloads/test.typ: compilation failed with 1 warnings and errors in 710.001µs
[2026-08-25T14:41:39Z INFO  tinymist_preview] Preview("le66pg"): received notification: signal(false, true), when OnType
[2026-08-25T14:41:39Z INFO  tinymist_project::compiler] /home/rtinfew/Downloads/test.typ: compilation failed with 1 warnings and errors in 677.485µs
[2026-08-25T14:41:39Z INFO  tinymist_preview] Preview("le66pg"): received notification: signal(false, true), when OnType
[2026-08-25T14:41:39Z INFO  tinymist_project::compiler] /home/rtinfew/Downloads/test.typ: compilation failed with 1 warnings and errors in 888.204µs
[2026-08-25T14:41:39Z INFO  tinymist_preview] Preview("le66pg"): received notification: signal(false, true), when OnType
[2026-08-25T14:41:39Z INFO  tinymist_project::compiler] /home/rtinfew/Downloads/test.typ: compilation failed with 1 warnings and errors in 496.309µs
[2026-08-25T14:41:39Z INFO  tinymist_preview] Preview("le66pg"): received notification: signal(false, true), when OnType
[2026-08-25T14:41:40Z INFO  tinymist_project::compiler] /home/rtinfew/Downloads/test.typ: compilation failed with 1 warnings and errors in 736.215µs
[2026-08-25T14:41:40Z INFO  tinymist_preview] Preview("le66pg"): received notification: signal(false, true), when OnType
[2026-08-25T14:41:40Z INFO  tinymist_project::compiler] /home/rtinfew/Downloads/test.typ: compilation failed with 1 warnings and errors in 440.69µs
[2026-08-25T14:41:40Z INFO  tinymist_preview] Preview("le66pg"): received notification: signal(false, true), when OnType
[2026-08-25T14:41:40Z INFO  tinymist_project::compiler] /home/rtinfew/Downloads/test.typ: compilation failed with 1 warnings and errors in 453.384µs
[2026-08-25T14:41:40Z INFO  tinymist_preview] Preview("le66pg"): received notification: signal(false, true), when OnType
[2026-08-25T14:41:40Z INFO  tinymist_project::compiler] /home/rtinfew/Downloads/test.typ: compilation failed with 1 warnings and errors in 557.443µs
[2026-08-25T14:41:40Z INFO  tinymist_preview] Preview("le66pg"): received notification: signal(false, true), when OnType
[2026-08-25T14:41:40Z INFO  tinymist_project::compiler] /home/rtinfew/Downloads/test.typ: compilation failed with 1 warnings and errors in 501.48µs
[2026-08-25T14:41:40Z INFO  tinymist_preview] Preview("le66pg"): received notification: signal(false, true), when OnType
[2026-08-25T14:41:40Z INFO  tinymist_project::compiler] /home/rtinfew/Downloads/test.typ: compilation failed with 1 warnings and errors in 506.216µs
[2026-08-25T14:41:40Z INFO  tinymist_preview] Preview("le66pg"): received notification: signal(false, true), when OnType
[2026-08-25T14:41:40Z INFO  tinymist_project::compiler] /home/rtinfew/Downloads/test.typ: compilation failed with 1 warnings and errors in 664.505µs
[2026-08-25T14:41:40Z INFO  tinymist_preview] Preview("le66pg"): received notification: signal(false, true), when OnType
[2026-08-25T14:41:40Z INFO  tinymist_project::compiler] /home/rtinfew/Downloads/test.typ: compilation failed with 1 warnings and errors in 465.527µs
[2026-08-25T14:41:40Z INFO  tinymist_preview] Preview("le66pg"): received notification: signal(false, true), when OnType
[2026-08-25T14:41:40Z INFO  tinymist_project::compiler] /home/rtinfew/Downloads/test.typ: compilation failed with 1 warnings and errors in 516.847µs
[2026-08-25T14:41:40Z INFO  tinymist_preview] Preview("le66pg"): received notification: signal(false, true), when OnType
[2026-08-25T14:41:40Z INFO  tinymist_project::compiler] /home/rtinfew/Downloads/test.typ: compilation failed with 1 warnings and errors in 627.045µs
[2026-08-25T14:41:40Z INFO  tinymist_preview] Preview("le66pg"): received notification: signal(false, true), when OnType
[2026-08-25T14:41:40Z INFO  tinymist_project::compiler] /home/rtinfew/Downloads/test.typ: compilation failed with 1 warnings and errors in 621.091µs
[2026-08-25T14:41:40Z INFO  tinymist_preview] Preview("le66pg"): received notification: signal(false, true), when OnType
[2026-08-25T14:41:40Z INFO  tinymist_project::compiler] /home/rtinfew/Downloads/test.typ: compilation failed with 1 warnings and errors in 632.661µs
[2026-08-25T14:41:40Z INFO  tinymist_preview] Preview("le66pg"): received notification: signal(false, true), when OnType
[2026-08-25T14:41:40Z INFO  tinymist_project::compiler] /home/rtinfew/Downloads/test.typ: compilation failed with 1 warnings and errors in 738.507µs
[2026-08-25T14:41:40Z INFO  tinymist_preview] Preview("le66pg"): received notification: signal(false, true), when OnType
[2026-08-25T14:41:40Z INFO  tinymist_project::compiler] /home/rtinfew/Downloads/test.typ: compilation failed with 1 warnings and errors in 482.247µs
[2026-08-25T14:41:40Z INFO  tinymist_preview] Preview("le66pg"): received notification: signal(false, true), when OnType
[2026-08-25T14:41:40Z INFO  tinymist_project::compiler] /home/rtinfew/Downloads/test.typ: compilation failed with 1 warnings and errors in 538.342µs
[2026-08-25T14:41:40Z INFO  tinymist_preview] Preview("le66pg"): received notification: signal(false, true), when OnType
[2026-08-25T14:41:40Z INFO  tinymist_project::compiler] /home/rtinfew/Downloads/test.typ: compilation failed with 1 warnings and errors in 591.71µs
[2026-08-25T14:41:40Z INFO  tinymist_preview] Preview("le66pg"): received notification: signal(false, true), when OnType
[2026-08-25T14:41:40Z INFO  tinymist_project::compiler] /home/rtinfew/Downloads/test.typ: compilation failed with 1 warnings and errors in 608.165µs
[2026-08-25T14:41:40Z INFO  tinymist_preview] Preview("le66pg"): received notification: signal(false, true), when OnType
[2026-08-25T14:41:40Z INFO  tinymist_project::compiler] /home/rtinfew/Downloads/test.typ: compilation failed with 1 warnings and errors in 693.63µs
[2026-08-25T14:41:40Z INFO  tinymist_preview] Preview("le66pg"): received notification: signal(false, true), when OnType
[2026-08-25T14:41:40Z INFO  tinymist_project::compiler] /home/rtinfew/Downloads/test.typ: compilation failed with 1 warnings and errors in 659.347µs
[2026-08-25T14:41:40Z INFO  tinymist_preview] Preview("le66pg"): received notification: signal(false, true), when OnType
[2026-08-25T14:41:41Z INFO  tinymist_project::compiler] /home/rtinfew/Downloads/test.typ: compilation failed with 1 warnings and errors in 508.854µs
[2026-08-25T14:41:41Z INFO  tinymist_preview] Preview("le66pg"): received notification: signal(false, true), when OnType
[2026-08-25T14:41:41Z INFO  tinymist_project::compiler] /home/rtinfew/Downloads/test.typ: compilation failed with 1 warnings and errors in 567.95µs
[2026-08-25T14:41:41Z INFO  tinymist_preview] Preview("le66pg"): received notification: signal(false, true), when OnType
[2026-08-25T14:41:41Z INFO  tinymist_project::compiler] /home/rtinfew/Downloads/test.typ: compilation failed with 1 warnings and errors in 900.999µs
[2026-08-25T14:41:41Z INFO  tinymist_preview] Preview("le66pg"): received notification: signal(false, true), when OnType
[2026-08-25T14:41:41Z INFO  tinymist_project::compiler] /home/rtinfew/Downloads/test.typ: compilation failed with 1 warnings and errors in 588.782µs
[2026-08-25T14:41:41Z INFO  tinymist_preview] Preview("le66pg"): received notification: signal(false, true), when OnType
[2026-08-25T14:41:41Z INFO  tinymist_project::compiler] /home/rtinfew/Downloads/test.typ: compilation failed with 1 warnings and errors in 410.089µs
[2026-08-25T14:41:41Z INFO  tinymist_preview] Preview("le66pg"): received notification: signal(false, true), when OnType
[2026-08-25T14:41:41Z INFO  tinymist_project::compiler] /home/rtinfew/Downloads/test.typ: compilation failed with 1 warnings and errors in 436.678µs
[2026-08-25T14:41:41Z INFO  tinymist_preview] Preview("le66pg"): received notification: signal(false, true), when OnType
[2026-08-25T14:41:41Z INFO  tinymist_project::compiler] /home/rtinfew/Downloads/test.typ: compilation failed with 1 warnings and errors in 993.611µs
[2026-08-25T14:41:41Z INFO  tinymist_preview] Preview("le66pg"): received notification: signal(false, true), when OnType
[2026-08-25T14:41:41Z INFO  tinymist_project::compiler] /home/rtinfew/Downloads/test.typ: compilation failed with 1 warnings and errors in 475.389µs
[2026-08-25T14:41:41Z INFO  tinymist_preview] Preview("le66pg"): received notification: signal(false, true), when OnType
[2026-08-25T14:41:41Z INFO  tinymist_project::compiler] /home/rtinfew/Downloads/test.typ: compilation failed with 1 warnings and errors in 488.504µs
[2026-08-25T14:41:41Z INFO  tinymist_preview] Preview("le66pg"): received notification: signal(false, true), when OnType
[2026-08-25T14:41:41Z INFO  tinymist_project::compiler] /home/rtinfew/Downloads/test.typ: compilation failed with 1 warnings and errors in 470.957µs
[2026-08-25T14:41:41Z INFO  tinymist_preview] Preview("le66pg"): received notification: signal(false, true), when OnType
[2026-08-25T14:41:41Z INFO  tinymist_project::compiler] /home/rtinfew/Downloads/test.typ: compilation failed with 1 warnings and errors in 630.822µs
[2026-08-25T14:41:41Z INFO  tinymist_preview] Preview("le66pg"): received notification: signal(false, true), when OnType
[2026-08-25T14:41:41Z INFO  tinymist_project::compiler] /home/rtinfew/Downloads/test.typ: compilation failed with 1 warnings and errors in 809.242µs
[2026-08-25T14:41:41Z INFO  tinymist_preview] Preview("le66pg"): received notification: signal(false, true), when OnType
[2026-08-25T14:41:41Z INFO  tinymist_project::compiler] /home/rtinfew/Downloads/test.typ: compilation failed with 1 warnings and errors in 1.021221ms
[2026-08-25T14:41:41Z INFO  tinymist_preview] Preview("le66pg"): received notification: signal(false, true), when OnType
[2026-08-25T14:41:41Z INFO  tinymist_project::compiler] /home/rtinfew/Downloads/test.typ: compilation failed with 1 warnings and errors in 750.312µs
[2026-08-25T14:41:41Z INFO  tinymist_preview] Preview("le66pg"): received notification: signal(false, true), when OnType
[2026-08-25T14:41:41Z INFO  tinymist_project::compiler] /home/rtinfew/Downloads/test.typ: compilation failed with 1 warnings and errors in 469.328µs
[2026-08-25T14:41:41Z INFO  tinymist_preview] Preview("le66pg"): received notification: signal(false, true), when OnType
[2026-08-25T14:41:41Z INFO  tinymist_project::compiler] /home/rtinfew/Downloads/test.typ: compilation failed with 1 warnings and errors in 577.591µs
[2026-08-25T14:41:41Z INFO  tinymist_preview] Preview("le66pg"): received notification: signal(false, true), when OnType
[2026-08-25T14:41:41Z INFO  tinymist_project::compiler] /home/rtinfew/Downloads/test.typ: compilation failed with 1 warnings and errors in 455.096µs
[2026-08-25T14:41:41Z INFO  tinymist_preview] Preview("le66pg"): received notification: signal(false, true), when OnType
[2026-08-25T14:41:41Z INFO  tinymist_project::compiler] /home/rtinfew/Downloads/test.typ: compilation failed with 1 warnings and errors in 515.248µs
[2026-08-25T14:41:41Z INFO  tinymist_preview] Preview("le66pg"): received notification: signal(false, true), when OnType
[2026-08-25T14:41:41Z INFO  tinymist_project::compiler] /home/rtinfew/Downloads/test.typ: compilation failed with 1 warnings and errors in 851.349µs
[2026-08-25T14:41:41Z INFO  tinymist_preview] Preview("le66pg"): received notification: signal(false, true), when OnType
[2026-08-25T14:41:42Z INFO  tinymist_project::compiler] /home/rtinfew/Downloads/test.typ: compilation failed with 1 warnings and errors in 581.162µs
[2026-08-25T14:41:42Z INFO  tinymist_preview] Preview("le66pg"): received notification: signal(false, true), when OnType
[2026-08-25T14:41:42Z INFO  tinymist_project::compiler] /home/rtinfew/Downloads/test.typ: compilation failed with 1 warnings and errors in 611.08µs
[2026-08-25T14:41:42Z INFO  tinymist_preview] Preview("le66pg"): received notification: signal(false, true), when OnType
[2026-08-25T14:41:42Z INFO  tinymist_project::compiler] /home/rtinfew/Downloads/test.typ: compilation failed with 1 warnings and errors in 645.864µs
[2026-08-25T14:41:42Z INFO  tinymist_preview] Preview("le66pg"): received notification: signal(false, true), when OnType
[2026-08-25T14:41:42Z INFO  tinymist_project::compiler] /home/rtinfew/Downloads/test.typ: compilation failed with 1 warnings and errors in 529.435µs
[2026-08-25T14:41:42Z INFO  tinymist_preview] Preview("le66pg"): received notification: signal(false, true), when OnType
[2026-08-25T14:41:42Z INFO  tinymist_project::compiler] /home/rtinfew/Downloads/test.typ: compilation failed with 1 warnings and errors in 603.053µs
[2026-08-25T14:41:42Z INFO  tinymist_preview] Preview("le66pg"): received notification: signal(false, true), when OnType
[2026-08-25T14:41:42Z INFO  tinymist_project::compiler] /home/rtinfew/Downloads/test.typ: compilation failed with 1 warnings and errors in 677.074µs
[2026-08-25T14:41:42Z INFO  tinymist_preview] Preview("le66pg"): received notification: signal(false, true), when OnType
[2026-08-25T14:41:42Z INFO  tinymist_project::compiler] /home/rtinfew/Downloads/test.typ: compilation failed with 1 warnings and errors in 457.116µs
[2026-08-25T14:41:42Z INFO  tinymist_preview] Preview("le66pg"): received notification: signal(false, true), when OnType
[2026-08-25T14:41:42Z INFO  tinymist_project::compiler] /home/rtinfew/Downloads/test.typ: compilation failed with 1 warnings and errors in 860.194µs
[2026-08-25T14:41:42Z INFO  tinymist_preview] Preview("le66pg"): received notification: signal(false, true), when OnType
[2026-08-25T14:41:42Z INFO  tinymist_project::compiler] /home/rtinfew/Downloads/test.typ: compilation failed with 1 warnings and errors in 694.305µs
[2026-08-25T14:41:42Z INFO  tinymist_preview] Preview("le66pg"): received notification: signal(false, true), when OnType
[2026-08-25T14:41:42Z INFO  tinymist_project::compiler] /home/rtinfew/Downloads/test.typ: compilation failed with 1 warnings and errors in 564.854µs
[2026-08-25T14:41:42Z INFO  tinymist_preview] Preview("le66pg"): received notification: signal(false, true), when OnType
[2026-08-25T14:41:42Z INFO  tinymist_project::compiler] /home/rtinfew/Downloads/test.typ: compilation failed with 1 warnings and errors in 606.293µs
[2026-08-25T14:41:42Z INFO  tinymist_preview] Preview("le66pg"): received notification: signal(false, true), when OnType
[2026-08-25T14:41:42Z INFO  tinymist_project::compiler] /home/rtinfew/Downloads/test.typ: compilation failed with 1 warnings and errors in 525.288µs
[2026-08-25T14:41:42Z INFO  tinymist_preview] Preview("le66pg"): received notification: signal(false, true), when OnType
[2026-08-25T14:41:42Z INFO  tinymist_project::compiler] /home/rtinfew/Downloads/test.typ: compilation failed with 1 warnings and errors in 776.668µs
[2026-08-25T14:41:42Z INFO  tinymist_preview] Preview("le66pg"): received notification: signal(false, true), when OnType
[2026-08-25T14:41:42Z INFO  tinymist_project::compiler] /home/rtinfew/Downloads/test.typ: compilation failed with 1 warnings and errors in 620.451µs
[2026-08-25T14:41:42Z INFO  tinymist_preview] Preview("le66pg"): received notification: signal(false, true), when OnType
[2026-08-25T14:41:42Z INFO  tinymist_project::compiler] /home/rtinfew/Downloads/test.typ: compilation failed with 1 warnings and errors in 507.304µs
[2026-08-25T14:41:42Z INFO  tinymist_preview] Preview("le66pg"): received notification: signal(false, true), when OnType
[2026-08-25T14:41:42Z INFO  tinymist_project::compiler] /home/rtinfew/Downloads/test.typ: compilation failed with 1 warnings and errors in 762.014µs
[2026-08-25T14:41:42Z INFO  tinymist_preview] Preview("le66pg"): received notification: signal(false, true), when OnType
[2026-08-25T14:41:42Z INFO  tinymist_project::compiler] /home/rtinfew/Downloads/test.typ: compilation failed with 1 warnings and errors in 730.89µs
[2026-08-25T14:41:42Z INFO  tinymist_preview] Preview("le66pg"): received notification: signal(false, true), when OnType
[2026-08-25T14:41:42Z INFO  tinymist_project::compiler] /home/rtinfew/Downloads/test.typ: compilation failed with 1 warnings and errors in 640.46µs
[2026-08-25T14:41:42Z INFO  tinymist_preview] Preview("le66pg"): received notification: signal(false, true), when OnType
[2026-08-25T14:41:42Z INFO  tinymist_project::compiler] /home/rtinfew/Downloads/test.typ: compilation failed with 1 warnings and errors in 478.804µs
[2026-08-25T14:41:42Z INFO  tinymist_preview] Preview("le66pg"): received notification: signal(false, true), when OnType
[2026-08-25T14:41:43Z INFO  tinymist_project::compiler] /home/rtinfew/Downloads/test.typ: compilation failed with 1 warnings and errors in 652.972µs
[2026-08-25T14:41:43Z INFO  tinymist_preview] Preview("le66pg"): received notification: signal(false, true), when OnType
[2026-08-25T14:41:43Z INFO  tinymist_project::compiler] /home/rtinfew/Downloads/test.typ: compilation failed with 1 warnings and errors in 488.232µs
[2026-08-25T14:41:43Z INFO  tinymist_preview] Preview("le66pg"): received notification: signal(false, true), when OnType
[2026-08-25T14:41:43Z INFO  tinymist_project::compiler] /home/rtinfew/Downloads/test.typ: compilation failed with 1 warnings and errors in 497.495µs
[2026-08-25T14:41:43Z INFO  tinymist_preview] Preview("le66pg"): received notification: signal(false, true), when OnType
[2026-08-25T14:41:43Z INFO  tinymist_project::compiler] /home/rtinfew/Downloads/test.typ: compilation failed with 1 warnings and errors in 599.864µs
[2026-08-25T14:41:43Z INFO  tinymist_preview] Preview("le66pg"): received notification: signal(false, true), when OnType
[2026-08-25T14:41:43Z INFO  tinymist_project::compiler] /home/rtinfew/Downloads/test.typ: compilation failed with 1 warnings and errors in 458.598µs
[2026-08-25T14:41:43Z INFO  tinymist_preview] Preview("le66pg"): received notification: signal(false, true), when OnType
[2026-08-25T14:41:43Z INFO  tinymist_project::compiler] /home/rtinfew/Downloads/test.typ: compilation failed with 1 warnings and errors in 491.832µs
[2026-08-25T14:41:43Z INFO  tinymist_preview] Preview("le66pg"): received notification: signal(false, true), when OnType
[2026-08-25T14:41:43Z INFO  tinymist_project::compiler] /home/rtinfew/Downloads/test.typ: compilation failed with 1 warnings and errors in 461.117µs
[2026-08-25T14:41:43Z INFO  tinymist_preview] Preview("le66pg"): received notification: signal(false, true), when OnType
[2026-08-25T14:41:43Z INFO  tinymist_project::compiler] /home/rtinfew/Downloads/test.typ: compilation failed with 1 warnings and errors in 1.165103ms
[2026-08-25T14:41:43Z INFO  tinymist_preview] Preview("le66pg"): received notification: signal(false, true), when OnType
[2026-08-25T14:41:43Z INFO  tinymist_project::compiler] /home/rtinfew/Downloads/test.typ: compilation failed with 1 warnings and errors in 719.254µs
[2026-08-25T14:41:43Z INFO  tinymist_preview] Preview("le66pg"): received notification: signal(false, true), when OnType
[2026-08-25T14:41:43Z INFO  tinymist_project::compiler] /home/rtinfew/Downloads/test.typ: compilation failed with 1 warnings and errors in 505.295µs
[2026-08-25T14:41:43Z INFO  tinymist_preview] Preview("le66pg"): received notification: signal(false, true), when OnType
[2026-08-25T14:41:43Z INFO  tinymist_project::compiler] /home/rtinfew/Downloads/test.typ: compilation failed with 1 warnings and errors in 557.012µs
[2026-08-25T14:41:43Z INFO  tinymist_preview] Preview("le66pg"): received notification: signal(false, true), when OnType
[2026-08-25T14:41:43Z INFO  tinymist_project::compiler] /home/rtinfew/Downloads/test.typ: compilation failed with 1 warnings and errors in 519.605µs
[2026-08-25T14:41:43Z INFO  tinymist_preview] Preview("le66pg"): received notification: signal(false, true), when OnType
[2026-08-25T14:41:43Z INFO  tinymist_project::compiler] /home/rtinfew/Downloads/test.typ: compilation failed with 1 warnings and errors in 554.967µs
[2026-08-25T14:41:43Z INFO  tinymist_preview] Preview("le66pg"): received notification: signal(false, true), when OnType
[2026-08-25T14:41:43Z INFO  tinymist_project::compiler] /home/rtinfew/Downloads/test.typ: compilation failed with 1 warnings and errors in 983.258µs
[2026-08-25T14:41:43Z INFO  tinymist_preview] Preview("le66pg"): received notification: signal(false, true), when OnType
[2026-08-25T14:41:43Z INFO  tinymist_project::compiler] /home/rtinfew/Downloads/test.typ: compilation failed with 1 warnings and errors in 750.87µs
[2026-08-25T14:41:43Z INFO  tinymist_preview] Preview("le66pg"): received notification: signal(false, true), when OnType
[2026-08-25T14:41:43Z INFO  tinymist_project::compiler] /home/rtinfew/Downloads/test.typ: compilation failed with 1 warnings and errors in 508.903µs
[2026-08-25T14:41:43Z INFO  tinymist_preview] Preview("le66pg"): received notification: signal(false, true), when OnType
[2026-08-25T14:41:43Z INFO  tinymist_project::compiler] /home/rtinfew/Downloads/test.typ: compilation failed with 1 warnings and errors in 245.669µs
[2026-08-25T14:41:43Z INFO  tinymist_preview] Preview("le66pg"): received notification: signal(false, true), when OnType
[2026-08-25T14:41:43Z INFO  tinymist_project::compiler] /home/rtinfew/Downloads/test.typ: compilation failed with 1 warnings and errors in 232.373µs
[2026-08-25T14:41:43Z INFO  tinymist_preview] Preview("le66pg"): received notification: signal(false, true), when OnType
[2026-08-25T14:41:43Z INFO  tinymist_project::compiler] /home/rtinfew/Downloads/test.typ: compilation failed with 1 warnings and errors in 320.272µs
[2026-08-25T14:41:43Z INFO  tinymist_preview] Preview("le66pg"): received notification: signal(false, true), when OnType
[2026-08-25T14:41:44Z INFO  tinymist_project::compiler] /home/rtinfew/Downloads/test.typ: compilation failed with 1 warnings and errors in 172.279µs
[2026-08-25T14:41:44Z INFO  tinymist_preview] Preview("le66pg"): received notification: signal(false, true), when OnType
[2026-08-25T14:41:44Z INFO  tinymist_project::compiler] /home/rtinfew/Downloads/test.typ: compilation failed with 1 warnings and errors in 227.337µs
[2026-08-25T14:41:44Z INFO  tinymist_preview] Preview("le66pg"): received notification: signal(false, true), when OnType
[2026-08-25T14:41:44Z INFO  tinymist_project::compiler] /home/rtinfew/Downloads/test.typ: compilation failed with 1 warnings and errors in 264.839µs
[2026-08-25T14:41:44Z INFO  tinymist_preview] Preview("le66pg"): received notification: signal(false, true), when OnType
[2026-08-25T14:41:44Z INFO  tinymist_project::compiler] /home/rtinfew/Downloads/test.typ: compilation failed with 1 warnings and errors in 284.49µs
[2026-08-25T14:41:44Z INFO  tinymist_preview] Preview("le66pg"): received notification: signal(false, true), when OnType
[2026-08-25T14:41:44Z INFO  tinymist_project::compiler] /home/rtinfew/Downloads/test.typ: compilation failed with 1 warnings and errors in 262.689µs
[2026-08-25T14:41:44Z INFO  tinymist_preview] Preview("le66pg"): received notification: signal(false, true), when OnType
[2026-08-25T14:41:44Z INFO  tinymist_project::compiler] /home/rtinfew/Downloads/test.typ: compilation failed with 1 warnings and errors in 199.585µs
[2026-08-25T14:41:44Z INFO  tinymist_preview] Preview("le66pg"): received notification: signal(false, true), when OnType
[2026-08-25T14:41:44Z INFO  tinymist_project::compiler] /home/rtinfew/Downloads/test.typ: compilation failed with 1 warnings and errors in 276.394µs
[2026-08-25T14:41:44Z INFO  tinymist_preview] Preview("le66pg"): received notification: signal(false, true), when OnType
[2026-08-25T14:41:44Z INFO  tinymist_project::compiler] /home/rtinfew/Downloads/test.typ: compilation failed with 1 warnings and errors in 275.073µs
[2026-08-25T14:41:44Z INFO  tinymist_preview] Preview("le66pg"): received notification: signal(false, true), when OnType
[2026-08-25T14:41:44Z INFO  tinymist_project::compiler] /home/rtinfew/Downloads/test.typ: compilation failed with 1 warnings and errors in 252.109µs
[2026-08-25T14:41:44Z INFO  tinymist_preview] Preview("le66pg"): received notification: signal(false, true), when OnType
[2026-08-25T14:41:44Z INFO  tinymist_project::compiler] /home/rtinfew/Downloads/test.typ: compilation failed with 1 warnings and errors in 249.271µs
[2026-08-25T14:41:44Z INFO  tinymist_preview] Preview("le66pg"): received notification: signal(false, true), when OnType
[2026-08-25T14:41:44Z INFO  tinymist_project::compiler] /home/rtinfew/Downloads/test.typ: compilation failed with 1 warnings and errors in 2.744224ms
[2026-08-25T14:41:44Z INFO  tinymist_preview] Preview("le66pg"): received notification: signal(false, true), when OnType
[2026-08-25T14:41:44Z INFO  tinymist_project::compiler] /home/rtinfew/Downloads/test.typ: compilation failed with 1 warnings and errors in 883.566µs
[2026-08-25T14:41:44Z INFO  tinymist_preview] Preview("le66pg"): received notification: signal(false, true), when OnType
[2026-08-25T14:41:44Z INFO  tinymist_project::compiler] /home/rtinfew/Downloads/test.typ: compilation failed with 1 warnings and errors in 202.453µs
[2026-08-25T14:41:44Z INFO  tinymist_preview] Preview("le66pg"): received notification: signal(false, true), when OnType
[2026-08-25T14:41:44Z INFO  tinymist_project::compiler] /home/rtinfew/Downloads/test.typ: compilation failed with 1 warnings and errors in 252.253µs
[2026-08-25T14:41:44Z INFO  tinymist_preview] Preview("le66pg"): received notification: signal(false, true), when OnType
[2026-08-25T14:41:44Z INFO  tinymist_project::compiler] /home/rtinfew/Downloads/test.typ: compilation failed with 1 warnings and errors in 212.988µs
[2026-08-25T14:41:44Z INFO  tinymist_preview] Preview("le66pg"): received notification: signal(false, true), when OnType
[2026-08-25T14:41:44Z INFO  tinymist_project::compiler] /home/rtinfew/Downloads/test.typ: compilation failed with 1 warnings and errors in 920.728µs
[2026-08-25T14:41:44Z INFO  tinymist_preview] Preview("le66pg"): received notification: signal(false, true), when OnType
[2026-08-25T14:41:44Z INFO  tinymist_project::compiler] /home/rtinfew/Downloads/test.typ: compilation failed with 1 warnings and errors in 234.97µs
[2026-08-25T14:41:44Z INFO  tinymist_preview] Preview("le66pg"): received notification: signal(false, true), when OnType
[2026-08-25T14:41:44Z INFO  tinymist_project::compiler] /home/rtinfew/Downloads/test.typ: compilation failed with 1 warnings and errors in 1.702206ms
[2026-08-25T14:41:44Z INFO  tinymist_preview] Preview("le66pg"): received notification: signal(false, true), when OnType
[2026-08-25T14:41:44Z INFO  tinymist_project::compiler] /home/rtinfew/Downloads/test.typ: compilation failed with 1 warnings and errors in 2.980257ms
[2026-08-25T14:41:44Z INFO  tinymist_preview] Preview("le66pg"): received notification: signal(false, true), when OnType
[2026-08-25T14:41:45Z INFO  tinymist_project::compiler] /home/rtinfew/Downloads/test.typ: compilation failed with 1 warnings and errors in 2.489879ms
[2026-08-25T14:41:45Z INFO  tinymist_preview] Preview("le66pg"): received notification: signal(false, true), when OnType
[2026-08-25T14:41:45Z INFO  tinymist_project::compiler] /home/rtinfew/Downloads/test.typ: compilation failed with 1 warnings and errors in 341.69µs
[2026-08-25T14:41:45Z INFO  tinymist_preview] Preview("le66pg"): received notification: signal(false, true), when OnType
[2026-08-25T14:41:45Z INFO  tinymist_project::compiler] /home/rtinfew/Downloads/test.typ: compilation failed with 1 warnings and errors in 347.342µs
[2026-08-25T14:41:45Z INFO  tinymist_preview] Preview("le66pg"): received notification: signal(false, true), when OnType
[2026-08-25T14:41:45Z INFO  tinymist_project::compiler] /home/rtinfew/Downloads/test.typ: compilation failed with 1 warnings and errors in 298.537µs
[2026-08-25T14:41:45Z INFO  tinymist_preview] Preview("le66pg"): received notification: signal(false, true), when OnType
[2026-08-25T14:41:45Z INFO  tinymist_project::compiler] /home/rtinfew/Downloads/test.typ: compilation failed with 1 warnings and errors in 214.458µs
[2026-08-25T14:41:45Z INFO  tinymist_preview] Preview("le66pg"): received notification: signal(false, true), when OnType
[2026-08-25T14:41:45Z INFO  tinymist_project::compiler] /home/rtinfew/Downloads/test.typ: compilation failed with 1 warnings and errors in 359.782µs
[2026-08-25T14:41:45Z INFO  tinymist_preview] Preview("le66pg"): received notification: signal(false, true), when OnType
[2026-08-25T14:41:45Z INFO  tinymist_project::compiler] /home/rtinfew/Downloads/test.typ: compilation failed with 1 warnings and errors in 330.063µs
[2026-08-25T14:41:45Z INFO  tinymist_preview] Preview("le66pg"): received notification: signal(false, true), when OnType
[2026-08-25T14:41:45Z INFO  tinymist_project::compiler] /home/rtinfew/Downloads/test.typ: compilation failed with 1 warnings and errors in 708.202µs
[2026-08-25T14:41:45Z INFO  tinymist_preview] Preview("le66pg"): received notification: signal(false, true), when OnType
[2026-08-25T14:41:45Z INFO  tinymist_project::compiler] /home/rtinfew/Downloads/test.typ: compilation failed with 1 warnings and errors in 469.964µs
[2026-08-25T14:41:45Z INFO  tinymist_preview] Preview("le66pg"): received notification: signal(false, true), when OnType
[2026-08-25T14:41:45Z INFO  tinymist_project::compiler] /home/rtinfew/Downloads/test.typ: compilation failed with 1 warnings and errors in 933.688µs
[2026-08-25T14:41:45Z INFO  tinymist_preview] Preview("le66pg"): received notification: signal(false, true), when OnType
[2026-08-25T14:41:45Z INFO  tinymist_project::compiler] /home/rtinfew/Downloads/test.typ: compilation failed with 1 warnings and errors in 973.361µs
[2026-08-25T14:41:45Z INFO  tinymist_preview] Preview("le66pg"): received notification: signal(false, true), when OnType
[2026-08-25T14:41:45Z INFO  tinymist_project::compiler] /home/rtinfew/Downloads/test.typ: compilation failed with 1 warnings and errors in 3.260281ms
[2026-08-25T14:41:45Z INFO  tinymist_preview] Preview("le66pg"): received notification: signal(false, true), when OnType
[2026-08-25T14:41:45Z INFO  tinymist_project::compiler] /home/rtinfew/Downloads/test.typ: compilation failed with 1 warnings and errors in 222.269µs
[2026-08-25T14:41:45Z INFO  tinymist_preview] Preview("le66pg"): received notification: signal(false, true), when OnType
[2026-08-25T14:41:45Z INFO  tinymist_project::compiler] /home/rtinfew/Downloads/test.typ: compilation failed with 1 warnings and errors in 331.149µs
[2026-08-25T14:41:45Z INFO  tinymist_preview] Preview("le66pg"): received notification: signal(false, true), when OnType
[2026-08-25T14:41:45Z INFO  tinymist_project::compiler] /home/rtinfew/Downloads/test.typ: compilation failed with 1 warnings and errors in 328.978µs
[2026-08-25T14:41:45Z INFO  tinymist_preview] Preview("le66pg"): received notification: signal(false, true), when OnType
[2026-08-25T14:41:45Z INFO  tinymist_project::compiler] /home/rtinfew/Downloads/test.typ: compilation failed with 1 warnings and errors in 381.504µs
[2026-08-25T14:41:45Z INFO  tinymist_preview] Preview("le66pg"): received notification: signal(false, true), when OnType
[2026-08-25T14:41:45Z INFO  tinymist_project::compiler] /home/rtinfew/Downloads/test.typ: compilation failed with 1 warnings and errors in 362.948µs
[2026-08-25T14:41:45Z INFO  tinymist_preview] Preview("le66pg"): received notification: signal(false, true), when OnType
[2026-08-25T14:41:45Z INFO  tinymist_project::compiler] /home/rtinfew/Downloads/test.typ: compilation failed with 1 warnings and errors in 287.056µs
[2026-08-25T14:41:45Z INFO  tinymist_preview] Preview("le66pg"): received notification: signal(false, true), when OnType
[2026-08-25T14:41:45Z INFO  tinymist_project::compiler] /home/rtinfew/Downloads/test.typ: compilation failed with 1 warnings and errors in 1.072422ms
[2026-08-25T14:41:45Z INFO  tinymist_preview] Preview("le66pg"): received notification: signal(false, true), when OnType
[2026-08-25T14:41:46Z INFO  tinymist_project::compiler] /home/rtinfew/Downloads/test.typ: compilation failed with 1 warnings and errors in 209.336µs
[2026-08-25T14:41:46Z INFO  tinymist_preview] Preview("le66pg"): received notification: signal(false, true), when OnType
[2026-08-25T14:41:46Z INFO  tinymist_project::compiler] /home/rtinfew/Downloads/test.typ: compilation failed with 1 warnings and errors in 275.399µs
[2026-08-25T14:41:46Z INFO  tinymist_preview] Preview("le66pg"): received notification: signal(false, true), when OnType
[2026-08-25T14:41:46Z INFO  tinymist_project::compiler] /home/rtinfew/Downloads/test.typ: compilation failed with 1 warnings and errors in 195.839µs
[2026-08-25T14:41:46Z INFO  tinymist_preview] Preview("le66pg"): received notification: signal(false, true), when OnType
[2026-08-25T14:41:46Z INFO  tinymist_project::compiler] /home/rtinfew/Downloads/test.typ: compilation failed with 1 warnings and errors in 251.022µs
[2026-08-25T14:41:46Z INFO  tinymist_preview] Preview("le66pg"): received notification: signal(false, true), when OnType
[2026-08-25T14:41:46Z INFO  tinymist_project::compiler] /home/rtinfew/Downloads/test.typ: compilation failed with 1 warnings and errors in 482.47µs
[2026-08-25T14:41:46Z INFO  tinymist_preview] Preview("le66pg"): received notification: signal(false, true), when OnType
[2026-08-25T14:41:46Z INFO  tinymist_project::compiler] /home/rtinfew/Downloads/test.typ: compilation failed with 1 warnings and errors in 606.552µs
[2026-08-25T14:41:46Z INFO  tinymist_preview] Preview("le66pg"): received notification: signal(false, true), when OnType
[2026-08-25T14:41:46Z INFO  tinymist_project::compiler] /home/rtinfew/Downloads/test.typ: compilation failed with 1 warnings and errors in 570.594µs
[2026-08-25T14:41:46Z INFO  tinymist_preview] Preview("le66pg"): received notification: signal(false, true), when OnType
[2026-08-25T14:41:46Z INFO  tinymist_project::compiler] /home/rtinfew/Downloads/test.typ: compilation failed with 1 warnings and errors in 243.056µs
[2026-08-25T14:41:46Z INFO  tinymist_preview] Preview("le66pg"): received notification: signal(false, true), when OnType
[2026-08-25T14:41:46Z INFO  tinymist_project::compiler] /home/rtinfew/Downloads/test.typ: compilation failed with 1 warnings and errors in 238.422µs
[2026-08-25T14:41:46Z INFO  tinymist_preview] Preview("le66pg"): received notification: signal(false, true), when OnType
[2026-08-25T14:41:46Z INFO  tinymist_project::compiler] /home/rtinfew/Downloads/test.typ: compilation failed with 1 warnings and errors in 476.154µs
[2026-08-25T14:41:46Z INFO  tinymist_preview] Preview("le66pg"): received notification: signal(false, true), when OnType
[2026-08-25T14:41:46Z INFO  tinymist_project::compiler] /home/rtinfew/Downloads/test.typ: compilation failed with 1 warnings and errors in 502.384µs
[2026-08-25T14:41:46Z INFO  tinymist_preview] Preview("le66pg"): received notification: signal(false, true), when OnType
[2026-08-25T14:41:46Z INFO  tinymist_project::compiler] /home/rtinfew/Downloads/test.typ: compilation failed with 1 warnings and errors in 423.689µs
[2026-08-25T14:41:46Z INFO  tinymist_preview] Preview("le66pg"): received notification: signal(false, true), when OnType
[2026-08-25T14:41:46Z INFO  tinymist_project::compiler] /home/rtinfew/Downloads/test.typ: compilation failed with 1 warnings and errors in 465.565µs
[2026-08-25T14:41:46Z INFO  tinymist_preview] Preview("le66pg"): received notification: signal(false, true), when OnType
[2026-08-25T14:41:46Z INFO  tinymist_project::compiler] /home/rtinfew/Downloads/test.typ: compilation failed with 1 warnings and errors in 1.202637ms
[2026-08-25T14:41:46Z INFO  tinymist_preview] Preview("le66pg"): received notification: signal(false, true), when OnType
[2026-08-25T14:41:46Z INFO  tinymist_project::compiler] /home/rtinfew/Downloads/test.typ: compilation failed with 1 warnings and errors in 441.797µs
[2026-08-25T14:41:46Z INFO  tinymist_preview] Preview("le66pg"): received notification: signal(false, true), when OnType
[2026-08-25T14:41:46Z INFO  tinymist_project::compiler] /home/rtinfew/Downloads/test.typ: compilation failed with 1 warnings and errors in 463.27µs
[2026-08-25T14:41:46Z INFO  tinymist_preview] Preview("le66pg"): received notification: signal(false, true), when OnType
[2026-08-25T14:41:46Z INFO  tinymist_project::compiler] /home/rtinfew/Downloads/test.typ: compilation failed with 1 warnings and errors in 454.74µs
[2026-08-25T14:41:46Z INFO  tinymist_preview] Preview("le66pg"): received notification: signal(false, true), when OnType
[2026-08-25T14:41:46Z INFO  tinymist_project::compiler] /home/rtinfew/Downloads/test.typ: compilation failed with 1 warnings and errors in 794.781µs
[2026-08-25T14:41:46Z INFO  tinymist_preview] Preview("le66pg"): received notification: signal(false, true), when OnType
[2026-08-25T14:41:46Z INFO  tinymist_project::compiler] /home/rtinfew/Downloads/test.typ: compilation failed with 1 warnings and errors in 568.501µs
[2026-08-25T14:41:46Z INFO  tinymist_preview] Preview("le66pg"): received notification: signal(false, true), when OnType
[2026-08-25T14:41:47Z INFO  tinymist_project::compiler] /home/rtinfew/Downloads/test.typ: compilation failed with 1 warnings and errors in 388.746µs
[2026-08-25T14:41:47Z INFO  tinymist_preview] Preview("le66pg"): received notification: signal(false, true), when OnType
[2026-08-25T14:41:47Z INFO  tinymist_project::compiler] /home/rtinfew/Downloads/test.typ: compilation failed with 1 warnings and errors in 493.331µs
[2026-08-25T14:41:47Z INFO  tinymist_preview] Preview("le66pg"): received notification: signal(false, true), when OnType
[2026-08-25T14:41:47Z INFO  tinymist_project::compiler] /home/rtinfew/Downloads/test.typ: compilation failed with 1 warnings and errors in 467.858µs
[2026-08-25T14:41:47Z INFO  tinymist_preview] Preview("le66pg"): received notification: signal(false, true), when OnType
[2026-08-25T14:41:47Z INFO  tinymist_project::compiler] /home/rtinfew/Downloads/test.typ: compilation failed with 1 warnings and errors in 425.856µs
[2026-08-25T14:41:47Z INFO  tinymist_preview] Preview("le66pg"): received notification: signal(false, true), when OnType
[2026-08-25T14:41:47Z INFO  tinymist_project::compiler] /home/rtinfew/Downloads/test.typ: compilation failed with 1 warnings and errors in 537.996µs
[2026-08-25T14:41:47Z INFO  tinymist_preview] Preview("le66pg"): received notification: signal(false, true), when OnType
[2026-08-25T14:41:47Z INFO  tinymist_project::compiler] /home/rtinfew/Downloads/test.typ: compilation failed with 1 warnings and errors in 743.774µs
[2026-08-25T14:41:47Z INFO  tinymist_preview] Preview("le66pg"): received notification: signal(false, true), when OnType
[2026-08-25T14:41:47Z INFO  tinymist_project::compiler] /home/rtinfew/Downloads/test.typ: compilation failed with 1 warnings and errors in 531.114µs
[2026-08-25T14:41:47Z INFO  tinymist_preview] Preview("le66pg"): received notification: signal(false, true), when OnType
[2026-08-25T14:41:47Z INFO  tinymist_project::compiler] /home/rtinfew/Downloads/test.typ: compilation failed with 1 warnings and errors in 518.993µs
[2026-08-25T14:41:47Z INFO  tinymist_preview] Preview("le66pg"): received notification: signal(false, true), when OnType
[2026-08-25T14:41:47Z INFO  tinymist_project::compiler] /home/rtinfew/Downloads/test.typ: compilation failed with 1 warnings and errors in 575.438µs
[2026-08-25T14:41:47Z INFO  tinymist_preview] Preview("le66pg"): received notification: signal(false, true), when OnType
[2026-08-25T14:41:47Z INFO  tinymist_project::compiler] /home/rtinfew/Downloads/test.typ: compilation failed with 1 warnings and errors in 295.901µs
[2026-08-25T14:41:47Z INFO  tinymist_preview] Preview("le66pg"): received notification: signal(false, true), when OnType
[2026-08-25T14:41:47Z INFO  tinymist_project::compiler] /home/rtinfew/Downloads/test.typ: compilation failed with 1 warnings and errors in 406.305µs
[2026-08-25T14:41:47Z INFO  tinymist_preview] Preview("le66pg"): received notification: signal(false, true), when OnType
[2026-08-25T14:41:47Z INFO  tinymist_project::compiler] /home/rtinfew/Downloads/test.typ: compilation failed with 1 warnings and errors in 705.458µs
[2026-08-25T14:41:47Z INFO  tinymist_preview] Preview("le66pg"): received notification: signal(false, true), when OnType
[2026-08-25T14:41:47Z INFO  tinymist_project::compiler] /home/rtinfew/Downloads/test.typ: compilation failed with 1 warnings and errors in 515.98µs
[2026-08-25T14:41:47Z INFO  tinymist_preview] Preview("le66pg"): received notification: signal(false, true), when OnType
[2026-08-25T14:41:47Z INFO  tinymist_project::compiler] /home/rtinfew/Downloads/test.typ: compilation failed with 1 warnings and errors in 567.787µs
[2026-08-25T14:41:47Z INFO  tinymist_preview] Preview("le66pg"): received notification: signal(false, true), when OnType
[2026-08-25T14:41:47Z INFO  tinymist_project::compiler] /home/rtinfew/Downloads/test.typ: compilation failed with 1 warnings and errors in 716.433µs
[2026-08-25T14:41:47Z INFO  tinymist_preview] Preview("le66pg"): received notification: signal(false, true), when OnType
[2026-08-25T14:41:47Z INFO  tinymist_project::compiler] /home/rtinfew/Downloads/test.typ: compilation failed with 1 warnings and errors in 502.323µs
[2026-08-25T14:41:47Z INFO  tinymist_preview] Preview("le66pg"): received notification: signal(false, true), when OnType
[2026-08-25T14:41:47Z INFO  tinymist_project::compiler] /home/rtinfew/Downloads/test.typ: compilation failed with 1 warnings and errors in 523.298µs
[2026-08-25T14:41:47Z INFO  tinymist_preview] Preview("le66pg"): received notification: signal(false, true), when OnType
[2026-08-25T14:41:47Z INFO  tinymist_project::compiler] /home/rtinfew/Downloads/test.typ: compilation failed with 1 warnings and errors in 406.932µs
[2026-08-25T14:41:47Z INFO  tinymist_preview] Preview("le66pg"): received notification: signal(false, true), when OnType
[2026-08-25T14:41:47Z INFO  tinymist_project::compiler] /home/rtinfew/Downloads/test.typ: compilation failed with 1 warnings and errors in 1.263125ms
[2026-08-25T14:41:47Z INFO  tinymist_preview] Preview("le66pg"): received notification: signal(false, true), when OnType
[2026-08-25T14:41:48Z INFO  tinymist_project::compiler] /home/rtinfew/Downloads/test.typ: compilation failed with 1 warnings and errors in 476.39µs
[2026-08-25T14:41:48Z INFO  tinymist_preview] Preview("le66pg"): received notification: signal(false, true), when OnType
[2026-08-25T14:41:48Z INFO  tinymist_project::compiler] /home/rtinfew/Downloads/test.typ: compilation failed with 1 warnings and errors in 461.706µs
[2026-08-25T14:41:48Z INFO  tinymist_preview] Preview("le66pg"): received notification: signal(false, true), when OnType
[2026-08-25T14:41:48Z INFO  tinymist_project::compiler] /home/rtinfew/Downloads/test.typ: compilation failed with 1 warnings and errors in 658.336µs
[2026-08-25T14:41:48Z INFO  tinymist_preview] Preview("le66pg"): received notification: signal(false, true), when OnType
[2026-08-25T14:41:48Z INFO  tinymist_project::compiler] /home/rtinfew/Downloads/test.typ: compilation failed with 1 warnings and errors in 456.137µs
[2026-08-25T14:41:48Z INFO  tinymist_preview] Preview("le66pg"): received notification: signal(false, true), when OnType
[2026-08-25T14:41:48Z INFO  tinymist_project::compiler] /home/rtinfew/Downloads/test.typ: compilation failed with 1 warnings and errors in 480.404µs
[2026-08-25T14:41:48Z INFO  tinymist_preview] Preview("le66pg"): received notification: signal(false, true), when OnType
[2026-08-25T14:41:48Z INFO  tinymist_project::compiler] /home/rtinfew/Downloads/test.typ: compilation failed with 1 warnings and errors in 562.969µs
[2026-08-25T14:41:48Z INFO  tinymist_preview] Preview("le66pg"): received notification: signal(false, true), when OnType
[2026-08-25T14:41:48Z INFO  tinymist_project::compiler] /home/rtinfew/Downloads/test.typ: compilation failed with 1 warnings and errors in 953.024µs
[2026-08-25T14:41:48Z INFO  tinymist_preview] Preview("le66pg"): received notification: signal(false, true), when OnType
[2026-08-25T14:41:48Z INFO  tinymist_project::compiler] /home/rtinfew/Downloads/test.typ: compilation failed with 1 warnings and errors in 799.491µs
[2026-08-25T14:41:48Z INFO  tinymist_preview] Preview("le66pg"): received notification: signal(false, true), when OnType
[2026-08-25T14:41:48Z INFO  tinymist_project::compiler] /home/rtinfew/Downloads/test.typ: compilation failed with 1 warnings and errors in 215.992µs
[2026-08-25T14:41:48Z INFO  tinymist_preview] Preview("le66pg"): received notification: signal(false, true), when OnType
[2026-08-25T14:41:48Z INFO  tinymist_project::compiler] /home/rtinfew/Downloads/test.typ: compilation failed with 1 warnings and errors in 538.226µs
[2026-08-25T14:41:48Z INFO  tinymist_preview] Preview("le66pg"): received notification: signal(false, true), when OnType
[2026-08-25T14:41:48Z INFO  tinymist_project::compiler] /home/rtinfew/Downloads/test.typ: compilation failed with 1 warnings and errors in 195.193µs
[2026-08-25T14:41:48Z INFO  tinymist_preview] Preview("le66pg"): received notification: signal(false, true), when OnType
[2026-08-25T14:41:48Z INFO  tinymist_project::compiler] /home/rtinfew/Downloads/test.typ: compilation failed with 1 warnings and errors in 1.00893ms
[2026-08-25T14:41:48Z INFO  tinymist_preview] Preview("le66pg"): received notification: signal(false, true), when OnType
[2026-08-25T14:41:48Z INFO  tinymist_project::compiler] /home/rtinfew/Downloads/test.typ: compilation failed with 1 warnings and errors in 198.416µs
[2026-08-25T14:41:48Z INFO  tinymist_preview] Preview("le66pg"): received notification: signal(false, true), when OnType
[2026-08-25T14:41:48Z INFO  tinymist_project::compiler] /home/rtinfew/Downloads/test.typ: compilation failed with 1 warnings and errors in 229.931µs
[2026-08-25T14:41:48Z INFO  tinymist_preview] Preview("le66pg"): received notification: signal(false, true), when OnType
[2026-08-25T14:41:48Z INFO  tinymist_project::compiler] /home/rtinfew/Downloads/test.typ: compilation failed with 1 warnings and errors in 254.829µs
[2026-08-25T14:41:48Z INFO  tinymist_preview] Preview("le66pg"): received notification: signal(false, true), when OnType
[2026-08-25T14:41:48Z INFO  tinymist_project::compiler] /home/rtinfew/Downloads/test.typ: compilation failed with 1 warnings and errors in 349.326µs
[2026-08-25T14:41:48Z INFO  tinymist_preview] Preview("le66pg"): received notification: signal(false, true), when OnType
[2026-08-25T14:41:48Z INFO  tinymist_project::compiler] /home/rtinfew/Downloads/test.typ: compilation failed with 1 warnings and errors in 401.883µs
[2026-08-25T14:41:48Z INFO  tinymist_preview] Preview("le66pg"): received notification: signal(false, true), when OnType
[2026-08-25T14:41:48Z INFO  tinymist_project::compiler] /home/rtinfew/Downloads/test.typ: compilation failed with 1 warnings and errors in 400.009µs
[2026-08-25T14:41:48Z INFO  tinymist_preview] Preview("le66pg"): received notification: signal(false, true), when OnType
[2026-08-25T14:41:48Z INFO  tinymist_project::compiler] /home/rtinfew/Downloads/test.typ: compilation failed with 1 warnings and errors in 1.40824ms
[2026-08-25T14:41:48Z INFO  tinymist_preview] Preview("le66pg"): received notification: signal(false, true), when OnType
[2026-08-25T14:41:49Z INFO  tinymist_project::compiler] /home/rtinfew/Downloads/test.typ: compilation failed with 1 warnings and errors in 363.658µs
[2026-08-25T14:41:49Z INFO  tinymist_preview] Preview("le66pg"): received notification: signal(false, true), when OnType
[2026-08-25T14:41:49Z INFO  tinymist_project::compiler] /home/rtinfew/Downloads/test.typ: compilation failed with 1 warnings and errors in 423.651µs
[2026-08-25T14:41:49Z INFO  tinymist_preview] Preview("le66pg"): received notification: signal(false, true), when OnType
[2026-08-25T14:41:49Z INFO  tinymist_project::compiler] /home/rtinfew/Downloads/test.typ: compilation failed with 1 warnings and errors in 643.729µs
[2026-08-25T14:41:49Z INFO  tinymist_preview] Preview("le66pg"): received notification: signal(false, true), when OnType
[2026-08-25T14:41:49Z INFO  tinymist_project::compiler] /home/rtinfew/Downloads/test.typ: compilation failed with 1 warnings and errors in 481.704µs
[2026-08-25T14:41:49Z INFO  tinymist_preview] Preview("le66pg"): received notification: signal(false, true), when OnType
[2026-08-25T14:41:49Z INFO  tinymist_project::compiler] /home/rtinfew/Downloads/test.typ: compilation failed with 1 warnings and errors in 839.156µs
[2026-08-25T14:41:49Z INFO  tinymist_preview] Preview("le66pg"): received notification: signal(false, true), when OnType
[2026-08-25T14:41:49Z INFO  tinymist_project::compiler] /home/rtinfew/Downloads/test.typ: compilation failed with 1 warnings and errors in 559.133µs
[2026-08-25T14:41:49Z INFO  tinymist_preview] Preview("le66pg"): received notification: signal(false, true), when OnType
[2026-08-25T14:41:49Z INFO  tinymist_project::compiler] /home/rtinfew/Downloads/test.typ: compilation failed with 1 warnings and errors in 527.038µs
[2026-08-25T14:41:49Z INFO  tinymist_preview] Preview("le66pg"): received notification: signal(false, true), when OnType
[2026-08-25T14:41:49Z INFO  tinymist_project::compiler] /home/rtinfew/Downloads/test.typ: compilation failed with 1 warnings and errors in 1.374471ms
[2026-08-25T14:41:49Z INFO  tinymist_preview] Preview("le66pg"): received notification: signal(false, true), when OnType
[2026-08-25T14:41:49Z INFO  tinymist_project::compiler] /home/rtinfew/Downloads/test.typ: compilation failed with 1 warnings and errors in 415.335µs
[2026-08-25T14:41:49Z INFO  tinymist_preview] Preview("le66pg"): received notification: signal(false, true), when OnType
[2026-08-25T14:41:49Z INFO  tinymist_project::compiler] /home/rtinfew/Downloads/test.typ: compilation failed with 1 warnings and errors in 715.335µs
[2026-08-25T14:41:49Z INFO  tinymist_preview] Preview("le66pg"): received notification: signal(false, true), when OnType
[2026-08-25T14:41:49Z INFO  tinymist_project::compiler] /home/rtinfew/Downloads/test.typ: compilation failed with 1 warnings and errors in 550.924µs
[2026-08-25T14:41:49Z INFO  tinymist_preview] Preview("le66pg"): received notification: signal(false, true), when OnType
[2026-08-25T14:41:49Z INFO  tinymist_project::compiler] /home/rtinfew/Downloads/test.typ: compilation failed with 1 warnings and errors in 683.823µs
[2026-08-25T14:41:49Z INFO  tinymist_preview] Preview("le66pg"): received notification: signal(false, true), when OnType
[2026-08-25T14:41:49Z INFO  tinymist_project::compiler] /home/rtinfew/Downloads/test.typ: compilation failed with 1 warnings and errors in 650.47µs
[2026-08-25T14:41:49Z INFO  tinymist_preview] Preview("le66pg"): received notification: signal(false, true), when OnType
[2026-08-25T14:41:49Z INFO  tinymist_project::compiler] /home/rtinfew/Downloads/test.typ: compilation failed with 1 warnings and errors in 1.357456ms
[2026-08-25T14:41:49Z INFO  tinymist_preview] Preview("le66pg"): received notification: signal(false, true), when OnType
[2026-08-25T14:41:49Z INFO  tinymist_project::compiler] /home/rtinfew/Downloads/test.typ: compilation failed with 1 warnings and errors in 637.416µs
[2026-08-25T14:41:49Z INFO  tinymist_preview] Preview("le66pg"): received notification: signal(false, true), when OnType
[2026-08-25T14:41:49Z INFO  tinymist_project::compiler] /home/rtinfew/Downloads/test.typ: compilation failed with 1 warnings and errors in 559.047µs
[2026-08-25T14:41:49Z INFO  tinymist_preview] Preview("le66pg"): received notification: signal(false, true), when OnType
[2026-08-25T14:41:49Z INFO  tinymist_project::compiler] /home/rtinfew/Downloads/test.typ: compilation failed with 1 warnings and errors in 524.033µs
[2026-08-25T14:41:49Z INFO  tinymist_preview] Preview("le66pg"): received notification: signal(false, true), when OnType
[2026-08-25T14:41:49Z INFO  tinymist_project::compiler] /home/rtinfew/Downloads/test.typ: compilation failed with 1 warnings and errors in 498.246µs
[2026-08-25T14:41:49Z INFO  tinymist_preview] Preview("le66pg"): received notification: signal(false, true), when OnType
[2026-08-25T14:41:49Z INFO  tinymist_project::compiler] /home/rtinfew/Downloads/test.typ: compilation failed with 1 warnings and errors in 546.206µs
[2026-08-25T14:41:49Z INFO  tinymist_preview] Preview("le66pg"): received notification: signal(false, true), when OnType
[2026-08-25T14:41:50Z INFO  tinymist_project::compiler] /home/rtinfew/Downloads/test.typ: compilation failed with 1 warnings and errors in 485.162µs
[2026-08-25T14:41:50Z INFO  tinymist_preview] Preview("le66pg"): received notification: signal(false, true), when OnType
[2026-08-25T14:41:50Z INFO  tinymist_project::compiler] /home/rtinfew/Downloads/test.typ: compilation failed with 1 warnings and errors in 504.289µs
[2026-08-25T14:41:50Z INFO  tinymist_preview] Preview("le66pg"): received notification: signal(false, true), when OnType
[2026-08-25T14:41:50Z INFO  tinymist_project::compiler] /home/rtinfew/Downloads/test.typ: compilation failed with 1 warnings and errors in 674.971µs
[2026-08-25T14:41:50Z INFO  tinymist_preview] Preview("le66pg"): received notification: signal(false, true), when OnType
[2026-08-25T14:41:50Z INFO  tinymist_project::compiler] /home/rtinfew/Downloads/test.typ: compilation failed with 1 warnings and errors in 602.787µs
[2026-08-25T14:41:50Z INFO  tinymist_preview] Preview("le66pg"): received notification: signal(false, true), when OnType
[2026-08-25T14:41:50Z INFO  tinymist_project::compiler] /home/rtinfew/Downloads/test.typ: compilation failed with 1 warnings and errors in 625.493µs
[2026-08-25T14:41:50Z INFO  tinymist_preview] Preview("le66pg"): received notification: signal(false, true), when OnType
[2026-08-25T14:41:50Z INFO  tinymist_project::compiler] /home/rtinfew/Downloads/test.typ: compilation failed with 1 warnings and errors in 441.533µs
[2026-08-25T14:41:50Z INFO  tinymist_preview] Preview("le66pg"): received notification: signal(false, true), when OnType
[2026-08-25T14:41:50Z INFO  tinymist_project::compiler] /home/rtinfew/Downloads/test.typ: compilation failed with 1 warnings and errors in 708.909µs
[2026-08-25T14:41:50Z INFO  tinymist_preview] Preview("le66pg"): received notification: signal(false, true), when OnType
[2026-08-25T14:41:50Z INFO  tinymist_project::compiler] /home/rtinfew/Downloads/test.typ: compilation failed with 1 warnings and errors in 534.625µs
[2026-08-25T14:41:50Z INFO  tinymist_preview] Preview("le66pg"): received notification: signal(false, true), when OnType
[2026-08-25T14:41:50Z INFO  tinymist_project::compiler] /home/rtinfew/Downloads/test.typ: compilation failed with 1 warnings and errors in 625.662µs
[2026-08-25T14:41:50Z INFO  tinymist_preview] Preview("le66pg"): received notification: signal(false, true), when OnType
[2026-08-25T14:41:50Z INFO  tinymist_project::compiler] /home/rtinfew/Downloads/test.typ: compilation failed with 1 warnings and errors in 547.221µs
[2026-08-25T14:41:50Z INFO  tinymist_preview] Preview("le66pg"): received notification: signal(false, true), when OnType
[2026-08-25T14:41:50Z INFO  tinymist_project::compiler] /home/rtinfew/Downloads/test.typ: compilation failed with 1 warnings and errors in 557.568µs
[2026-08-25T14:41:50Z INFO  tinymist_preview] Preview("le66pg"): received notification: signal(false, true), when OnType
[2026-08-25T14:41:50Z INFO  tinymist_project::compiler] /home/rtinfew/Downloads/test.typ: compilation failed with 1 warnings and errors in 608.873µs
[2026-08-25T14:41:50Z INFO  tinymist_preview] Preview("le66pg"): received notification: signal(false, true), when OnType
[2026-08-25T14:41:50Z INFO  tinymist_project::compiler] /home/rtinfew/Downloads/test.typ: compilation failed with 1 warnings and errors in 481.115µs
[2026-08-25T14:41:50Z INFO  tinymist_preview] Preview("le66pg"): received notification: signal(false, true), when OnType
[2026-08-25T14:41:50Z INFO  tinymist_project::compiler] /home/rtinfew/Downloads/test.typ: compilation failed with 1 warnings and errors in 599.395µs
[2026-08-25T14:41:50Z INFO  tinymist_preview] Preview("le66pg"): received notification: signal(false, true), when OnType
[2026-08-25T14:41:50Z INFO  tinymist_project::compiler] /home/rtinfew/Downloads/test.typ: compilation failed with 1 warnings and errors in 488.599µs
[2026-08-25T14:41:50Z INFO  tinymist_preview] Preview("le66pg"): received notification: signal(false, true), when OnType
[2026-08-25T14:41:50Z INFO  tinymist_project::compiler] /home/rtinfew/Downloads/test.typ: compilation failed with 1 warnings and errors in 379.379µs
[2026-08-25T14:41:50Z INFO  tinymist_preview] Preview("le66pg"): received notification: signal(false, true), when OnType
[2026-08-25T14:41:50Z INFO  tinymist_project::compiler] /home/rtinfew/Downloads/test.typ: compilation failed with 1 warnings and errors in 345.243µs
[2026-08-25T14:41:50Z INFO  tinymist_preview] Preview("le66pg"): received notification: signal(false, true), when OnType
[2026-08-25T14:41:50Z INFO  tinymist_project::compiler] /home/rtinfew/Downloads/test.typ: compilation failed with 1 warnings and errors in 496.384µs
[2026-08-25T14:41:50Z INFO  tinymist_preview] Preview("le66pg"): received notification: signal(false, true), when OnType
[2026-08-25T14:41:50Z INFO  tinymist_project::compiler] /home/rtinfew/Downloads/test.typ: compilation failed with 1 warnings and errors in 592.673µs
[2026-08-25T14:41:50Z INFO  tinymist_preview] Preview("le66pg"): received notification: signal(false, true), when OnType
[2026-08-25T14:41:51Z INFO  tinymist_project::compiler] /home/rtinfew/Downloads/test.typ: compilation failed with 1 warnings and errors in 1.179806ms
[2026-08-25T14:41:51Z INFO  tinymist_preview] Preview("le66pg"): received notification: signal(false, true), when OnType
[2026-08-25T14:41:51Z INFO  tinymist_project::compiler] /home/rtinfew/Downloads/test.typ: compilation failed with 1 warnings and errors in 634.934µs
[2026-08-25T14:41:51Z INFO  tinymist_preview] Preview("le66pg"): received notification: signal(false, true), when OnType
[2026-08-25T14:41:51Z INFO  tinymist_project::compiler] /home/rtinfew/Downloads/test.typ: compilation failed with 1 warnings and errors in 642.748µs
[2026-08-25T14:41:51Z INFO  tinymist_preview] Preview("le66pg"): received notification: signal(false, true), when OnType
[2026-08-25T14:41:51Z INFO  tinymist_project::compiler] /home/rtinfew/Downloads/test.typ: compilation failed with 1 warnings and errors in 408.63µs
[2026-08-25T14:41:51Z INFO  tinymist_preview] Preview("le66pg"): received notification: signal(false, true), when OnType
[2026-08-25T14:41:51Z INFO  tinymist_project::compiler] /home/rtinfew/Downloads/test.typ: compilation failed with 1 warnings and errors in 520.778µs
[2026-08-25T14:41:51Z INFO  tinymist_preview] Preview("le66pg"): received notification: signal(false, true), when OnType
[2026-08-25T14:41:51Z INFO  tinymist_project::compiler] /home/rtinfew/Downloads/test.typ: compilation failed with 1 warnings and errors in 516.341µs
[2026-08-25T14:41:51Z INFO  tinymist_preview] Preview("le66pg"): received notification: signal(false, true), when OnType
[2026-08-25T14:41:51Z INFO  tinymist_project::compiler] /home/rtinfew/Downloads/test.typ: compilation failed with 1 warnings and errors in 642.978µs
[2026-08-25T14:41:51Z INFO  tinymist_preview] Preview("le66pg"): received notification: signal(false, true), when OnType
[2026-08-25T14:41:51Z INFO  tinymist_project::compiler] /home/rtinfew/Downloads/test.typ: compilation failed with 1 warnings and errors in 875.944µs
[2026-08-25T14:41:51Z INFO  tinymist_preview] Preview("le66pg"): received notification: signal(false, true), when OnType
[2026-08-25T14:41:51Z INFO  tinymist_project::compiler] /home/rtinfew/Downloads/test.typ: compilation failed with 1 warnings and errors in 1.165266ms
[2026-08-25T14:41:51Z INFO  tinymist_preview] Preview("le66pg"): received notification: signal(false, true), when OnType
[2026-08-25T14:41:51Z INFO  tinymist_project::compiler] /home/rtinfew/Downloads/test.typ: compilation failed with 1 warnings and errors in 678.917µs
[2026-08-25T14:41:51Z INFO  tinymist_preview] Preview("le66pg"): received notification: signal(false, true), when OnType
[2026-08-25T14:41:51Z INFO  tinymist_project::compiler] /home/rtinfew/Downloads/test.typ: compilation failed with 1 warnings and errors in 566.083µs
[2026-08-25T14:41:51Z INFO  tinymist_preview] Preview("le66pg"): received notification: signal(false, true), when OnType
[2026-08-25T14:41:51Z INFO  tinymist_project::compiler] /home/rtinfew/Downloads/test.typ: compilation failed with 1 warnings and errors in 553.353µs
[2026-08-25T14:41:51Z INFO  tinymist_preview] Preview("le66pg"): received notification: signal(false, true), when OnType
[2026-08-25T14:41:51Z INFO  tinymist_project::compiler] /home/rtinfew/Downloads/test.typ: compilation failed with 1 warnings and errors in 679.952µs
[2026-08-25T14:41:51Z INFO  tinymist_preview] Preview("le66pg"): received notification: signal(false, true), when OnType
[2026-08-25T14:41:51Z INFO  tinymist_project::compiler] /home/rtinfew/Downloads/test.typ: compilation failed with 1 warnings and errors in 544.545µs
[2026-08-25T14:41:51Z INFO  tinymist_preview] Preview("le66pg"): received notification: signal(false, true), when OnType
[2026-08-25T14:41:51Z INFO  tinymist_project::compiler] /home/rtinfew/Downloads/test.typ: compilation failed with 1 warnings and errors in 407.417µs
[2026-08-25T14:41:51Z INFO  tinymist_preview] Preview("le66pg"): received notification: signal(false, true), when OnType
[2026-08-25T14:41:51Z INFO  tinymist_project::compiler] /home/rtinfew/Downloads/test.typ: compilation failed with 1 warnings and errors in 491.863µs
[2026-08-25T14:41:51Z INFO  tinymist_preview] Preview("le66pg"): received notification: signal(false, true), when OnType
[2026-08-25T14:41:51Z INFO  tinymist_project::compiler] /home/rtinfew/Downloads/test.typ: compilation failed with 1 warnings and errors in 579.86µs
[2026-08-25T14:41:51Z INFO  tinymist_preview] Preview("le66pg"): received notification: signal(false, true), when OnType
[2026-08-25T14:41:51Z INFO  tinymist_project::compiler] /home/rtinfew/Downloads/test.typ: compilation failed with 1 warnings and errors in 544.194µs
[2026-08-25T14:41:51Z INFO  tinymist_preview] Preview("le66pg"): received notification: signal(false, true), when OnType
[2026-08-25T14:41:51Z INFO  tinymist_project::compiler] /home/rtinfew/Downloads/test.typ: compilation failed with 1 warnings and errors in 664.198µs
[2026-08-25T14:41:51Z INFO  tinymist_preview] Preview("le66pg"): received notification: signal(false, true), when OnType
[2026-08-25T14:41:52Z INFO  tinymist_project::compiler] /home/rtinfew/Downloads/test.typ: compilation failed with 1 warnings and errors in 510.556µs
[2026-08-25T14:41:52Z INFO  tinymist_preview] Preview("le66pg"): received notification: signal(false, true), when OnType
[2026-08-25T14:41:52Z INFO  tinymist_project::compiler] /home/rtinfew/Downloads/test.typ: compilation failed with 1 warnings and errors in 587.435µs
[2026-08-25T14:41:52Z INFO  tinymist_preview] Preview("le66pg"): received notification: signal(false, true), when OnType
[2026-08-25T14:41:52Z INFO  tinymist_project::compiler] /home/rtinfew/Downloads/test.typ: compilation failed with 1 warnings and errors in 1.163595ms
[2026-08-25T14:41:52Z INFO  tinymist_preview] Preview("le66pg"): received notification: signal(false, true), when OnType
[2026-08-25T14:41:52Z INFO  tinymist_project::compiler] /home/rtinfew/Downloads/test.typ: compilation failed with 1 warnings and errors in 704.511µs
[2026-08-25T14:41:52Z INFO  tinymist_preview] Preview("le66pg"): received notification: signal(false, true), when OnType
[2026-08-25T14:41:52Z INFO  tinymist_project::compiler] /home/rtinfew/Downloads/test.typ: compilation failed with 1 warnings and errors in 400.983µs
[2026-08-25T14:41:52Z INFO  tinymist_preview] Preview("le66pg"): received notification: signal(false, true), when OnType
[2026-08-25T14:41:52Z INFO  tinymist_project::compiler] /home/rtinfew/Downloads/test.typ: compilation failed with 1 warnings and errors in 623.817µs
[2026-08-25T14:41:52Z INFO  tinymist_preview] Preview("le66pg"): received notification: signal(false, true), when OnType
[2026-08-25T14:41:52Z INFO  tinymist_project::compiler] /home/rtinfew/Downloads/test.typ: compilation failed with 1 warnings and errors in 534.55µs
[2026-08-25T14:41:52Z INFO  tinymist_preview] Preview("le66pg"): received notification: signal(false, true), when OnType
[2026-08-25T14:41:52Z INFO  tinymist_project::compiler] /home/rtinfew/Downloads/test.typ: compilation failed with 1 warnings and errors in 548.446µs
[2026-08-25T14:41:52Z INFO  tinymist_preview] Preview("le66pg"): received notification: signal(false, true), when OnType
[2026-08-25T14:41:52Z INFO  tinymist_project::compiler] /home/rtinfew/Downloads/test.typ: compilation failed with 1 warnings and errors in 513.203µs
[2026-08-25T14:41:52Z INFO  tinymist_preview] Preview("le66pg"): received notification: signal(false, true), when OnType
[2026-08-25T14:41:52Z INFO  tinymist_project::compiler] /home/rtinfew/Downloads/test.typ: compilation failed with 1 warnings and errors in 513.385µs
[2026-08-25T14:41:52Z INFO  tinymist_preview] Preview("le66pg"): received notification: signal(false, true), when OnType
[2026-08-25T14:41:52Z INFO  tinymist_project::compiler] /home/rtinfew/Downloads/test.typ: compilation failed with 1 warnings and errors in 2.04001ms
[2026-08-25T14:41:52Z INFO  tinymist_preview] Preview("le66pg"): received notification: signal(false, true), when OnType
[2026-08-25T14:41:52Z INFO  tinymist_project::compiler] /home/rtinfew/Downloads/test.typ: compilation failed with 1 warnings and errors in 359.081µs
[2026-08-25T14:41:52Z INFO  tinymist_preview] Preview("le66pg"): received notification: signal(false, true), when OnType
[2026-08-25T14:41:52Z INFO  tinymist_project::compiler] /home/rtinfew/Downloads/test.typ: compilation failed with 1 warnings and errors in 334.91µs
[2026-08-25T14:41:52Z INFO  tinymist_preview] Preview("le66pg"): received notification: signal(false, true), when OnType
[2026-08-25T14:41:52Z INFO  tinymist_project::compiler] /home/rtinfew/Downloads/test.typ: compilation failed with 1 warnings and errors in 447.217µs
[2026-08-25T14:41:52Z INFO  tinymist_preview] Preview("le66pg"): received notification: signal(false, true), when OnType
[2026-08-25T14:41:52Z INFO  tinymist_project::compiler] /home/rtinfew/Downloads/test.typ: compilation failed with 1 warnings and errors in 424.913µs
[2026-08-25T14:41:52Z INFO  tinymist_preview] Preview("le66pg"): received notification: signal(false, true), when OnType
[2026-08-25T14:41:52Z INFO  tinymist_project::compiler] /home/rtinfew/Downloads/test.typ: compilation failed with 1 warnings and errors in 753.075µs
[2026-08-25T14:41:52Z INFO  tinymist_preview] Preview("le66pg"): received notification: signal(false, true), when OnType
[2026-08-25T14:41:52Z INFO  tinymist_project::compiler] /home/rtinfew/Downloads/test.typ: compilation failed with 1 warnings and errors in 614.938µs
[2026-08-25T14:41:52Z INFO  tinymist_preview] Preview("le66pg"): received notification: signal(false, true), when OnType
[2026-08-25T14:41:52Z INFO  tinymist_project::compiler] /home/rtinfew/Downloads/test.typ: compilation failed with 1 warnings and errors in 485.227µs
[2026-08-25T14:41:52Z INFO  tinymist_preview] Preview("le66pg"): received notification: signal(false, true), when OnType
[2026-08-25T14:41:52Z INFO  tinymist_project::compiler] /home/rtinfew/Downloads/test.typ: compilation failed with 1 warnings and errors in 523.066µs
[2026-08-25T14:41:52Z INFO  tinymist_preview] Preview("le66pg"): received notification: signal(false, true), when OnType
[2026-08-25T14:41:53Z INFO  tinymist_project::compiler] /home/rtinfew/Downloads/test.typ: compilation failed with 1 warnings and errors in 480.323µs
[2026-08-25T14:41:53Z INFO  tinymist_preview] Preview("le66pg"): received notification: signal(false, true), when OnType
[2026-08-25T14:41:53Z INFO  tinymist_project::compiler] /home/rtinfew/Downloads/test.typ: compilation failed with 1 warnings and errors in 820.93µs
[2026-08-25T14:41:53Z INFO  tinymist_preview] Preview("le66pg"): received notification: signal(false, true), when OnType
[2026-08-25T14:41:53Z INFO  tinymist_project::compiler] /home/rtinfew/Downloads/test.typ: compilation failed with 1 warnings and errors in 681.177µs
[2026-08-25T14:41:53Z INFO  tinymist_preview] Preview("le66pg"): received notification: signal(false, true), when OnType
[2026-08-25T14:41:53Z INFO  tinymist_project::compiler] /home/rtinfew/Downloads/test.typ: compilation failed with 1 warnings and errors in 327.831µs
[2026-08-25T14:41:53Z INFO  tinymist_preview] Preview("le66pg"): received notification: signal(false, true), when OnType
[2026-08-25T14:41:53Z INFO  tinymist_project::compiler] /home/rtinfew/Downloads/test.typ: compilation failed with 1 warnings and errors in 229.273µs
[2026-08-25T14:41:53Z INFO  tinymist_preview] Preview("le66pg"): received notification: signal(false, true), when OnType
[2026-08-25T14:41:53Z INFO  tinymist_project::compiler] /home/rtinfew/Downloads/test.typ: compilation failed with 1 warnings and errors in 391.957µs
[2026-08-25T14:41:53Z INFO  tinymist_preview] Preview("le66pg"): received notification: signal(false, true), when OnType
[2026-08-25T14:41:53Z INFO  tinymist_project::compiler] /home/rtinfew/Downloads/test.typ: compilation failed with 1 warnings and errors in 236.647µs
[2026-08-25T14:41:53Z INFO  tinymist_preview] Preview("le66pg"): received notification: signal(false, true), when OnType
[2026-08-25T14:41:53Z INFO  tinymist_project::compiler] /home/rtinfew/Downloads/test.typ: compilation failed with 1 warnings and errors in 246.996µs
[2026-08-25T14:41:53Z INFO  tinymist_preview] Preview("le66pg"): received notification: signal(false, true), when OnType
[2026-08-25T14:41:53Z INFO  tinymist_project::compiler] /home/rtinfew/Downloads/test.typ: compilation failed with 1 warnings and errors in 239.171µs
[2026-08-25T14:41:53Z INFO  tinymist_preview] Preview("le66pg"): received notification: signal(false, true), when OnType
[2026-08-25T14:41:53Z INFO  tinymist_project::compiler] /home/rtinfew/Downloads/test.typ: compilation failed with 1 warnings and errors in 905.905µs
[2026-08-25T14:41:53Z INFO  tinymist_preview] Preview("le66pg"): received notification: signal(false, true), when OnType
[2026-08-25T14:41:53Z INFO  tinymist_project::compiler] /home/rtinfew/Downloads/test.typ: compilation failed with 1 warnings and errors in 521.537µs
[2026-08-25T14:41:53Z INFO  tinymist_preview] Preview("le66pg"): received notification: signal(false, true), when OnType
[2026-08-25T14:41:53Z INFO  tinymist_project::compiler] /home/rtinfew/Downloads/test.typ: compilation failed with 1 warnings and errors in 403.257µs
[2026-08-25T14:41:53Z INFO  tinymist_preview] Preview("le66pg"): received notification: signal(false, true), when OnType
[2026-08-25T14:41:53Z INFO  tinymist_project::compiler] /home/rtinfew/Downloads/test.typ: compilation failed with 1 warnings and errors in 254.752µs
[2026-08-25T14:41:53Z INFO  tinymist_preview] Preview("le66pg"): received notification: signal(false, true), when OnType
[2026-08-25T14:41:53Z INFO  tinymist_project::compiler] /home/rtinfew/Downloads/test.typ: compilation failed with 1 warnings and errors in 266.432µs
[2026-08-25T14:41:53Z INFO  tinymist_preview] Preview("le66pg"): received notification: signal(false, true), when OnType
[2026-08-25T14:41:53Z INFO  tinymist_project::compiler] /home/rtinfew/Downloads/test.typ: compilation failed with 1 warnings and errors in 292.913µs
[2026-08-25T14:41:53Z INFO  tinymist_preview] Preview("le66pg"): received notification: signal(false, true), when OnType
[2026-08-25T14:41:53Z INFO  tinymist_project::compiler] /home/rtinfew/Downloads/test.typ: compilation failed with 1 warnings and errors in 411.969µs
[2026-08-25T14:41:53Z INFO  tinymist_preview] Preview("le66pg"): received notification: signal(false, true), when OnType
[2026-08-25T14:41:53Z INFO  tinymist_project::compiler] /home/rtinfew/Downloads/test.typ: compilation failed with 1 warnings and errors in 254.621µs
[2026-08-25T14:41:53Z INFO  tinymist_preview] Preview("le66pg"): received notification: signal(false, true), when OnType
[2026-08-25T14:41:53Z INFO  tinymist_project::compiler] /home/rtinfew/Downloads/test.typ: compilation failed with 1 warnings and errors in 802.964µs
[2026-08-25T14:41:53Z INFO  tinymist_preview] Preview("le66pg"): received notification: signal(false, true), when OnType
[2026-08-25T14:41:53Z INFO  tinymist_project::compiler] /home/rtinfew/Downloads/test.typ: compilation failed with 1 warnings and errors in 283.649µs
[2026-08-25T14:41:53Z INFO  tinymist_preview] Preview("le66pg"): received notification: signal(false, true), when OnType
[2026-08-25T14:41:54Z INFO  tinymist_project::compiler] /home/rtinfew/Downloads/test.typ: compilation failed with 1 warnings and errors in 213.743µs
[2026-08-25T14:41:54Z INFO  tinymist_preview] Preview("le66pg"): received notification: signal(false, true), when OnType
[2026-08-25T14:41:54Z INFO  tinymist_project::compiler] /home/rtinfew/Downloads/test.typ: compilation failed with 1 warnings and errors in 209.096µs
[2026-08-25T14:41:54Z INFO  tinymist_preview] Preview("le66pg"): received notification: signal(false, true), when OnType
[2026-08-25T14:41:54Z INFO  tinymist_project::compiler] /home/rtinfew/Downloads/test.typ: compilation failed with 1 warnings and errors in 197.761µs
[2026-08-25T14:41:54Z INFO  tinymist_preview] Preview("le66pg"): received notification: signal(false, true), when OnType
[2026-08-25T14:41:54Z INFO  tinymist_project::compiler] /home/rtinfew/Downloads/test.typ: compilation failed with 1 warnings and errors in 182.929µs
[2026-08-25T14:41:54Z INFO  tinymist_preview] Preview("le66pg"): received notification: signal(false, true), when OnType
[2026-08-25T14:41:54Z INFO  tinymist_project::compiler] /home/rtinfew/Downloads/test.typ: compilation failed with 1 warnings and errors in 386.918µs
[2026-08-25T14:41:54Z INFO  tinymist_preview] Preview("le66pg"): received notification: signal(false, true), when OnType
[2026-08-25T14:41:54Z INFO  tinymist_project::compiler] /home/rtinfew/Downloads/test.typ: compilation failed with 1 warnings and errors in 186.171µs
[2026-08-25T14:41:54Z INFO  tinymist_preview] Preview("le66pg"): received notification: signal(false, true), when OnType
[2026-08-25T14:41:54Z INFO  tinymist_project::compiler] /home/rtinfew/Downloads/test.typ: compilation failed with 1 warnings and errors in 200.818µs
[2026-08-25T14:41:54Z INFO  tinymist_preview] Preview("le66pg"): received notification: signal(false, true), when OnType
[2026-08-25T14:41:54Z INFO  tinymist_project::compiler] /home/rtinfew/Downloads/test.typ: compilation failed with 1 warnings and errors in 239.342µs
[2026-08-25T14:41:54Z INFO  tinymist_preview] Preview("le66pg"): received notification: signal(false, true), when OnType
[2026-08-25T14:41:54Z INFO  tinymist_project::compiler] /home/rtinfew/Downloads/test.typ: compilation failed with 1 warnings and errors in 233.779µs
[2026-08-25T14:41:54Z INFO  tinymist_preview] Preview("le66pg"): received notification: signal(false, true), when OnType
[2026-08-25T14:41:54Z INFO  tinymist_project::compiler] /home/rtinfew/Downloads/test.typ: compilation failed with 1 warnings and errors in 190.291µs
[2026-08-25T14:41:54Z INFO  tinymist_preview] Preview("le66pg"): received notification: signal(false, true), when OnType
[2026-08-25T14:41:54Z INFO  tinymist_project::compiler] /home/rtinfew/Downloads/test.typ: compilation failed with 1 warnings and errors in 198.632µs
[2026-08-25T14:41:54Z INFO  tinymist_preview] Preview("le66pg"): received notification: signal(false, true), when OnType
[2026-08-25T14:41:54Z INFO  tinymist_project::compiler] /home/rtinfew/Downloads/test.typ: compilation failed with 1 warnings and errors in 216.81µs
[2026-08-25T14:41:54Z INFO  tinymist_preview] Preview("le66pg"): received notification: signal(false, true), when OnType
[2026-08-25T14:41:54Z INFO  tinymist_project::compiler] /home/rtinfew/Downloads/test.typ: compilation failed with 1 warnings and errors in 222.01µs
[2026-08-25T14:41:54Z INFO  tinymist_preview] Preview("le66pg"): received notification: signal(false, true), when OnType
[2026-08-25T14:41:54Z INFO  tinymist_project::compiler] /home/rtinfew/Downloads/test.typ: compilation failed with 1 warnings and errors in 1.706881ms
[2026-08-25T14:41:54Z INFO  tinymist_preview] Preview("le66pg"): received notification: signal(false, true), when OnType
[2026-08-25T14:41:54Z INFO  tinymist_project::compiler] /home/rtinfew/Downloads/test.typ: compilation failed with 1 warnings and errors in 241.265µs
[2026-08-25T14:41:54Z INFO  tinymist_preview] Preview("le66pg"): received notification: signal(false, true), when OnType
[2026-08-25T14:41:54Z INFO  tinymist_project::compiler] /home/rtinfew/Downloads/test.typ: compilation failed with 1 warnings and errors in 210.926µs
[2026-08-25T14:41:54Z INFO  tinymist_preview] Preview("le66pg"): received notification: signal(false, true), when OnType
[2026-08-25T14:41:54Z INFO  tinymist_project::compiler] /home/rtinfew/Downloads/test.typ: compilation failed with 1 warnings and errors in 204.624µs
[2026-08-25T14:41:54Z INFO  tinymist_preview] Preview("le66pg"): received notification: signal(false, true), when OnType
[2026-08-25T14:41:54Z INFO  tinymist_project::compiler] /home/rtinfew/Downloads/test.typ: compilation failed with 1 warnings and errors in 193.239µs
[2026-08-25T14:41:54Z INFO  tinymist_preview] Preview("le66pg"): received notification: signal(false, true), when OnType
[2026-08-25T14:41:54Z INFO  tinymist_project::compiler] /home/rtinfew/Downloads/test.typ: compilation failed with 1 warnings and errors in 328.066µs
[2026-08-25T14:41:54Z INFO  tinymist_preview] Preview("le66pg"): received notification: signal(false, true), when OnType
[2026-08-25T14:41:55Z INFO  tinymist_project::compiler] /home/rtinfew/Downloads/test.typ: compilation failed with 1 warnings and errors in 232.88µs
[2026-08-25T14:41:55Z INFO  tinymist_preview] Preview("le66pg"): received notification: signal(false, true), when OnType
[2026-08-25T14:41:55Z INFO  tinymist_project::compiler] /home/rtinfew/Downloads/test.typ: compilation failed with 1 warnings and errors in 616.289µs
[2026-08-25T14:41:55Z INFO  tinymist_preview] Preview("le66pg"): received notification: signal(false, true), when OnType
[2026-08-25T14:41:55Z INFO  tinymist_project::compiler] /home/rtinfew/Downloads/test.typ: compilation failed with 1 warnings and errors in 549.451µs
[2026-08-25T14:41:55Z INFO  tinymist_preview] Preview("le66pg"): received notification: signal(false, true), when OnType
[2026-08-25T14:41:55Z INFO  tinymist_project::compiler] /home/rtinfew/Downloads/test.typ: compilation failed with 1 warnings and errors in 181.128µs
[2026-08-25T14:41:55Z INFO  tinymist_preview] Preview("le66pg"): received notification: signal(false, true), when OnType
[2026-08-25T14:41:55Z INFO  tinymist_project::compiler] /home/rtinfew/Downloads/test.typ: compilation failed with 1 warnings and errors in 380.887µs
[2026-08-25T14:41:55Z INFO  tinymist_preview] Preview("le66pg"): received notification: signal(false, true), when OnType
[2026-08-25T14:41:55Z INFO  tinymist_project::compiler] /home/rtinfew/Downloads/test.typ: compilation failed with 1 warnings and errors in 880.999µs
[2026-08-25T14:41:55Z INFO  tinymist_preview] Preview("le66pg"): received notification: signal(false, true), when OnType
[2026-08-25T14:41:55Z INFO  tinymist_project::compiler] /home/rtinfew/Downloads/test.typ: compilation failed with 1 warnings and errors in 788.578µs
[2026-08-25T14:41:55Z INFO  tinymist_preview] Preview("le66pg"): received notification: signal(false, true), when OnType
[2026-08-25T14:41:55Z INFO  tinymist_project::compiler] /home/rtinfew/Downloads/test.typ: compilation failed with 1 warnings and errors in 448.818µs
[2026-08-25T14:41:55Z INFO  tinymist_preview] Preview("le66pg"): received notification: signal(false, true), when OnType
[2026-08-25T14:41:55Z INFO  tinymist_project::compiler] /home/rtinfew/Downloads/test.typ: compilation failed with 1 warnings and errors in 236.178µs
[2026-08-25T14:41:55Z INFO  tinymist_preview] Preview("le66pg"): received notification: signal(false, true), when OnType
[2026-08-25T14:41:55Z INFO  tinymist_project::compiler] /home/rtinfew/Downloads/test.typ: compilation failed with 1 warnings and errors in 179.113µs
[2026-08-25T14:41:55Z INFO  tinymist_preview] Preview("le66pg"): received notification: signal(false, true), when OnType
[2026-08-25T14:41:55Z INFO  tinymist_project::compiler] /home/rtinfew/Downloads/test.typ: compilation failed with 1 warnings and errors in 249.122µs
[2026-08-25T14:41:55Z INFO  tinymist_preview] Preview("le66pg"): received notification: signal(false, true), when OnType
[2026-08-25T14:41:55Z INFO  tinymist_project::compiler] /home/rtinfew/Downloads/test.typ: compilation failed with 1 warnings and errors in 215.165µs
[2026-08-25T14:41:55Z INFO  tinymist_preview] Preview("le66pg"): received notification: signal(false, true), when OnType
[2026-08-25T14:41:55Z INFO  tinymist_project::compiler] /home/rtinfew/Downloads/test.typ: compilation failed with 1 warnings and errors in 225.004µs
[2026-08-25T14:41:55Z INFO  tinymist_preview] Preview("le66pg"): received notification: signal(false, true), when OnType
[2026-08-25T14:41:55Z INFO  tinymist_project::compiler] /home/rtinfew/Downloads/test.typ: compilation failed with 1 warnings and errors in 282.825µs
[2026-08-25T14:41:55Z INFO  tinymist_preview] Preview("le66pg"): received notification: signal(false, true), when OnType
[2026-08-25T14:41:55Z INFO  tinymist_project::compiler] /home/rtinfew/Downloads/test.typ: compilation failed with 1 warnings and errors in 523.391µs
[2026-08-25T14:41:55Z INFO  tinymist_preview] Preview("le66pg"): received notification: signal(false, true), when OnType
[2026-08-25T14:41:55Z INFO  tinymist_project::compiler] /home/rtinfew/Downloads/test.typ: compilation failed with 1 warnings and errors in 427.423µs
[2026-08-25T14:41:55Z INFO  tinymist_preview] Preview("le66pg"): received notification: signal(false, true), when OnType
[2026-08-25T14:41:55Z INFO  tinymist_project::compiler] /home/rtinfew/Downloads/test.typ: compilation failed with 1 warnings and errors in 431.941µs
[2026-08-25T14:41:55Z INFO  tinymist_preview] Preview("le66pg"): received notification: signal(false, true), when OnType
[2026-08-25T14:41:55Z INFO  tinymist_project::compiler] /home/rtinfew/Downloads/test.typ: compilation failed with 1 warnings and errors in 491.773µs
[2026-08-25T14:41:55Z INFO  tinymist_preview] Preview("le66pg"): received notification: signal(false, true), when OnType
[2026-08-25T14:41:55Z INFO  tinymist_project::compiler] /home/rtinfew/Downloads/test.typ: compilation failed with 1 warnings and errors in 308.107µs
[2026-08-25T14:41:55Z INFO  tinymist_preview] Preview("le66pg"): received notification: signal(false, true), when OnType
[2026-08-25T14:41:56Z INFO  tinymist_project::compiler] /home/rtinfew/Downloads/test.typ: compilation failed with 1 warnings and errors in 302.273µs
[2026-08-25T14:41:56Z INFO  tinymist_preview] Preview("le66pg"): received notification: signal(false, true), when OnType
[2026-08-25T14:41:56Z INFO  tinymist_project::compiler] /home/rtinfew/Downloads/test.typ: compilation failed with 1 warnings and errors in 286.114µs
[2026-08-25T14:41:56Z INFO  tinymist_preview] Preview("le66pg"): received notification: signal(false, true), when OnType
[2026-08-25T14:41:56Z INFO  tinymist_project::compiler] /home/rtinfew/Downloads/test.typ: compilation failed with 1 warnings and errors in 243.194µs
[2026-08-25T14:41:56Z INFO  tinymist_preview] Preview("le66pg"): received notification: signal(false, true), when OnType
[2026-08-25T14:41:56Z INFO  tinymist_project::compiler] /home/rtinfew/Downloads/test.typ: compilation failed with 1 warnings and errors in 268.209µs
[2026-08-25T14:41:56Z INFO  tinymist_preview] Preview("le66pg"): received notification: signal(false, true), when OnType
[2026-08-25T14:41:56Z INFO  tinymist_project::compiler] /home/rtinfew/Downloads/test.typ: compilation failed with 1 warnings and errors in 257.402µs
[2026-08-25T14:41:56Z INFO  tinymist_preview] Preview("le66pg"): received notification: signal(false, true), when OnType
[2026-08-25T14:41:56Z INFO  tinymist_project::compiler] /home/rtinfew/Downloads/test.typ: compilation failed with 1 warnings and errors in 222.426µs
[2026-08-25T14:41:56Z INFO  tinymist_preview] Preview("le66pg"): received notification: signal(false, true), when OnType
[2026-08-25T14:41:56Z INFO  tinymist_project::compiler] /home/rtinfew/Downloads/test.typ: compilation failed with 1 warnings and errors in 252.924µs
[2026-08-25T14:41:56Z INFO  tinymist_preview] Preview("le66pg"): received notification: signal(false, true), when OnType
[2026-08-25T14:41:56Z INFO  tinymist_project::compiler] /home/rtinfew/Downloads/test.typ: compilation failed with 1 warnings and errors in 178.918µs
[2026-08-25T14:41:56Z INFO  tinymist_preview] Preview("le66pg"): received notification: signal(false, true), when OnType
[2026-08-25T14:41:56Z INFO  tinymist_project::compiler] /home/rtinfew/Downloads/test.typ: compilation failed with 1 warnings and errors in 244.226µs
[2026-08-25T14:41:56Z INFO  tinymist_preview] Preview("le66pg"): received notification: signal(false, true), when OnType
[2026-08-25T14:41:56Z INFO  tinymist_project::compiler] /home/rtinfew/Downloads/test.typ: compilation failed with 1 warnings and errors in 399.527µs
[2026-08-25T14:41:56Z INFO  tinymist_preview] Preview("le66pg"): received notification: signal(false, true), when OnType
[2026-08-25T14:41:56Z INFO  tinymist_project::compiler] /home/rtinfew/Downloads/test.typ: compilation failed with 1 warnings and errors in 257.632µs
[2026-08-25T14:41:56Z INFO  tinymist_preview] Preview("le66pg"): received notification: signal(false, true), when OnType
[2026-08-25T14:41:56Z INFO  tinymist_project::compiler] /home/rtinfew/Downloads/test.typ: compilation failed with 1 warnings and errors in 973.172µs
[2026-08-25T14:41:56Z INFO  tinymist_preview] Preview("le66pg"): received notification: signal(false, true), when OnType
[2026-08-25T14:41:56Z INFO  tinymist_project::compiler] /home/rtinfew/Downloads/test.typ: compilation failed with 1 warnings and errors in 364.802µs
[2026-08-25T14:41:56Z INFO  tinymist_preview] Preview("le66pg"): received notification: signal(false, true), when OnType
[2026-08-25T14:41:56Z INFO  tinymist_project::compiler] /home/rtinfew/Downloads/test.typ: compilation failed with 1 warnings and errors in 239.368µs
[2026-08-25T14:41:56Z INFO  tinymist_preview] Preview("le66pg"): received notification: signal(false, true), when OnType
[2026-08-25T14:41:56Z INFO  tinymist_project::compiler] /home/rtinfew/Downloads/test.typ: compilation failed with 1 warnings and errors in 181.637µs
[2026-08-25T14:41:56Z INFO  tinymist_preview] Preview("le66pg"): received notification: signal(false, true), when OnType
[2026-08-25T14:41:56Z INFO  tinymist_project::compiler] /home/rtinfew/Downloads/test.typ: compilation failed with 1 warnings and errors in 242.266µs
[2026-08-25T14:41:56Z INFO  tinymist_preview] Preview("le66pg"): received notification: signal(false, true), when OnType
[2026-08-25T14:41:56Z INFO  tinymist_project::compiler] /home/rtinfew/Downloads/test.typ: compilation failed with 1 warnings and errors in 284.359µs
[2026-08-25T14:41:56Z INFO  tinymist_preview] Preview("le66pg"): received notification: signal(false, true), when OnType
[2026-08-25T14:41:56Z INFO  tinymist_project::compiler] /home/rtinfew/Downloads/test.typ: compilation failed with 1 warnings and errors in 305.167µs
[2026-08-25T14:41:56Z INFO  tinymist_preview] Preview("le66pg"): received notification: signal(false, true), when OnType
[2026-08-25T14:41:56Z INFO  tinymist_project::compiler] /home/rtinfew/Downloads/test.typ: compilation failed with 1 warnings and errors in 2.881428ms
[2026-08-25T14:41:56Z INFO  tinymist_preview] Preview("le66pg"): received notification: signal(false, true), when OnType
[2026-08-25T14:41:57Z INFO  tinymist_project::compiler] /home/rtinfew/Downloads/test.typ: compilation failed with 1 warnings and errors in 407.584µs
[2026-08-25T14:41:57Z INFO  tinymist_preview] Preview("le66pg"): received notification: signal(false, true), when OnType
[2026-08-25T14:41:57Z INFO  tinymist_project::compiler] /home/rtinfew/Downloads/test.typ: compilation failed with 1 warnings and errors in 195.723µs
[2026-08-25T14:41:57Z INFO  tinymist_preview] Preview("le66pg"): received notification: signal(false, true), when OnType
[2026-08-25T14:41:57Z INFO  tinymist_project::compiler] /home/rtinfew/Downloads/test.typ: compilation failed with 1 warnings and errors in 216.214µs
[2026-08-25T14:41:57Z INFO  tinymist_preview] Preview("le66pg"): received notification: signal(false, true), when OnType
[2026-08-25T14:41:57Z INFO  tinymist_project::compiler] /home/rtinfew/Downloads/test.typ: compilation failed with 1 warnings and errors in 263.519µs
[2026-08-25T14:41:57Z INFO  tinymist_preview] Preview("le66pg"): received notification: signal(false, true), when OnType
[2026-08-25T14:41:57Z INFO  tinymist_project::compiler] /home/rtinfew/Downloads/test.typ: compilation failed with 1 warnings and errors in 268.525µs
[2026-08-25T14:41:57Z INFO  tinymist_preview] Preview("le66pg"): received notification: signal(false, true), when OnType
[2026-08-25T14:41:57Z INFO  tinymist_project::compiler] /home/rtinfew/Downloads/test.typ: compilation failed with 1 warnings and errors in 482.482µs
[2026-08-25T14:41:57Z INFO  tinymist_preview] Preview("le66pg"): received notification: signal(false, true), when OnType
[2026-08-25T14:41:57Z INFO  tinymist_project::compiler] /home/rtinfew/Downloads/test.typ: compilation failed with 1 warnings and errors in 1.089142ms
[2026-08-25T14:41:57Z INFO  tinymist_preview] Preview("le66pg"): received notification: signal(false, true), when OnType
[2026-08-25T14:41:57Z INFO  tinymist_project::compiler] /home/rtinfew/Downloads/test.typ: compilation failed with 1 warnings and errors in 696.992µs
[2026-08-25T14:41:57Z INFO  tinymist_preview] Preview("le66pg"): received notification: signal(false, true), when OnType
[2026-08-25T14:41:57Z INFO  tinymist_project::compiler] /home/rtinfew/Downloads/test.typ: compilation failed with 1 warnings and errors in 445.486µs
[2026-08-25T14:41:57Z INFO  tinymist_preview] Preview("le66pg"): received notification: signal(false, true), when OnType
[2026-08-25T14:41:57Z INFO  tinymist_project::compiler] /home/rtinfew/Downloads/test.typ: compilation failed with 1 warnings and errors in 526.146µs
[2026-08-25T14:41:57Z INFO  tinymist_preview] Preview("le66pg"): received notification: signal(false, true), when OnType
[2026-08-25T14:41:57Z INFO  tinymist_project::compiler] /home/rtinfew/Downloads/test.typ: compilation failed with 1 warnings and errors in 564.36µs
[2026-08-25T14:41:57Z INFO  tinymist_preview] Preview("le66pg"): received notification: signal(false, true), when OnType
[2026-08-25T14:41:57Z INFO  tinymist_project::compiler] /home/rtinfew/Downloads/test.typ: compilation failed with 1 warnings and errors in 529.567µs
[2026-08-25T14:41:57Z INFO  tinymist_preview] Preview("le66pg"): received notification: signal(false, true), when OnType
[2026-08-25T14:41:57Z INFO  tinymist_project::compiler] /home/rtinfew/Downloads/test.typ: compilation failed with 1 warnings and errors in 461.11µs
[2026-08-25T14:41:57Z INFO  tinymist_preview] Preview("le66pg"): received notification: signal(false, true), when OnType
[2026-08-25T14:41:57Z INFO  tinymist_project::compiler] /home/rtinfew/Downloads/test.typ: compilation failed with 1 warnings and errors in 471.564µs
[2026-08-25T14:41:57Z INFO  tinymist_preview] Preview("le66pg"): received notification: signal(false, true), when OnType
[2026-08-25T14:41:57Z INFO  tinymist_project::compiler] /home/rtinfew/Downloads/test.typ: compilation failed with 1 warnings and errors in 368.442µs
[2026-08-25T14:41:57Z INFO  tinymist_preview] Preview("le66pg"): received notification: signal(false, true), when OnType
[2026-08-25T14:41:57Z INFO  tinymist_project::compiler] /home/rtinfew/Downloads/test.typ: compilation failed with 1 warnings and errors in 784.679µs
[2026-08-25T14:41:57Z INFO  tinymist_preview] Preview("le66pg"): received notification: signal(false, true), when OnType
[2026-08-25T14:41:57Z INFO  tinymist_project::compiler] /home/rtinfew/Downloads/test.typ: compilation failed with 1 warnings and errors in 199.529µs
[2026-08-25T14:41:57Z INFO  tinymist_preview] Preview("le66pg"): received notification: signal(false, true), when OnType
[2026-08-25T14:41:57Z INFO  tinymist_project::compiler] /home/rtinfew/Downloads/test.typ: compilation failed with 1 warnings and errors in 199.076µs
[2026-08-25T14:41:57Z INFO  tinymist_preview] Preview("le66pg"): received notification: signal(false, true), when OnType
[2026-08-25T14:41:57Z INFO  tinymist_project::compiler] /home/rtinfew/Downloads/test.typ: compilation failed with 1 warnings and errors in 235.695µs
[2026-08-25T14:41:57Z INFO  tinymist_preview] Preview("le66pg"): received notification: signal(false, true), when OnType
[2026-08-25T14:41:57Z INFO  tinymist_project::compiler] /home/rtinfew/Downloads/test.typ: compilation failed with 1 warnings and errors in 327.041µs
[2026-08-25T14:41:57Z INFO  tinymist_preview] Preview("le66pg"): received notification: signal(false, true), when OnType
[2026-08-25T14:41:58Z INFO  tinymist_project::compiler] /home/rtinfew/Downloads/test.typ: compilation failed with 1 warnings and errors in 432.096µs
[2026-08-25T14:41:58Z INFO  tinymist_preview] Preview("le66pg"): received notification: signal(false, true), when OnType
[2026-08-25T14:41:58Z INFO  tinymist_project::compiler] /home/rtinfew/Downloads/test.typ: compilation failed with 1 warnings and errors in 632.645µs
[2026-08-25T14:41:58Z INFO  tinymist_preview] Preview("le66pg"): received notification: signal(false, true), when OnType
[2026-08-25T14:41:58Z INFO  tinymist_project::compiler] /home/rtinfew/Downloads/test.typ: compilation failed with 1 warnings and errors in 487.149µs
[2026-08-25T14:41:58Z INFO  tinymist_preview] Preview("le66pg"): received notification: signal(false, true), when OnType
[2026-08-25T14:41:58Z INFO  tinymist_project::compiler] /home/rtinfew/Downloads/test.typ: compilation failed with 1 warnings and errors in 524.763µs
[2026-08-25T14:41:58Z INFO  tinymist_preview] Preview("le66pg"): received notification: signal(false, true), when OnType
[2026-08-25T14:41:58Z INFO  tinymist_project::compiler] /home/rtinfew/Downloads/test.typ: compilation failed with 1 warnings and errors in 628.286µs
[2026-08-25T14:41:58Z INFO  tinymist_preview] Preview("le66pg"): received notification: signal(false, true), when OnType
[2026-08-25T14:41:58Z INFO  tinymist_project::compiler] /home/rtinfew/Downloads/test.typ: compilation failed with 1 warnings and errors in 429.799µs
[2026-08-25T14:41:58Z INFO  tinymist_preview] Preview("le66pg"): received notification: signal(false, true), when OnType
[2026-08-25T14:41:58Z INFO  tinymist_project::compiler] /home/rtinfew/Downloads/test.typ: compilation failed with 1 warnings and errors in 451.874µs
[2026-08-25T14:41:58Z INFO  tinymist_preview] Preview("le66pg"): received notification: signal(false, true), when OnType
[2026-08-25T14:41:58Z INFO  tinymist_project::compiler] /home/rtinfew/Downloads/test.typ: compilation failed with 1 warnings and errors in 639.451µs
[2026-08-25T14:41:58Z INFO  tinymist_preview] Preview("le66pg"): received notification: signal(false, true), when OnType
[2026-08-25T14:41:58Z INFO  tinymist_project::compiler] /home/rtinfew/Downloads/test.typ: compilation failed with 1 warnings and errors in 480.795µs
[2026-08-25T14:41:58Z INFO  tinymist_preview] Preview("le66pg"): received notification: signal(false, true), when OnType
[2026-08-25T14:41:58Z INFO  tinymist_project::compiler] /home/rtinfew/Downloads/test.typ: compilation failed with 1 warnings and errors in 297.561µs
[2026-08-25T14:41:58Z INFO  tinymist_preview] Preview("le66pg"): received notification: signal(false, true), when OnType
[2026-08-25T14:41:58Z INFO  tinymist_project::compiler] /home/rtinfew/Downloads/test.typ: compilation failed with 1 warnings and errors in 400.943µs
[2026-08-25T14:41:58Z INFO  tinymist_preview] Preview("le66pg"): received notification: signal(false, true), when OnType
[2026-08-25T14:41:58Z INFO  tinymist_project::compiler] /home/rtinfew/Downloads/test.typ: compilation failed with 1 warnings and errors in 386.024µs
[2026-08-25T14:41:58Z INFO  tinymist_preview] Preview("le66pg"): received notification: signal(false, true), when OnType
[2026-08-25T14:41:58Z INFO  tinymist_project::compiler] /home/rtinfew/Downloads/test.typ: compilation failed with 1 warnings and errors in 563.056µs
[2026-08-25T14:41:58Z INFO  tinymist_preview] Preview("le66pg"): received notification: signal(false, true), when OnType
[2026-08-25T14:41:58Z INFO  tinymist_project::compiler] /home/rtinfew/Downloads/test.typ: compilation failed with 1 warnings and errors in 515.661µs
[2026-08-25T14:41:58Z INFO  tinymist_preview] Preview("le66pg"): received notification: signal(false, true), when OnType
[2026-08-25T14:41:58Z INFO  tinymist_project::compiler] /home/rtinfew/Downloads/test.typ: compilation failed with 1 warnings and errors in 460.791µs
[2026-08-25T14:41:58Z INFO  tinymist_preview] Preview("le66pg"): received notification: signal(false, true), when OnType
[2026-08-25T14:41:58Z INFO  tinymist_project::compiler] /home/rtinfew/Downloads/test.typ: compilation failed with 1 warnings and errors in 802.207µs
[2026-08-25T14:41:58Z INFO  tinymist_preview] Preview("le66pg"): received notification: signal(false, true), when OnType
[2026-08-25T14:41:58Z INFO  tinymist_project::compiler] /home/rtinfew/Downloads/test.typ: compilation failed with 1 warnings and errors in 530.232µs
[2026-08-25T14:41:58Z INFO  tinymist_preview] Preview("le66pg"): received notification: signal(false, true), when OnType
[2026-08-25T14:41:58Z INFO  tinymist_project::compiler] /home/rtinfew/Downloads/test.typ: compilation failed with 1 warnings and errors in 250.518µs
[2026-08-25T14:41:58Z INFO  tinymist_preview] Preview("le66pg"): received notification: signal(false, true), when OnType
[2026-08-25T14:41:58Z INFO  tinymist_project::compiler] /home/rtinfew/Downloads/test.typ: compilation failed with 1 warnings and errors in 195.431µs
[2026-08-25T14:41:58Z INFO  tinymist_preview] Preview("le66pg"): received notification: signal(false, true), when OnType
[2026-08-25T14:41:59Z INFO  tinymist_project::compiler] /home/rtinfew/Downloads/test.typ: compilation failed with 1 warnings and errors in 255.333µs
[2026-08-25T14:41:59Z INFO  tinymist_preview] Preview("le66pg"): received notification: signal(false, true), when OnType
[2026-08-25T14:41:59Z INFO  tinymist_project::compiler] /home/rtinfew/Downloads/test.typ: compilation failed with 1 warnings and errors in 600.191µs
[2026-08-25T14:41:59Z INFO  tinymist_preview] Preview("le66pg"): received notification: signal(false, true), when OnType
[2026-08-25T14:41:59Z INFO  tinymist_project::compiler] /home/rtinfew/Downloads/test.typ: compilation failed with 1 warnings and errors in 579.864µs
[2026-08-25T14:41:59Z INFO  tinymist_preview] Preview("le66pg"): received notification: signal(false, true), when OnType
[2026-08-25T14:41:59Z INFO  tinymist_project::compiler] /home/rtinfew/Downloads/test.typ: compilation failed with 1 warnings and errors in 477.974µs
[2026-08-25T14:41:59Z INFO  tinymist_preview] Preview("le66pg"): received notification: signal(false, true), when OnType
[2026-08-25T14:41:59Z INFO  tinymist_project::compiler] /home/rtinfew/Downloads/test.typ: compilation failed with 1 warnings and errors in 535.697µs
[2026-08-25T14:41:59Z INFO  tinymist_preview] Preview("le66pg"): received notification: signal(false, true), when OnType
[2026-08-25T14:41:59Z INFO  tinymist_project::compiler] /home/rtinfew/Downloads/test.typ: compilation failed with 1 warnings and errors in 519.983µs
[2026-08-25T14:41:59Z INFO  tinymist_preview] Preview("le66pg"): received notification: signal(false, true), when OnType
[2026-08-25T14:41:59Z INFO  tinymist_project::compiler] /home/rtinfew/Downloads/test.typ: compilation failed with 1 warnings and errors in 669.81µs
[2026-08-25T14:41:59Z INFO  tinymist_preview] Preview("le66pg"): received notification: signal(false, true), when OnType
[2026-08-25T14:41:59Z INFO  tinymist_project::compiler] /home/rtinfew/Downloads/test.typ: compilation failed with 1 warnings and errors in 477.019µs
[2026-08-25T14:41:59Z INFO  tinymist_preview] Preview("le66pg"): received notification: signal(false, true), when OnType
[2026-08-25T14:41:59Z INFO  tinymist_project::compiler] /home/rtinfew/Downloads/test.typ: compilation failed with 1 warnings and errors in 768.508µs
[2026-08-25T14:41:59Z INFO  tinymist_preview] Preview("le66pg"): received notification: signal(false, true), when OnType
[2026-08-25T14:41:59Z INFO  tinymist_project::compiler] /home/rtinfew/Downloads/test.typ: compilation failed with 1 warnings and errors in 576.668µs
[2026-08-25T14:41:59Z INFO  tinymist_preview] Preview("le66pg"): received notification: signal(false, true), when OnType
[2026-08-25T14:41:59Z INFO  tinymist_project::compiler] /home/rtinfew/Downloads/test.typ: compilation failed with 1 warnings and errors in 422.517µs
[2026-08-25T14:41:59Z INFO  tinymist_preview] Preview("le66pg"): received notification: signal(false, true), when OnType
[2026-08-25T14:41:59Z INFO  tinymist_project::compiler] /home/rtinfew/Downloads/test.typ: compilation failed with 1 warnings and errors in 852.869µs
[2026-08-25T14:41:59Z INFO  tinymist_preview] Preview("le66pg"): received notification: signal(false, true), when OnType
[2026-08-25T14:41:59Z INFO  tinymist_project::compiler] /home/rtinfew/Downloads/test.typ: compilation failed with 1 warnings and errors in 823.644µs
[2026-08-25T14:41:59Z INFO  tinymist_preview] Preview("le66pg"): received notification: signal(false, true), when OnType
[2026-08-25T14:41:59Z INFO  tinymist_project::compiler] /home/rtinfew/Downloads/test.typ: compilation failed with 1 warnings and errors in 530.364µs
[2026-08-25T14:41:59Z INFO  tinymist_preview] Preview("le66pg"): received notification: signal(false, true), when OnType
[2026-08-25T14:41:59Z INFO  tinymist_project::compiler] /home/rtinfew/Downloads/test.typ: compilation failed with 1 warnings and errors in 567.831µs
[2026-08-25T14:41:59Z INFO  tinymist_preview] Preview("le66pg"): received notification: signal(false, true), when OnType
[2026-08-25T14:41:59Z INFO  tinymist_project::compiler] /home/rtinfew/Downloads/test.typ: compilation failed with 1 warnings and errors in 466.344µs
[2026-08-25T14:41:59Z INFO  tinymist_preview] Preview("le66pg"): received notification: signal(false, true), when OnType
[2026-08-25T14:41:59Z INFO  tinymist_project::compiler] /home/rtinfew/Downloads/test.typ: compilation failed with 1 warnings and errors in 570.213µs
[2026-08-25T14:41:59Z INFO  tinymist_preview] Preview("le66pg"): received notification: signal(false, true), when OnType
[2026-08-25T14:41:59Z INFO  tinymist_project::compiler] /home/rtinfew/Downloads/test.typ: compilation failed with 1 warnings and errors in 566.129µs
[2026-08-25T14:41:59Z INFO  tinymist_preview] Preview("le66pg"): received notification: signal(false, true), when OnType
[2026-08-25T14:41:59Z INFO  tinymist_project::compiler] /home/rtinfew/Downloads/test.typ: compilation failed with 1 warnings and errors in 511.316µs
[2026-08-25T14:41:59Z INFO  tinymist_preview] Preview("le66pg"): received notification: signal(false, true), when OnType
[2026-08-25T14:42:00Z INFO  tinymist_project::compiler] /home/rtinfew/Downloads/test.typ: compilation failed with 1 warnings and errors in 488.038µs
[2026-08-25T14:42:00Z INFO  tinymist_preview] Preview("le66pg"): received notification: signal(false, true), when OnType
[2026-08-25T14:42:00Z INFO  tinymist_project::compiler] /home/rtinfew/Downloads/test.typ: compilation failed with 1 warnings and errors in 549.582µs
[2026-08-25T14:42:00Z INFO  tinymist_preview] Preview("le66pg"): received notification: signal(false, true), when OnType
[2026-08-25T14:42:00Z INFO  tinymist_project::compiler] /home/rtinfew/Downloads/test.typ: compilation failed with 1 warnings and errors in 549.022µs
[2026-08-25T14:42:00Z INFO  tinymist_preview] Preview("le66pg"): received notification: signal(false, true), when OnType
[2026-08-25T14:42:00Z INFO  tinymist_project::compiler] /home/rtinfew/Downloads/test.typ: compilation failed with 1 warnings and errors in 498.537µs
[2026-08-25T14:42:00Z INFO  tinymist_preview] Preview("le66pg"): received notification: signal(false, true), when OnType
[2026-08-25T14:42:00Z INFO  tinymist_project::compiler] /home/rtinfew/Downloads/test.typ: compilation failed with 1 warnings and errors in 505.625µs
[2026-08-25T14:42:00Z INFO  tinymist_preview] Preview("le66pg"): received notification: signal(false, true), when OnType
[2026-08-25T14:42:00Z INFO  tinymist_project::compiler] /home/rtinfew/Downloads/test.typ: compilation failed with 1 warnings and errors in 586.724µs
[2026-08-25T14:42:00Z INFO  tinymist_preview] Preview("le66pg"): received notification: signal(false, true), when OnType
[2026-08-25T14:42:00Z INFO  tinymist_project::compiler] /home/rtinfew/Downloads/test.typ: compilation failed with 1 warnings and errors in 447.03µs
[2026-08-25T14:42:00Z INFO  tinymist_preview] Preview("le66pg"): received notification: signal(false, true), when OnType
[2026-08-25T14:42:00Z INFO  tinymist_project::compiler] /home/rtinfew/Downloads/test.typ: compilation failed with 1 warnings and errors in 403.02µs
[2026-08-25T14:42:00Z INFO  tinymist_preview] Preview("le66pg"): received notification: signal(false, true), when OnType
[2026-08-25T14:42:00Z INFO  tinymist_project::compiler] /home/rtinfew/Downloads/test.typ: compilation failed with 1 warnings and errors in 349.522µs
[2026-08-25T14:42:00Z INFO  tinymist_preview] Preview("le66pg"): received notification: signal(false, true), when OnType
[2026-08-25T14:42:00Z INFO  tinymist_project::compiler] /home/rtinfew/Downloads/test.typ: compilation failed with 1 warnings and errors in 491.177µs
[2026-08-25T14:42:00Z INFO  tinymist_preview] Preview("le66pg"): received notification: signal(false, true), when OnType
[2026-08-25T14:42:00Z INFO  tinymist_project::compiler] /home/rtinfew/Downloads/test.typ: compilation failed with 1 warnings and errors in 752.175µs
[2026-08-25T14:42:00Z INFO  tinymist_preview] Preview("le66pg"): received notification: signal(false, true), when OnType
[2026-08-25T14:42:00Z INFO  tinymist_project::compiler] /home/rtinfew/Downloads/test.typ: compilation failed with 1 warnings and errors in 600.486µs
[2026-08-25T14:42:00Z INFO  tinymist_preview] Preview("le66pg"): received notification: signal(false, true), when OnType
[2026-08-25T14:42:00Z INFO  tinymist_project::compiler] /home/rtinfew/Downloads/test.typ: compilation failed with 1 warnings and errors in 513.613µs
[2026-08-25T14:42:00Z INFO  tinymist_preview] Preview("le66pg"): received notification: signal(false, true), when OnType
[2026-08-25T14:42:00Z INFO  tinymist_project::compiler] /home/rtinfew/Downloads/test.typ: compilation failed with 1 warnings and errors in 518.91µs
[2026-08-25T14:42:00Z INFO  tinymist_preview] Preview("le66pg"): received notification: signal(false, true), when OnType
[2026-08-25T14:42:00Z INFO  tinymist_project::compiler] /home/rtinfew/Downloads/test.typ: compilation failed with 1 warnings and errors in 502.945µs
[2026-08-25T14:42:00Z INFO  tinymist_preview] Preview("le66pg"): received notification: signal(false, true), when OnType
[2026-08-25T14:42:00Z INFO  tinymist_project::compiler] /home/rtinfew/Downloads/test.typ: compilation failed with 1 warnings and errors in 463.235µs
[2026-08-25T14:42:00Z INFO  tinymist_preview] Preview("le66pg"): received notification: signal(false, true), when OnType
[2026-08-25T14:42:00Z INFO  tinymist_project::compiler] /home/rtinfew/Downloads/test.typ: compilation failed with 1 warnings and errors in 544.338µs
[2026-08-25T14:42:00Z INFO  tinymist_preview] Preview("le66pg"): received notification: signal(false, true), when OnType
[2026-08-25T14:42:00Z INFO  tinymist_project::compiler] /home/rtinfew/Downloads/test.typ: compilation failed with 1 warnings and errors in 499.951µs
[2026-08-25T14:42:00Z INFO  tinymist_preview] Preview("le66pg"): received notification: signal(false, true), when OnType
[2026-08-25T14:42:00Z INFO  tinymist_project::compiler] /home/rtinfew/Downloads/test.typ: compilation failed with 1 warnings and errors in 581.16µs
[2026-08-25T14:42:00Z INFO  tinymist_preview] Preview("le66pg"): received notification: signal(false, true), when OnType
[2026-08-25T14:42:01Z INFO  tinymist_project::compiler] /home/rtinfew/Downloads/test.typ: compilation failed with 1 warnings and errors in 554.829µs
[2026-08-25T14:42:01Z INFO  tinymist_preview] Preview("le66pg"): received notification: signal(false, true), when OnType
[2026-08-25T14:42:01Z INFO  tinymist_project::compiler] /home/rtinfew/Downloads/test.typ: compilation failed with 1 warnings and errors in 479.904µs
[2026-08-25T14:42:01Z INFO  tinymist_preview] Preview("le66pg"): received notification: signal(false, true), when OnType
[2026-08-25T14:42:01Z INFO  tinymist_project::compiler] /home/rtinfew/Downloads/test.typ: compilation failed with 1 warnings and errors in 587.945µs
[2026-08-25T14:42:01Z INFO  tinymist_preview] Preview("le66pg"): received notification: signal(false, true), when OnType
[2026-08-25T14:42:01Z INFO  tinymist_project::compiler] /home/rtinfew/Downloads/test.typ: compilation failed with 1 warnings and errors in 574.85µs
[2026-08-25T14:42:01Z INFO  tinymist_preview] Preview("le66pg"): received notification: signal(false, true), when OnType
[2026-08-25T14:42:01Z INFO  tinymist_project::compiler] /home/rtinfew/Downloads/test.typ: compilation failed with 1 warnings and errors in 458.731µs
[2026-08-25T14:42:01Z INFO  tinymist_preview] Preview("le66pg"): received notification: signal(false, true), when OnType
[2026-08-25T14:42:01Z INFO  tinymist_project::compiler] /home/rtinfew/Downloads/test.typ: compilation failed with 1 warnings and errors in 643.261µs
[2026-08-25T14:42:01Z INFO  tinymist_preview] Preview("le66pg"): received notification: signal(false, true), when OnType
[2026-08-25T14:42:01Z INFO  tinymist_project::compiler] /home/rtinfew/Downloads/test.typ: compilation failed with 1 warnings and errors in 535.006µs
[2026-08-25T14:42:01Z INFO  tinymist_preview] Preview("le66pg"): received notification: signal(false, true), when OnType
[2026-08-25T14:42:01Z INFO  tinymist_project::compiler] /home/rtinfew/Downloads/test.typ: compilation failed with 1 warnings and errors in 545.179µs
[2026-08-25T14:42:01Z INFO  tinymist_preview] Preview("le66pg"): received notification: signal(false, true), when OnType
[2026-08-25T14:42:01Z INFO  tinymist_project::compiler] /home/rtinfew/Downloads/test.typ: compilation failed with 1 warnings and errors in 517.309µs
[2026-08-25T14:42:01Z INFO  tinymist_preview] Preview("le66pg"): received notification: signal(false, true), when OnType
[2026-08-25T14:42:01Z INFO  tinymist_project::compiler] /home/rtinfew/Downloads/test.typ: compilation failed with 1 warnings and errors in 505.081µs
[2026-08-25T14:42:01Z INFO  tinymist_preview] Preview("le66pg"): received notification: signal(false, true), when OnType
[2026-08-25T14:42:01Z INFO  tinymist_project::compiler] /home/rtinfew/Downloads/test.typ: compilation failed with 1 warnings and errors in 523.784µs
[2026-08-25T14:42:01Z INFO  tinymist_preview] Preview("le66pg"): received notification: signal(false, true), when OnType
[2026-08-25T14:42:01Z INFO  tinymist_project::compiler] /home/rtinfew/Downloads/test.typ: compilation failed with 1 warnings and errors in 632.946µs
[2026-08-25T14:42:01Z INFO  tinymist_preview] Preview("le66pg"): received notification: signal(false, true), when OnType
[2026-08-25T14:42:01Z INFO  tinymist_project::compiler] /home/rtinfew/Downloads/test.typ: compilation failed with 1 warnings and errors in 486.378µs
[2026-08-25T14:42:01Z INFO  tinymist_preview] Preview("le66pg"): received notification: signal(false, true), when OnType
[2026-08-25T14:42:01Z INFO  tinymist_project::compiler] /home/rtinfew/Downloads/test.typ: compilation failed with 1 warnings and errors in 667.574µs
[2026-08-25T14:42:01Z INFO  tinymist_preview] Preview("le66pg"): received notification: signal(false, true), when OnType
[2026-08-25T14:42:01Z INFO  tinymist_project::compiler] /home/rtinfew/Downloads/test.typ: compilation failed with 1 warnings and errors in 1.395433ms
[2026-08-25T14:42:01Z INFO  tinymist_preview] Preview("le66pg"): received notification: signal(false, true), when OnType
[2026-08-25T14:42:01Z INFO  tinymist_project::compiler] /home/rtinfew/Downloads/test.typ: compilation failed with 1 warnings and errors in 515.416µs
[2026-08-25T14:42:01Z INFO  tinymist_preview] Preview("le66pg"): received notification: signal(false, true), when OnType
[2026-08-25T14:42:01Z INFO  tinymist_project::compiler] /home/rtinfew/Downloads/test.typ: compilation failed with 1 warnings and errors in 521.39µs
[2026-08-25T14:42:01Z INFO  tinymist_preview] Preview("le66pg"): received notification: signal(false, true), when OnType
[2026-08-25T14:42:01Z INFO  tinymist_project::compiler] /home/rtinfew/Downloads/test.typ: compilation failed with 1 warnings and errors in 758.611µs
[2026-08-25T14:42:01Z INFO  tinymist_preview] Preview("le66pg"): received notification: signal(false, true), when OnType
[2026-08-25T14:42:01Z INFO  tinymist_project::compiler] /home/rtinfew/Downloads/test.typ: compilation failed with 1 warnings and errors in 667.026µs
[2026-08-25T14:42:01Z INFO  tinymist_preview] Preview("le66pg"): received notification: signal(false, true), when OnType
[2026-08-25T14:42:02Z INFO  tinymist_project::compiler] /home/rtinfew/Downloads/test.typ: compilation failed with 1 warnings and errors in 575.706µs
[2026-08-25T14:42:02Z INFO  tinymist_preview] Preview("le66pg"): received notification: signal(false, true), when OnType
[2026-08-25T14:42:02Z INFO  tinymist_project::compiler] /home/rtinfew/Downloads/test.typ: compilation failed with 1 warnings and errors in 656.922µs
[2026-08-25T14:42:02Z INFO  tinymist_preview] Preview("le66pg"): received notification: signal(false, true), when OnType
[2026-08-25T14:42:02Z INFO  tinymist_project::compiler] /home/rtinfew/Downloads/test.typ: compilation failed with 1 warnings and errors in 578.003µs
[2026-08-25T14:42:02Z INFO  tinymist_preview] Preview("le66pg"): received notification: signal(false, true), when OnType
[2026-08-25T14:42:02Z INFO  tinymist_project::compiler] /home/rtinfew/Downloads/test.typ: compilation failed with 1 warnings and errors in 616.077µs
[2026-08-25T14:42:02Z INFO  tinymist_preview] Preview("le66pg"): received notification: signal(false, true), when OnType
[2026-08-25T14:42:02Z INFO  tinymist_project::compiler] /home/rtinfew/Downloads/test.typ: compilation failed with 1 warnings and errors in 879.444µs
[2026-08-25T14:42:02Z INFO  tinymist_preview] Preview("le66pg"): received notification: signal(false, true), when OnType
[2026-08-25T14:42:02Z INFO  tinymist_project::compiler] /home/rtinfew/Downloads/test.typ: compilation failed with 1 warnings and errors in 504.419µs
[2026-08-25T14:42:02Z INFO  tinymist_preview] Preview("le66pg"): received notification: signal(false, true), when OnType
[2026-08-25T14:42:02Z INFO  tinymist_project::compiler] /home/rtinfew/Downloads/test.typ: compilation failed with 1 warnings and errors in 924.637µs
[2026-08-25T14:42:02Z INFO  tinymist_preview] Preview("le66pg"): received notification: signal(false, true), when OnType
[2026-08-25T14:42:02Z INFO  tinymist_project::compiler] /home/rtinfew/Downloads/test.typ: compilation failed with 1 warnings and errors in 446.432µs
[2026-08-25T14:42:02Z INFO  tinymist_preview] Preview("le66pg"): received notification: signal(false, true), when OnType
[2026-08-25T14:42:02Z INFO  tinymist_project::compiler] /home/rtinfew/Downloads/test.typ: compilation failed with 1 warnings and errors in 398.918µs
[2026-08-25T14:42:02Z INFO  tinymist_preview] Preview("le66pg"): received notification: signal(false, true), when OnType
[2026-08-25T14:42:02Z INFO  tinymist_project::compiler] /home/rtinfew/Downloads/test.typ: compilation failed with 1 warnings and errors in 610.494µs
[2026-08-25T14:42:02Z INFO  tinymist_preview] Preview("le66pg"): received notification: signal(false, true), when OnType
[2026-08-25T14:42:02Z INFO  tinymist_project::compiler] /home/rtinfew/Downloads/test.typ: compilation failed with 1 warnings and errors in 411.362µs
[2026-08-25T14:42:02Z INFO  tinymist_preview] Preview("le66pg"): received notification: signal(false, true), when OnType
[2026-08-25T14:42:02Z INFO  tinymist_project::compiler] /home/rtinfew/Downloads/test.typ: compilation failed with 1 warnings and errors in 189.48µs
[2026-08-25T14:42:02Z INFO  tinymist_preview] Preview("le66pg"): received notification: signal(false, true), when OnType
[2026-08-25T14:42:02Z INFO  tinymist_project::compiler] /home/rtinfew/Downloads/test.typ: compilation failed with 1 warnings and errors in 484.048µs
[2026-08-25T14:42:02Z INFO  tinymist_preview] Preview("le66pg"): received notification: signal(false, true), when OnType
[2026-08-25T14:42:02Z INFO  tinymist_project::compiler] /home/rtinfew/Downloads/test.typ: compilation failed with 1 warnings and errors in 697.531µs
[2026-08-25T14:42:02Z INFO  tinymist_preview] Preview("le66pg"): received notification: signal(false, true), when OnType
[2026-08-25T14:42:02Z INFO  tinymist_project::compiler] /home/rtinfew/Downloads/test.typ: compilation failed with 1 warnings and errors in 289.612µs
[2026-08-25T14:42:02Z INFO  tinymist_preview] Preview("le66pg"): received notification: signal(false, true), when OnType
[2026-08-25T14:42:02Z INFO  tinymist_project::compiler] /home/rtinfew/Downloads/test.typ: compilation failed with 1 warnings and errors in 216.911µs
[2026-08-25T14:42:02Z INFO  tinymist_preview] Preview("le66pg"): received notification: signal(false, true), when OnType
[2026-08-25T14:42:02Z INFO  tinymist_project::compiler] /home/rtinfew/Downloads/test.typ: compilation failed with 1 warnings and errors in 211.432µs
[2026-08-25T14:42:02Z INFO  tinymist_preview] Preview("le66pg"): received notification: signal(false, true), when OnType
[2026-08-25T14:42:02Z INFO  tinymist_project::compiler] /home/rtinfew/Downloads/test.typ: compilation failed with 1 warnings and errors in 193.621µs
[2026-08-25T14:42:02Z INFO  tinymist_preview] Preview("le66pg"): received notification: signal(false, true), when OnType
[2026-08-25T14:42:02Z INFO  tinymist_project::compiler] /home/rtinfew/Downloads/test.typ: compilation failed with 1 warnings and errors in 346.663µs
[2026-08-25T14:42:02Z INFO  tinymist_preview] Preview("le66pg"): received notification: signal(false, true), when OnType
[2026-08-25T14:42:03Z INFO  tinymist_project::compiler] /home/rtinfew/Downloads/test.typ: compilation failed with 1 warnings and errors in 495.562µs
[2026-08-25T14:42:03Z INFO  tinymist_preview] Preview("le66pg"): received notification: signal(false, true), when OnType
[2026-08-25T14:42:03Z INFO  tinymist_project::compiler] /home/rtinfew/Downloads/test.typ: compilation failed with 1 warnings and errors in 340.772µs
[2026-08-25T14:42:03Z INFO  tinymist_preview] Preview("le66pg"): received notification: signal(false, true), when OnType
[2026-08-25T14:42:03Z INFO  tinymist_project::compiler] /home/rtinfew/Downloads/test.typ: compilation failed with 1 warnings and errors in 913.88µs
[2026-08-25T14:42:03Z INFO  tinymist_preview] Preview("le66pg"): received notification: signal(false, true), when OnType
[2026-08-25T14:42:03Z INFO  tinymist_project::compiler] /home/rtinfew/Downloads/test.typ: compilation failed with 1 warnings and errors in 796.566µs
[2026-08-25T14:42:03Z INFO  tinymist_preview] Preview("le66pg"): received notification: signal(false, true), when OnType
[2026-08-25T14:42:03Z INFO  tinymist_project::compiler] /home/rtinfew/Downloads/test.typ: compilation failed with 1 warnings and errors in 504.945µs
[2026-08-25T14:42:03Z INFO  tinymist_preview] Preview("le66pg"): received notification: signal(false, true), when OnType
[2026-08-25T14:42:03Z INFO  tinymist_project::compiler] /home/rtinfew/Downloads/test.typ: compilation failed with 1 warnings and errors in 455.97µs
[2026-08-25T14:42:03Z INFO  tinymist_preview] Preview("le66pg"): received notification: signal(false, true), when OnType
[2026-08-25T14:42:03Z INFO  tinymist_project::compiler] /home/rtinfew/Downloads/test.typ: compilation failed with 1 warnings and errors in 609.565µs
[2026-08-25T14:42:03Z INFO  tinymist_preview] Preview("le66pg"): received notification: signal(false, true), when OnType
[2026-08-25T14:42:03Z INFO  tinymist_project::compiler] /home/rtinfew/Downloads/test.typ: compilation failed with 1 warnings and errors in 499.517µs
[2026-08-25T14:42:03Z INFO  tinymist_preview] Preview("le66pg"): received notification: signal(false, true), when OnType
[2026-08-25T14:42:03Z INFO  tinymist_project::compiler] /home/rtinfew/Downloads/test.typ: compilation failed with 1 warnings and errors in 598.229µs
[2026-08-25T14:42:03Z INFO  tinymist_preview] Preview("le66pg"): received notification: signal(false, true), when OnType
[2026-08-25T14:42:03Z INFO  tinymist_project::compiler] /home/rtinfew/Downloads/test.typ: compilation failed with 1 warnings and errors in 498.279µs
[2026-08-25T14:42:03Z INFO  tinymist_preview] Preview("le66pg"): received notification: signal(false, true), when OnType
[2026-08-25T14:42:03Z INFO  tinymist_project::compiler] /home/rtinfew/Downloads/test.typ: compilation failed with 1 warnings and errors in 487.937µs
[2026-08-25T14:42:03Z INFO  tinymist_preview] Preview("le66pg"): received notification: signal(false, true), when OnType
[2026-08-25T14:42:03Z INFO  tinymist_project::compiler] /home/rtinfew/Downloads/test.typ: compilation failed with 1 warnings and errors in 643.971µs
[2026-08-25T14:42:03Z INFO  tinymist_preview] Preview("le66pg"): received notification: signal(false, true), when OnType
[2026-08-25T14:42:03Z INFO  tinymist_project::compiler] /home/rtinfew/Downloads/test.typ: compilation failed with 1 warnings and errors in 558.663µs
[2026-08-25T14:42:03Z INFO  tinymist_preview] Preview("le66pg"): received notification: signal(false, true), when OnType
[2026-08-25T14:42:03Z INFO  tinymist_project::compiler] /home/rtinfew/Downloads/test.typ: compilation failed with 1 warnings and errors in 592.981µs
[2026-08-25T14:42:03Z INFO  tinymist_preview] Preview("le66pg"): received notification: signal(false, true), when OnType
[2026-08-25T14:42:03Z INFO  tinymist_project::compiler] /home/rtinfew/Downloads/test.typ: compilation failed with 1 warnings and errors in 597.793µs
[2026-08-25T14:42:03Z INFO  tinymist_preview] Preview("le66pg"): received notification: signal(false, true), when OnType
[2026-08-25T14:42:03Z INFO  tinymist_project::compiler] /home/rtinfew/Downloads/test.typ: compilation failed with 1 warnings and errors in 598.312µs
[2026-08-25T14:42:03Z INFO  tinymist_preview] Preview("le66pg"): received notification: signal(false, true), when OnType
[2026-08-25T14:42:03Z INFO  tinymist_project::compiler] /home/rtinfew/Downloads/test.typ: compilation failed with 1 warnings and errors in 560.04µs
[2026-08-25T14:42:03Z INFO  tinymist_preview] Preview("le66pg"): received notification: signal(false, true), when OnType
[2026-08-25T14:42:03Z INFO  tinymist_project::compiler] /home/rtinfew/Downloads/test.typ: compilation failed with 1 warnings and errors in 556.895µs
[2026-08-25T14:42:03Z INFO  tinymist_preview] Preview("le66pg"): received notification: signal(false, true), when OnType
[2026-08-25T14:42:03Z INFO  tinymist_project::compiler] /home/rtinfew/Downloads/test.typ: compilation failed with 1 warnings and errors in 468.023µs
[2026-08-25T14:42:03Z INFO  tinymist_preview] Preview("le66pg"): received notification: signal(false, true), when OnType
[2026-08-25T14:42:04Z INFO  tinymist_project::compiler] /home/rtinfew/Downloads/test.typ: compilation failed with 1 warnings and errors in 527.289µs
[2026-08-25T14:42:04Z INFO  tinymist_preview] Preview("le66pg"): received notification: signal(false, true), when OnType
[2026-08-25T14:42:04Z INFO  tinymist_project::compiler] /home/rtinfew/Downloads/test.typ: compilation failed with 1 warnings and errors in 671.155µs
[2026-08-25T14:42:04Z INFO  tinymist_preview] Preview("le66pg"): received notification: signal(false, true), when OnType
[2026-08-25T14:42:04Z INFO  tinymist_project::compiler] /home/rtinfew/Downloads/test.typ: compilation failed with 1 warnings and errors in 538.607µs
[2026-08-25T14:42:04Z INFO  tinymist_preview] Preview("le66pg"): received notification: signal(false, true), when OnType
[2026-08-25T14:42:04Z INFO  tinymist_project::compiler] /home/rtinfew/Downloads/test.typ: compilation failed with 1 warnings and errors in 530.737µs
[2026-08-25T14:42:04Z INFO  tinymist_preview] Preview("le66pg"): received notification: signal(false, true), when OnType
[2026-08-25T14:42:04Z INFO  tinymist_project::compiler] /home/rtinfew/Downloads/test.typ: compilation failed with 1 warnings and errors in 488.93µs
[2026-08-25T14:42:04Z INFO  tinymist_preview] Preview("le66pg"): received notification: signal(false, true), when OnType
[2026-08-25T14:42:04Z INFO  tinymist_project::compiler] /home/rtinfew/Downloads/test.typ: compilation failed with 1 warnings and errors in 382.39µs
[2026-08-25T14:42:04Z INFO  tinymist_preview] Preview("le66pg"): received notification: signal(false, true), when OnType
[2026-08-25T14:42:04Z INFO  tinymist_project::compiler] /home/rtinfew/Downloads/test.typ: compilation failed with 1 warnings and errors in 426.868µs
[2026-08-25T14:42:04Z INFO  tinymist_preview] Preview("le66pg"): received notification: signal(false, true), when OnType
[2026-08-25T14:42:04Z INFO  tinymist_project::compiler] /home/rtinfew/Downloads/test.typ: compilation failed with 1 warnings and errors in 441.591µs
[2026-08-25T14:42:04Z INFO  tinymist_preview] Preview("le66pg"): received notification: signal(false, true), when OnType
[2026-08-25T14:42:04Z INFO  tinymist_project::compiler] /home/rtinfew/Downloads/test.typ: compilation failed with 1 warnings and errors in 525.424µs
[2026-08-25T14:42:04Z INFO  tinymist_preview] Preview("le66pg"): received notification: signal(false, true), when OnType
[2026-08-25T14:42:04Z INFO  tinymist_project::compiler] /home/rtinfew/Downloads/test.typ: compilation failed with 1 warnings and errors in 568.325µs
[2026-08-25T14:42:04Z INFO  tinymist_preview] Preview("le66pg"): received notification: signal(false, true), when OnType
[2026-08-25T14:42:04Z INFO  tinymist_project::compiler] /home/rtinfew/Downloads/test.typ: compilation failed with 1 warnings and errors in 467.559µs
[2026-08-25T14:42:04Z INFO  tinymist_preview] Preview("le66pg"): received notification: signal(false, true), when OnType
[2026-08-25T14:42:04Z INFO  tinymist_project::compiler] /home/rtinfew/Downloads/test.typ: compilation failed with 1 warnings and errors in 585.191µs
[2026-08-25T14:42:04Z INFO  tinymist_preview] Preview("le66pg"): received notification: signal(false, true), when OnType
[2026-08-25T14:42:04Z INFO  tinymist_project::compiler] /home/rtinfew/Downloads/test.typ: compilation failed with 1 warnings and errors in 590.399µs
[2026-08-25T14:42:04Z INFO  tinymist_preview] Preview("le66pg"): received notification: signal(false, true), when OnType
[2026-08-25T14:42:04Z INFO  tinymist_project::compiler] /home/rtinfew/Downloads/test.typ: compilation failed with 1 warnings and errors in 534.612µs
[2026-08-25T14:42:04Z INFO  tinymist_preview] Preview("le66pg"): received notification: signal(false, true), when OnType
[2026-08-25T14:42:04Z INFO  tinymist_project::compiler] /home/rtinfew/Downloads/test.typ: compilation failed with 1 warnings and errors in 572.604µs
[2026-08-25T14:42:04Z INFO  tinymist_preview] Preview("le66pg"): received notification: signal(false, true), when OnType
[2026-08-25T14:42:04Z INFO  tinymist_project::compiler] /home/rtinfew/Downloads/test.typ: compilation failed with 1 warnings and errors in 891.554µs
[2026-08-25T14:42:04Z INFO  tinymist_preview] Preview("le66pg"): received notification: signal(false, true), when OnType
[2026-08-25T14:42:04Z INFO  tinymist_project::compiler] /home/rtinfew/Downloads/test.typ: compilation failed with 1 warnings and errors in 843.691µs
[2026-08-25T14:42:04Z INFO  tinymist_preview] Preview("le66pg"): received notification: signal(false, true), when OnType
[2026-08-25T14:42:04Z INFO  tinymist_project::compiler] /home/rtinfew/Downloads/test.typ: compilation failed with 1 warnings and errors in 613.114µs
[2026-08-25T14:42:04Z INFO  tinymist_preview] Preview("le66pg"): received notification: signal(false, true), when OnType
[2026-08-25T14:42:04Z INFO  tinymist_project::compiler] /home/rtinfew/Downloads/test.typ: compilation failed with 1 warnings and errors in 466.651µs
[2026-08-25T14:42:04Z INFO  tinymist_preview] Preview("le66pg"): received notification: signal(false, true), when OnType
[2026-08-25T14:42:05Z INFO  tinymist_project::compiler] /home/rtinfew/Downloads/test.typ: compilation failed with 1 warnings and errors in 502.721µs
[2026-08-25T14:42:05Z INFO  tinymist_preview] Preview("le66pg"): received notification: signal(false, true), when OnType
[2026-08-25T14:42:05Z INFO  tinymist_project::compiler] /home/rtinfew/Downloads/test.typ: compilation failed with 1 warnings and errors in 888.26µs
[2026-08-25T14:42:05Z INFO  tinymist_preview] Preview("le66pg"): received notification: signal(false, true), when OnType
[2026-08-25T14:42:05Z INFO  tinymist_project::compiler] /home/rtinfew/Downloads/test.typ: compilation failed with 1 warnings and errors in 561.509µs
[2026-08-25T14:42:05Z INFO  tinymist_preview] Preview("le66pg"): received notification: signal(false, true), when OnType
[2026-08-25T14:42:05Z INFO  tinymist_project::compiler] /home/rtinfew/Downloads/test.typ: compilation failed with 1 warnings and errors in 615.65µs
[2026-08-25T14:42:05Z INFO  tinymist_preview] Preview("le66pg"): received notification: signal(false, true), when OnType
[2026-08-25T14:42:05Z INFO  tinymist_project::compiler] /home/rtinfew/Downloads/test.typ: compilation failed with 1 warnings and errors in 596.008µs
[2026-08-25T14:42:05Z INFO  tinymist_preview] Preview("le66pg"): received notification: signal(false, true), when OnType
[2026-08-25T14:42:05Z INFO  tinymist_project::compiler] /home/rtinfew/Downloads/test.typ: compilation failed with 1 warnings and errors in 452.888µs
[2026-08-25T14:42:05Z INFO  tinymist_preview] Preview("le66pg"): received notification: signal(false, true), when OnType
[2026-08-25T14:42:05Z INFO  tinymist_project::compiler] /home/rtinfew/Downloads/test.typ: compilation failed with 1 warnings and errors in 429.436µs
[2026-08-25T14:42:05Z INFO  tinymist_preview] Preview("le66pg"): received notification: signal(false, true), when OnType
[2026-08-25T14:42:05Z INFO  tinymist_project::compiler] /home/rtinfew/Downloads/test.typ: compilation failed with 1 warnings and errors in 665.885µs
[2026-08-25T14:42:05Z INFO  tinymist_preview] Preview("le66pg"): received notification: signal(false, true), when OnType
[2026-08-25T14:42:05Z INFO  tinymist_project::compiler] /home/rtinfew/Downloads/test.typ: compilation failed with 1 warnings and errors in 495.067µs
[2026-08-25T14:42:05Z INFO  tinymist_preview] Preview("le66pg"): received notification: signal(false, true), when OnType
[2026-08-25T14:42:05Z INFO  tinymist_project::compiler] /home/rtinfew/Downloads/test.typ: compilation failed with 1 warnings and errors in 823.356µs
[2026-08-25T14:42:05Z INFO  tinymist_preview] Preview("le66pg"): received notification: signal(false, true), when OnType
[2026-08-25T14:42:05Z INFO  tinymist_project::compiler] /home/rtinfew/Downloads/test.typ: compilation failed with 1 warnings and errors in 539.548µs
[2026-08-25T14:42:05Z INFO  tinymist_preview] Preview("le66pg"): received notification: signal(false, true), when OnType
[2026-08-25T14:42:05Z INFO  tinymist_project::compiler] /home/rtinfew/Downloads/test.typ: compilation failed with 1 warnings and errors in 462.33µs
[2026-08-25T14:42:05Z INFO  tinymist_preview] Preview("le66pg"): received notification: signal(false, true), when OnType
[2026-08-25T14:42:05Z INFO  tinymist_project::compiler] /home/rtinfew/Downloads/test.typ: compilation failed with 1 warnings and errors in 438.269µs
[2026-08-25T14:42:05Z INFO  tinymist_preview] Preview("le66pg"): received notification: signal(false, true), when OnType
[2026-08-25T14:42:05Z INFO  tinymist_project::compiler] /home/rtinfew/Downloads/test.typ: compilation failed with 1 warnings and errors in 457.062µs
[2026-08-25T14:42:05Z INFO  tinymist_preview] Preview("le66pg"): received notification: signal(false, true), when OnType
[2026-08-25T14:42:05Z INFO  tinymist_project::compiler] /home/rtinfew/Downloads/test.typ: compilation failed with 1 warnings and errors in 547.167µs
[2026-08-25T14:42:05Z INFO  tinymist_preview] Preview("le66pg"): received notification: signal(false, true), when OnType
[2026-08-25T14:42:05Z INFO  tinymist_project::compiler] /home/rtinfew/Downloads/test.typ: compilation failed with 1 warnings and errors in 496.597µs
[2026-08-25T14:42:05Z INFO  tinymist_preview] Preview("le66pg"): received notification: signal(false, true), when OnType
[2026-08-25T14:42:05Z INFO  tinymist_project::compiler] /home/rtinfew/Downloads/test.typ: compilation failed with 1 warnings and errors in 531.249µs
[2026-08-25T14:42:05Z INFO  tinymist_preview] Preview("le66pg"): received notification: signal(false, true), when OnType
[2026-08-25T14:42:05Z INFO  tinymist_project::compiler] /home/rtinfew/Downloads/test.typ: compilation failed with 1 warnings and errors in 702.077µs
[2026-08-25T14:42:05Z INFO  tinymist_preview] Preview("le66pg"): received notification: signal(false, true), when OnType
[2026-08-25T14:42:05Z INFO  tinymist_project::compiler] /home/rtinfew/Downloads/test.typ: compilation failed with 1 warnings and errors in 508.762µs
[2026-08-25T14:42:05Z INFO  tinymist_preview] Preview("le66pg"): received notification: signal(false, true), when OnType
[2026-08-25T14:42:06Z INFO  tinymist_project::compiler] /home/rtinfew/Downloads/test.typ: compilation failed with 1 warnings and errors in 610.258µs
[2026-08-25T14:42:06Z INFO  tinymist_preview] Preview("le66pg"): received notification: signal(false, true), when OnType
[2026-08-25T14:42:06Z INFO  tinymist_project::compiler] /home/rtinfew/Downloads/test.typ: compilation failed with 1 warnings and errors in 522.815µs
[2026-08-25T14:42:06Z INFO  tinymist_preview] Preview("le66pg"): received notification: signal(false, true), when OnType
[2026-08-25T14:42:06Z INFO  tinymist_project::compiler] /home/rtinfew/Downloads/test.typ: compilation failed with 1 warnings and errors in 450.616µs
[2026-08-25T14:42:06Z INFO  tinymist_preview] Preview("le66pg"): received notification: signal(false, true), when OnType
[2026-08-25T14:42:06Z INFO  tinymist_project::compiler] /home/rtinfew/Downloads/test.typ: compilation failed with 1 warnings and errors in 499.16µs
[2026-08-25T14:42:06Z INFO  tinymist_preview] Preview("le66pg"): received notification: signal(false, true), when OnType
[2026-08-25T14:42:06Z INFO  tinymist_project::compiler] /home/rtinfew/Downloads/test.typ: compilation failed with 1 warnings and errors in 317.94µs
[2026-08-25T14:42:06Z INFO  tinymist_preview] Preview("le66pg"): received notification: signal(false, true), when OnType
[2026-08-25T14:42:06Z INFO  tinymist_project::compiler] /home/rtinfew/Downloads/test.typ: compilation failed with 1 warnings and errors in 506.834µs
[2026-08-25T14:42:06Z INFO  tinymist_preview] Preview("le66pg"): received notification: signal(false, true), when OnType
[2026-08-25T14:42:06Z INFO  tinymist_project::compiler] /home/rtinfew/Downloads/test.typ: compilation failed with 1 warnings and errors in 454.584µs
[2026-08-25T14:42:06Z INFO  tinymist_preview] Preview("le66pg"): received notification: signal(false, true), when OnType
[2026-08-25T14:42:06Z INFO  tinymist_project::compiler] /home/rtinfew/Downloads/test.typ: compilation failed with 1 warnings and errors in 467.489µs
[2026-08-25T14:42:06Z INFO  tinymist_preview] Preview("le66pg"): received notification: signal(false, true), when OnType
[2026-08-25T14:42:06Z INFO  tinymist_project::compiler] /home/rtinfew/Downloads/test.typ: compilation failed with 1 warnings and errors in 419.533µs
[2026-08-25T14:42:06Z INFO  tinymist_preview] Preview("le66pg"): received notification: signal(false, true), when OnType
[2026-08-25T14:42:06Z INFO  tinymist_project::compiler] /home/rtinfew/Downloads/test.typ: compilation failed with 1 warnings and errors in 685.092µs
[2026-08-25T14:42:06Z INFO  tinymist_preview] Preview("le66pg"): received notification: signal(false, true), when OnType
[2026-08-25T14:42:06Z INFO  tinymist_project::compiler] /home/rtinfew/Downloads/test.typ: compilation failed with 1 warnings and errors in 707.021µs
[2026-08-25T14:42:06Z INFO  tinymist_preview] Preview("le66pg"): received notification: signal(false, true), when OnType
[2026-08-25T14:42:06Z INFO  tinymist_project::compiler] /home/rtinfew/Downloads/test.typ: compilation failed with 1 warnings and errors in 629.041µs
[2026-08-25T14:42:06Z INFO  tinymist_preview] Preview("le66pg"): received notification: signal(false, true), when OnType
[2026-08-25T14:42:06Z INFO  tinymist_project::compiler] /home/rtinfew/Downloads/test.typ: compilation failed with 1 warnings and errors in 464.656µs
[2026-08-25T14:42:06Z INFO  tinymist_preview] Preview("le66pg"): received notification: signal(false, true), when OnType
[2026-08-25T14:42:06Z INFO  tinymist_project::compiler] /home/rtinfew/Downloads/test.typ: compilation failed with 1 warnings and errors in 454.67µs
[2026-08-25T14:42:06Z INFO  tinymist_preview] Preview("le66pg"): received notification: signal(false, true), when OnType
[2026-08-25T14:42:06Z INFO  tinymist_project::compiler] /home/rtinfew/Downloads/test.typ: compilation failed with 1 warnings and errors in 525.808µs
[2026-08-25T14:42:06Z INFO  tinymist_preview] Preview("le66pg"): received notification: signal(false, true), when OnType
[2026-08-25T14:42:06Z INFO  tinymist_project::compiler] /home/rtinfew/Downloads/test.typ: compilation failed with 1 warnings and errors in 541.815µs
[2026-08-25T14:42:06Z INFO  tinymist_preview] Preview("le66pg"): received notification: signal(false, true), when OnType
[2026-08-25T14:42:06Z INFO  tinymist_project::compiler] /home/rtinfew/Downloads/test.typ: compilation failed with 1 warnings and errors in 497.886µs
[2026-08-25T14:42:06Z INFO  tinymist_preview] Preview("le66pg"): received notification: signal(false, true), when OnType
[2026-08-25T14:42:06Z INFO  tinymist_project::compiler] /home/rtinfew/Downloads/test.typ: compilation failed with 1 warnings and errors in 730.389µs
[2026-08-25T14:42:06Z INFO  tinymist_preview] Preview("le66pg"): received notification: signal(false, true), when OnType
[2026-08-25T14:42:06Z INFO  tinymist_project::compiler] /home/rtinfew/Downloads/test.typ: compilation failed with 1 warnings and errors in 660.02µs
[2026-08-25T14:42:06Z INFO  tinymist_preview] Preview("le66pg"): received notification: signal(false, true), when OnType
[2026-08-25T14:42:07Z INFO  tinymist_project::compiler] /home/rtinfew/Downloads/test.typ: compilation failed with 1 warnings and errors in 676.805µs
[2026-08-25T14:42:07Z INFO  tinymist_preview] Preview("le66pg"): received notification: signal(false, true), when OnType
[2026-08-25T14:42:07Z INFO  tinymist_project::compiler] /home/rtinfew/Downloads/test.typ: compilation failed with 1 warnings and errors in 644.857µs
[2026-08-25T14:42:07Z INFO  tinymist_preview] Preview("le66pg"): received notification: signal(false, true), when OnType
[2026-08-25T14:42:07Z INFO  tinymist_project::compiler] /home/rtinfew/Downloads/test.typ: compilation failed with 1 warnings and errors in 644.966µs
[2026-08-25T14:42:07Z INFO  tinymist_preview] Preview("le66pg"): received notification: signal(false, true), when OnType
[2026-08-25T14:42:07Z INFO  tinymist_project::compiler] /home/rtinfew/Downloads/test.typ: compilation failed with 1 warnings and errors in 620.531µs
[2026-08-25T14:42:07Z INFO  tinymist_preview] Preview("le66pg"): received notification: signal(false, true), when OnType
[2026-08-25T14:42:07Z INFO  tinymist_project::compiler] /home/rtinfew/Downloads/test.typ: compilation failed with 1 warnings and errors in 525.604µs
[2026-08-25T14:42:07Z INFO  tinymist_preview] Preview("le66pg"): received notification: signal(false, true), when OnType
[2026-08-25T14:42:07Z INFO  tinymist_project::compiler] /home/rtinfew/Downloads/test.typ: compilation failed with 1 warnings and errors in 563.181µs
[2026-08-25T14:42:07Z INFO  tinymist_preview] Preview("le66pg"): received notification: signal(false, true), when OnType
[2026-08-25T14:42:07Z INFO  tinymist_project::compiler] /home/rtinfew/Downloads/test.typ: compilation failed with 1 warnings and errors in 499.375µs
[2026-08-25T14:42:07Z INFO  tinymist_preview] Preview("le66pg"): received notification: signal(false, true), when OnType
[2026-08-25T14:42:07Z INFO  tinymist_project::compiler] /home/rtinfew/Downloads/test.typ: compilation failed with 1 warnings and errors in 549.266µs
[2026-08-25T14:42:07Z INFO  tinymist_preview] Preview("le66pg"): received notification: signal(false, true), when OnType
[2026-08-25T14:42:07Z INFO  tinymist_project::compiler] /home/rtinfew/Downloads/test.typ: compilation failed with 1 warnings and errors in 477.267µs
[2026-08-25T14:42:07Z INFO  tinymist_preview] Preview("le66pg"): received notification: signal(false, true), when OnType
[2026-08-25T14:42:07Z INFO  tinymist_project::compiler] /home/rtinfew/Downloads/test.typ: compilation failed with 1 warnings and errors in 552.55µs
[2026-08-25T14:42:07Z INFO  tinymist_preview] Preview("le66pg"): received notification: signal(false, true), when OnType
[2026-08-25T14:42:07Z INFO  tinymist_project::compiler] /home/rtinfew/Downloads/test.typ: compilation failed with 1 warnings and errors in 477.911µs
[2026-08-25T14:42:07Z INFO  tinymist_preview] Preview("le66pg"): received notification: signal(false, true), when OnType
[2026-08-25T14:42:07Z INFO  tinymist_project::compiler] /home/rtinfew/Downloads/test.typ: compilation failed with 1 warnings and errors in 414.934µs
[2026-08-25T14:42:07Z INFO  tinymist_preview] Preview("le66pg"): received notification: signal(false, true), when OnType
[2026-08-25T14:42:07Z INFO  tinymist_project::compiler] /home/rtinfew/Downloads/test.typ: compilation failed with 1 warnings and errors in 631.23µs
[2026-08-25T14:42:07Z INFO  tinymist_preview] Preview("le66pg"): received notification: signal(false, true), when OnType
[2026-08-25T14:42:07Z INFO  tinymist_project::compiler] /home/rtinfew/Downloads/test.typ: compilation failed with 1 warnings and errors in 507.018µs
[2026-08-25T14:42:07Z INFO  tinymist_preview] Preview("le66pg"): received notification: signal(false, true), when OnType
[2026-08-25T14:42:07Z INFO  tinymist_project::compiler] /home/rtinfew/Downloads/test.typ: compilation failed with 1 warnings and errors in 526.565µs
[2026-08-25T14:42:07Z INFO  tinymist_preview] Preview("le66pg"): received notification: signal(false, true), when OnType
[2026-08-25T14:42:07Z INFO  tinymist_project::compiler] /home/rtinfew/Downloads/test.typ: compilation failed with 1 warnings and errors in 458.595µs
[2026-08-25T14:42:07Z INFO  tinymist_preview] Preview("le66pg"): received notification: signal(false, true), when OnType
[2026-08-25T14:42:07Z INFO  tinymist_project::compiler] /home/rtinfew/Downloads/test.typ: compilation failed with 1 warnings and errors in 451.671µs
[2026-08-25T14:42:07Z INFO  tinymist_preview] Preview("le66pg"): received notification: signal(false, true), when OnType
[2026-08-25T14:42:07Z INFO  tinymist_project::compiler] /home/rtinfew/Downloads/test.typ: compilation failed with 1 warnings and errors in 653.516µs
[2026-08-25T14:42:07Z INFO  tinymist_preview] Preview("le66pg"): received notification: signal(false, true), when OnType
[2026-08-25T14:42:07Z INFO  tinymist_project::compiler] /home/rtinfew/Downloads/test.typ: compilation failed with 1 warnings and errors in 573.397µs
[2026-08-25T14:42:07Z INFO  tinymist_preview] Preview("le66pg"): received notification: signal(false, true), when OnType
[2026-08-25T14:42:08Z INFO  tinymist_project::compiler] /home/rtinfew/Downloads/test.typ: compilation failed with 1 warnings and errors in 602.185µs
[2026-08-25T14:42:08Z INFO  tinymist_preview] Preview("le66pg"): received notification: signal(false, true), when OnType
[2026-08-25T14:42:08Z INFO  tinymist_project::compiler] /home/rtinfew/Downloads/test.typ: compilation failed with 1 warnings and errors in 508.862µs
[2026-08-25T14:42:08Z INFO  tinymist_preview] Preview("le66pg"): received notification: signal(false, true), when OnType
[2026-08-25T14:42:08Z INFO  tinymist_project::compiler] /home/rtinfew/Downloads/test.typ: compilation failed with 1 warnings and errors in 381.085µs
[2026-08-25T14:42:08Z INFO  tinymist_preview] Preview("le66pg"): received notification: signal(false, true), when OnType
[2026-08-25T14:42:08Z INFO  tinymist_project::compiler] /home/rtinfew/Downloads/test.typ: compilation failed with 1 warnings and errors in 442.958µs
[2026-08-25T14:42:08Z INFO  tinymist_preview] Preview("le66pg"): received notification: signal(false, true), when OnType
[2026-08-25T14:42:08Z INFO  tinymist_project::compiler] /home/rtinfew/Downloads/test.typ: compilation failed with 1 warnings and errors in 468.632µs
[2026-08-25T14:42:08Z INFO  tinymist_preview] Preview("le66pg"): received notification: signal(false, true), when OnType
[2026-08-25T14:42:08Z INFO  tinymist_project::compiler] /home/rtinfew/Downloads/test.typ: compilation failed with 1 warnings and errors in 759.167µs
[2026-08-25T14:42:08Z INFO  tinymist_preview] Preview("le66pg"): received notification: signal(false, true), when OnType
[2026-08-25T14:42:08Z INFO  tinymist_project::compiler] /home/rtinfew/Downloads/test.typ: compilation failed with 1 warnings and errors in 690.942µs
[2026-08-25T14:42:08Z INFO  tinymist_preview] Preview("le66pg"): received notification: signal(false, true), when OnType
[2026-08-25T14:42:08Z INFO  tinymist_project::compiler] /home/rtinfew/Downloads/test.typ: compilation failed with 1 warnings and errors in 475.001µs
[2026-08-25T14:42:08Z INFO  tinymist_preview] Preview("le66pg"): received notification: signal(false, true), when OnType
[2026-08-25T14:42:08Z INFO  tinymist_project::compiler] /home/rtinfew/Downloads/test.typ: compilation failed with 1 warnings and errors in 561.835µs
[2026-08-25T14:42:08Z INFO  tinymist_preview] Preview("le66pg"): received notification: signal(false, true), when OnType
[2026-08-25T14:42:08Z INFO  tinymist_project::compiler] /home/rtinfew/Downloads/test.typ: compilation failed with 1 warnings and errors in 772.288µs
[2026-08-25T14:42:08Z INFO  tinymist_preview] Preview("le66pg"): received notification: signal(false, true), when OnType
[2026-08-25T14:42:08Z INFO  tinymist_project::compiler] /home/rtinfew/Downloads/test.typ: compilation failed with 1 warnings and errors in 602.198µs
[2026-08-25T14:42:08Z INFO  tinymist_preview] Preview("le66pg"): received notification: signal(false, true), when OnType
[2026-08-25T14:42:08Z INFO  tinymist_project::compiler] /home/rtinfew/Downloads/test.typ: compilation failed with 1 warnings and errors in 1.200632ms
[2026-08-25T14:42:08Z INFO  tinymist_preview] Preview("le66pg"): received notification: signal(false, true), when OnType
[2026-08-25T14:42:08Z INFO  tinymist_project::compiler] /home/rtinfew/Downloads/test.typ: compilation failed with 1 warnings and errors in 555.312µs
[2026-08-25T14:42:08Z INFO  tinymist_preview] Preview("le66pg"): received notification: signal(false, true), when OnType
[2026-08-25T14:42:08Z INFO  tinymist_project::compiler] /home/rtinfew/Downloads/test.typ: compilation failed with 1 warnings and errors in 522.617µs
[2026-08-25T14:42:08Z INFO  tinymist_preview] Preview("le66pg"): received notification: signal(false, true), when OnType
[2026-08-25T14:42:08Z INFO  tinymist_project::compiler] /home/rtinfew/Downloads/test.typ: compilation failed with 1 warnings and errors in 603.135µs
[2026-08-25T14:42:08Z INFO  tinymist_preview] Preview("le66pg"): received notification: signal(false, true), when OnType
[2026-08-25T14:42:08Z INFO  tinymist_project::compiler] /home/rtinfew/Downloads/test.typ: compilation failed with 1 warnings and errors in 585.151µs
[2026-08-25T14:42:08Z INFO  tinymist_preview] Preview("le66pg"): received notification: signal(false, true), when OnType
[2026-08-25T14:42:08Z INFO  tinymist_project::compiler] /home/rtinfew/Downloads/test.typ: compilation failed with 1 warnings and errors in 517.078µs
[2026-08-25T14:42:08Z INFO  tinymist_preview] Preview("le66pg"): received notification: signal(false, true), when OnType
[2026-08-25T14:42:08Z INFO  tinymist_project::compiler] /home/rtinfew/Downloads/test.typ: compilation failed with 1 warnings and errors in 580.569µs
[2026-08-25T14:42:08Z INFO  tinymist_preview] Preview("le66pg"): received notification: signal(false, true), when OnType
[2026-08-25T14:42:08Z INFO  tinymist_project::compiler] /home/rtinfew/Downloads/test.typ: compilation failed with 1 warnings and errors in 659.456µs
[2026-08-25T14:42:08Z INFO  tinymist_preview] Preview("le66pg"): received notification: signal(false, true), when OnType
[2026-08-25T14:42:09Z INFO  tinymist_project::compiler] /home/rtinfew/Downloads/test.typ: compilation failed with 1 warnings and errors in 1.451529ms
[2026-08-25T14:42:09Z INFO  tinymist_preview] Preview("le66pg"): received notification: signal(false, true), when OnType
[2026-08-25T14:42:09Z INFO  tinymist_project::compiler] /home/rtinfew/Downloads/test.typ: compilation failed with 1 warnings and errors in 562.157µs
[2026-08-25T14:42:09Z INFO  tinymist_preview] Preview("le66pg"): received notification: signal(false, true), when OnType
[2026-08-25T14:42:09Z INFO  tinymist_project::compiler] /home/rtinfew/Downloads/test.typ: compilation failed with 1 warnings and errors in 402.493µs
[2026-08-25T14:42:09Z INFO  tinymist_preview] Preview("le66pg"): received notification: signal(false, true), when OnType
[2026-08-25T14:42:09Z INFO  tinymist_project::compiler] /home/rtinfew/Downloads/test.typ: compilation failed with 1 warnings and errors in 359.267µs
[2026-08-25T14:42:09Z INFO  tinymist_preview] Preview("le66pg"): received notification: signal(false, true), when OnType
[2026-08-25T14:42:09Z INFO  tinymist_project::compiler] /home/rtinfew/Downloads/test.typ: compilation failed with 1 warnings and errors in 424.888µs
[2026-08-25T14:42:09Z INFO  tinymist_preview] Preview("le66pg"): received notification: signal(false, true), when OnType
[2026-08-25T14:42:09Z INFO  tinymist_project::compiler] /home/rtinfew/Downloads/test.typ: compilation failed with 1 warnings and errors in 385.239µs
[2026-08-25T14:42:09Z INFO  tinymist_preview] Preview("le66pg"): received notification: signal(false, true), when OnType
[2026-08-25T14:42:09Z INFO  tinymist_project::compiler] /home/rtinfew/Downloads/test.typ: compilation failed with 1 warnings and errors in 372.699µs
[2026-08-25T14:42:09Z INFO  tinymist_preview] Preview("le66pg"): received notification: signal(false, true), when OnType
[2026-08-25T14:42:09Z INFO  tinymist_project::compiler] /home/rtinfew/Downloads/test.typ: compilation failed with 1 warnings and errors in 558.7µs
[2026-08-25T14:42:09Z INFO  tinymist_preview] Preview("le66pg"): received notification: signal(false, true), when OnType
[2026-08-25T14:42:09Z INFO  tinymist_project::compiler] /home/rtinfew/Downloads/test.typ: compilation failed with 1 warnings and errors in 1.038965ms
[2026-08-25T14:42:09Z INFO  tinymist_preview] Preview("le66pg"): received notification: signal(false, true), when OnType
[2026-08-25T14:42:09Z INFO  tinymist_project::compiler] /home/rtinfew/Downloads/test.typ: compilation failed with 1 warnings and errors in 471.96µs
[2026-08-25T14:42:09Z INFO  tinymist_preview] Preview("le66pg"): received notification: signal(false, true), when OnType
[2026-08-25T14:42:09Z INFO  tinymist_project::compiler] /home/rtinfew/Downloads/test.typ: compilation failed with 1 warnings and errors in 523.3µs
[2026-08-25T14:42:09Z INFO  tinymist_preview] Preview("le66pg"): received notification: signal(false, true), when OnType
[2026-08-25T14:42:09Z INFO  tinymist_project::compiler] /home/rtinfew/Downloads/test.typ: compilation failed with 1 warnings and errors in 601.178µs
[2026-08-25T14:42:09Z INFO  tinymist_preview] Preview("le66pg"): received notification: signal(false, true), when OnType
[2026-08-25T14:42:09Z INFO  tinymist_project::compiler] /home/rtinfew/Downloads/test.typ: compilation failed with 1 warnings and errors in 589.322µs
[2026-08-25T14:42:09Z INFO  tinymist_preview] Preview("le66pg"): received notification: signal(false, true), when OnType
[2026-08-25T14:42:09Z INFO  tinymist_project::compiler] /home/rtinfew/Downloads/test.typ: compilation failed with 1 warnings and errors in 683.884µs
[2026-08-25T14:42:09Z INFO  tinymist_preview] Preview("le66pg"): received notification: signal(false, true), when OnType
[2026-08-25T14:42:09Z INFO  tinymist_project::compiler] /home/rtinfew/Downloads/test.typ: compilation failed with 1 warnings and errors in 747.946µs
[2026-08-25T14:42:09Z INFO  tinymist_preview] Preview("le66pg"): received notification: signal(false, true), when OnType
[2026-08-25T14:42:09Z INFO  tinymist_project::compiler] /home/rtinfew/Downloads/test.typ: compilation failed with 1 warnings and errors in 449.918µs
[2026-08-25T14:42:09Z INFO  tinymist_preview] Preview("le66pg"): received notification: signal(false, true), when OnType
[2026-08-25T14:42:09Z INFO  tinymist_project::compiler] /home/rtinfew/Downloads/test.typ: compilation failed with 1 warnings and errors in 502.663µs
[2026-08-25T14:42:09Z INFO  tinymist_preview] Preview("le66pg"): received notification: signal(false, true), when OnType
[2026-08-25T14:42:09Z INFO  tinymist_project::compiler] /home/rtinfew/Downloads/test.typ: compilation failed with 1 warnings and errors in 546.132µs
[2026-08-25T14:42:09Z INFO  tinymist_preview] Preview("le66pg"): received notification: signal(false, true), when OnType
[2026-08-25T14:42:09Z INFO  tinymist_project::compiler] /home/rtinfew/Downloads/test.typ: compilation failed with 1 warnings and errors in 634.791µs
[2026-08-25T14:42:09Z INFO  tinymist_preview] Preview("le66pg"): received notification: signal(false, true), when OnType
[2026-08-25T14:42:10Z INFO  tinymist_project::compiler] /home/rtinfew/Downloads/test.typ: compilation failed with 1 warnings and errors in 1.052465ms
[2026-08-25T14:42:10Z INFO  tinymist_preview] Preview("le66pg"): received notification: signal(false, true), when OnType
[2026-08-25T14:42:10Z INFO  tinymist_project::compiler] /home/rtinfew/Downloads/test.typ: compilation failed with 1 warnings and errors in 613.847µs
[2026-08-25T14:42:10Z INFO  tinymist_preview] Preview("le66pg"): received notification: signal(false, true), when OnType
[2026-08-25T14:42:10Z INFO  tinymist_project::compiler] /home/rtinfew/Downloads/test.typ: compilation failed with 1 warnings and errors in 539.434µs
[2026-08-25T14:42:10Z INFO  tinymist_preview] Preview("le66pg"): received notification: signal(false, true), when OnType
[2026-08-25T14:42:10Z INFO  tinymist_project::compiler] /home/rtinfew/Downloads/test.typ: compilation failed with 1 warnings and errors in 471.748µs
[2026-08-25T14:42:10Z INFO  tinymist_preview] Preview("le66pg"): received notification: signal(false, true), when OnType
[2026-08-25T14:42:10Z INFO  tinymist_project::compiler] /home/rtinfew/Downloads/test.typ: compilation failed with 1 warnings and errors in 503.26µs
[2026-08-25T14:42:10Z INFO  tinymist_preview] Preview("le66pg"): received notification: signal(false, true), when OnType
[2026-08-25T14:42:10Z INFO  tinymist_project::compiler] /home/rtinfew/Downloads/test.typ: compilation failed with 1 warnings and errors in 554.498µs
[2026-08-25T14:42:10Z INFO  tinymist_preview] Preview("le66pg"): received notification: signal(false, true), when OnType
[2026-08-25T14:42:10Z INFO  tinymist_project::compiler] /home/rtinfew/Downloads/test.typ: compilation failed with 1 warnings and errors in 529.489µs
[2026-08-25T14:42:10Z INFO  tinymist_preview] Preview("le66pg"): received notification: signal(false, true), when OnType
[2026-08-25T14:42:10Z INFO  tinymist_project::compiler] /home/rtinfew/Downloads/test.typ: compilation failed with 1 warnings and errors in 854.199µs
[2026-08-25T14:42:10Z INFO  tinymist_preview] Preview("le66pg"): received notification: signal(false, true), when OnType
[2026-08-25T14:42:10Z INFO  tinymist_project::compiler] /home/rtinfew/Downloads/test.typ: compilation failed with 1 warnings and errors in 621.675µs
[2026-08-25T14:42:10Z INFO  tinymist_preview] Preview("le66pg"): received notification: signal(false, true), when OnType
[2026-08-25T14:42:10Z INFO  tinymist_project::compiler] /home/rtinfew/Downloads/test.typ: compilation failed with 1 warnings and errors in 484.312µs
[2026-08-25T14:42:10Z INFO  tinymist_preview] Preview("le66pg"): received notification: signal(false, true), when OnType
[2026-08-25T14:42:10Z INFO  tinymist_project::compiler] /home/rtinfew/Downloads/test.typ: compilation failed with 1 warnings and errors in 539.837µs
[2026-08-25T14:42:10Z INFO  tinymist_preview] Preview("le66pg"): received notification: signal(false, true), when OnType
[2026-08-25T14:42:10Z INFO  tinymist_project::compiler] /home/rtinfew/Downloads/test.typ: compilation failed with 1 warnings and errors in 531.56µs
[2026-08-25T14:42:10Z INFO  tinymist_preview] Preview("le66pg"): received notification: signal(false, true), when OnType
[2026-08-25T14:42:10Z INFO  tinymist_project::compiler] /home/rtinfew/Downloads/test.typ: compilation failed with 1 warnings and errors in 593.26µs
[2026-08-25T14:42:10Z INFO  tinymist_preview] Preview("le66pg"): received notification: signal(false, true), when OnType
[2026-08-25T14:42:10Z INFO  tinymist_project::compiler] /home/rtinfew/Downloads/test.typ: compilation failed with 1 warnings and errors in 732.233µs
[2026-08-25T14:42:10Z INFO  tinymist_preview] Preview("le66pg"): received notification: signal(false, true), when OnType
[2026-08-25T14:42:10Z INFO  tinymist_project::compiler] /home/rtinfew/Downloads/test.typ: compilation failed with 1 warnings and errors in 698.673µs
[2026-08-25T14:42:10Z INFO  tinymist_preview] Preview("le66pg"): received notification: signal(false, true), when OnType
[2026-08-25T14:42:10Z INFO  tinymist_project::compiler] /home/rtinfew/Downloads/test.typ: compilation failed with 1 warnings and errors in 747.811µs
[2026-08-25T14:42:10Z INFO  tinymist_preview] Preview("le66pg"): received notification: signal(false, true), when OnType
[2026-08-25T14:42:10Z INFO  tinymist_project::compiler] /home/rtinfew/Downloads/test.typ: compilation failed with 1 warnings and errors in 575.011µs
[2026-08-25T14:42:10Z INFO  tinymist_preview] Preview("le66pg"): received notification: signal(false, true), when OnType
[2026-08-25T14:42:10Z INFO  tinymist_project::compiler] /home/rtinfew/Downloads/test.typ: compilation failed with 1 warnings and errors in 527.637µs
[2026-08-25T14:42:10Z INFO  tinymist_preview] Preview("le66pg"): received notification: signal(false, true), when OnType
[2026-08-25T14:42:10Z INFO  tinymist_project::compiler] /home/rtinfew/Downloads/test.typ: compilation failed with 1 warnings and errors in 531.881µs
[2026-08-25T14:42:10Z INFO  tinymist_preview] Preview("le66pg"): received notification: signal(false, true), when OnType
[2026-08-25T14:42:11Z INFO  tinymist_project::compiler] /home/rtinfew/Downloads/test.typ: compilation failed with 1 warnings and errors in 508.652µs
[2026-08-25T14:42:11Z INFO  tinymist_preview] Preview("le66pg"): received notification: signal(false, true), when OnType
[2026-08-25T14:42:11Z INFO  tinymist_project::compiler] /home/rtinfew/Downloads/test.typ: compilation failed with 1 warnings and errors in 467.443µs
[2026-08-25T14:42:11Z INFO  tinymist_preview] Preview("le66pg"): received notification: signal(false, true), when OnType
[2026-08-25T14:42:11Z INFO  tinymist_project::compiler] /home/rtinfew/Downloads/test.typ: compilation failed with 1 warnings and errors in 489.618µs
[2026-08-25T14:42:11Z INFO  tinymist_preview] Preview("le66pg"): received notification: signal(false, true), when OnType
[2026-08-25T14:42:11Z INFO  tinymist_project::compiler] /home/rtinfew/Downloads/test.typ: compilation failed with 1 warnings and errors in 538.21µs
[2026-08-25T14:42:11Z INFO  tinymist_preview] Preview("le66pg"): received notification: signal(false, true), when OnType
[2026-08-25T14:42:11Z INFO  tinymist_project::compiler] /home/rtinfew/Downloads/test.typ: compilation failed with 1 warnings and errors in 524.299µs
[2026-08-25T14:42:11Z INFO  tinymist_preview] Preview("le66pg"): received notification: signal(false, true), when OnType
[2026-08-25T14:42:11Z INFO  tinymist_project::compiler] /home/rtinfew/Downloads/test.typ: compilation failed with 1 warnings and errors in 566.226µs
[2026-08-25T14:42:11Z INFO  tinymist_preview] Preview("le66pg"): received notification: signal(false, true), when OnType
[2026-08-25T14:42:11Z INFO  tinymist_project::compiler] /home/rtinfew/Downloads/test.typ: compilation failed with 1 warnings and errors in 525.48µs
[2026-08-25T14:42:11Z INFO  tinymist_preview] Preview("le66pg"): received notification: signal(false, true), when OnType
[2026-08-25T14:42:11Z INFO  tinymist_project::compiler] /home/rtinfew/Downloads/test.typ: compilation failed with 1 warnings and errors in 1.199358ms
[2026-08-25T14:42:11Z INFO  tinymist_preview] Preview("le66pg"): received notification: signal(false, true), when OnType
[2026-08-25T14:42:11Z INFO  tinymist_project::compiler] /home/rtinfew/Downloads/test.typ: compilation failed with 1 warnings and errors in 648.218µs
[2026-08-25T14:42:11Z INFO  tinymist_preview] Preview("le66pg"): received notification: signal(false, true), when OnType
[2026-08-25T14:42:11Z INFO  tinymist_project::compiler] /home/rtinfew/Downloads/test.typ: compilation failed with 1 warnings and errors in 552.069µs
[2026-08-25T14:42:11Z INFO  tinymist_preview] Preview("le66pg"): received notification: signal(false, true), when OnType
[2026-08-25T14:42:11Z INFO  tinymist_project::compiler] /home/rtinfew/Downloads/test.typ: compilation failed with 1 warnings and errors in 648.231µs
[2026-08-25T14:42:11Z INFO  tinymist_preview] Preview("le66pg"): received notification: signal(false, true), when OnType
[2026-08-25T14:42:11Z INFO  tinymist_project::compiler] /home/rtinfew/Downloads/test.typ: compilation failed with 1 warnings and errors in 302.217µs
[2026-08-25T14:42:11Z INFO  tinymist_preview] Preview("le66pg"): received notification: signal(false, true), when OnType
[2026-08-25T14:42:11Z INFO  tinymist_project::compiler] /home/rtinfew/Downloads/test.typ: compilation failed with 1 warnings and errors in 292.806µs
[2026-08-25T14:42:11Z INFO  tinymist_preview] Preview("le66pg"): received notification: signal(false, true), when OnType
[2026-08-25T14:42:11Z INFO  tinymist_project::compiler] /home/rtinfew/Downloads/test.typ: compilation failed with 1 warnings and errors in 721.341µs
[2026-08-25T14:42:11Z INFO  tinymist_preview] Preview("le66pg"): received notification: signal(false, true), when OnType
[2026-08-25T14:42:11Z INFO  tinymist_project::compiler] /home/rtinfew/Downloads/test.typ: compilation failed with 1 warnings and errors in 487.425µs
[2026-08-25T14:42:11Z INFO  tinymist_preview] Preview("le66pg"): received notification: signal(false, true), when OnType
[2026-08-25T14:42:11Z INFO  tinymist_project::compiler] /home/rtinfew/Downloads/test.typ: compilation failed with 1 warnings and errors in 885.521µs
[2026-08-25T14:42:11Z INFO  tinymist_preview] Preview("le66pg"): received notification: signal(false, true), when OnType
[2026-08-25T14:42:11Z INFO  tinymist_project::compiler] /home/rtinfew/Downloads/test.typ: compilation failed with 1 warnings and errors in 1.737132ms
[2026-08-25T14:42:11Z INFO  tinymist_preview] Preview("le66pg"): received notification: signal(false, true), when OnType
[2026-08-25T14:42:11Z INFO  tinymist_project::compiler] /home/rtinfew/Downloads/test.typ: compilation failed with 1 warnings and errors in 240.792µs
[2026-08-25T14:42:11Z INFO  tinymist_preview] Preview("le66pg"): received notification: signal(false, true), when OnType
[2026-08-25T14:42:11Z INFO  tinymist_project::compiler] /home/rtinfew/Downloads/test.typ: compilation failed with 1 warnings and errors in 259.312µs
[2026-08-25T14:42:11Z INFO  tinymist_preview] Preview("le66pg"): received notification: signal(false, true), when OnType
[2026-08-25T14:42:12Z INFO  tinymist_project::compiler] /home/rtinfew/Downloads/test.typ: compilation failed with 1 warnings and errors in 243.204µs
[2026-08-25T14:42:12Z INFO  tinymist_preview] Preview("le66pg"): received notification: signal(false, true), when OnType
[2026-08-25T14:42:12Z INFO  tinymist_project::compiler] /home/rtinfew/Downloads/test.typ: compilation failed with 1 warnings and errors in 237.89µs
[2026-08-25T14:42:12Z INFO  tinymist_preview] Preview("le66pg"): received notification: signal(false, true), when OnType
[2026-08-25T14:42:12Z INFO  tinymist_project::compiler] /home/rtinfew/Downloads/test.typ: compilation failed with 1 warnings and errors in 313.368µs
[2026-08-25T14:42:12Z INFO  tinymist_preview] Preview("le66pg"): received notification: signal(false, true), when OnType
[2026-08-25T14:42:12Z INFO  tinymist_project::compiler] /home/rtinfew/Downloads/test.typ: compilation failed with 1 warnings and errors in 254.795µs
[2026-08-25T14:42:12Z INFO  tinymist_preview] Preview("le66pg"): received notification: signal(false, true), when OnType
[2026-08-25T14:42:12Z INFO  tinymist_project::compiler] /home/rtinfew/Downloads/test.typ: compilation failed with 1 warnings and errors in 773.702µs
[2026-08-25T14:42:12Z INFO  tinymist_preview] Preview("le66pg"): received notification: signal(false, true), when OnType
[2026-08-25T14:42:12Z INFO  tinymist_project::compiler] /home/rtinfew/Downloads/test.typ: compilation failed with 1 warnings and errors in 287.066µs
[2026-08-25T14:42:12Z INFO  tinymist_preview] Preview("le66pg"): received notification: signal(false, true), when OnType
[2026-08-25T14:42:12Z INFO  tinymist_project::compiler] /home/rtinfew/Downloads/test.typ: compilation failed with 1 warnings and errors in 238.287µs
[2026-08-25T14:42:12Z INFO  tinymist_preview] Preview("le66pg"): received notification: signal(false, true), when OnType
[2026-08-25T14:42:12Z INFO  tinymist_project::compiler] /home/rtinfew/Downloads/test.typ: compilation failed with 1 warnings and errors in 276.843µs
[2026-08-25T14:42:12Z INFO  tinymist_preview] Preview("le66pg"): received notification: signal(false, true), when OnType
[2026-08-25T14:42:12Z INFO  tinymist_project::compiler] /home/rtinfew/Downloads/test.typ: compilation failed with 1 warnings and errors in 194.538µs
[2026-08-25T14:42:12Z INFO  tinymist_preview] Preview("le66pg"): received notification: signal(false, true), when OnType
[2026-08-25T14:42:12Z INFO  tinymist_project::compiler] /home/rtinfew/Downloads/test.typ: compilation failed with 1 warnings and errors in 177.171µs
[2026-08-25T14:42:12Z INFO  tinymist_preview] Preview("le66pg"): received notification: signal(false, true), when OnType
[2026-08-25T14:42:12Z INFO  tinymist_project::compiler] /home/rtinfew/Downloads/test.typ: compilation failed with 1 warnings and errors in 212.946µs
[2026-08-25T14:42:12Z INFO  tinymist_preview] Preview("le66pg"): received notification: signal(false, true), when OnType
[2026-08-25T14:42:12Z INFO  tinymist_project::compiler] /home/rtinfew/Downloads/test.typ: compilation failed with 1 warnings and errors in 223.471µs
[2026-08-25T14:42:12Z INFO  tinymist_preview] Preview("le66pg"): received notification: signal(false, true), when OnType
[2026-08-25T14:42:12Z INFO  tinymist_project::compiler] /home/rtinfew/Downloads/test.typ: compilation failed with 1 warnings and errors in 485.599µs
[2026-08-25T14:42:12Z INFO  tinymist_preview] Preview("le66pg"): received notification: signal(false, true), when OnType
[2026-08-25T14:42:12Z INFO  tinymist_project::compiler] /home/rtinfew/Downloads/test.typ: compilation failed with 1 warnings and errors in 393.076µs
[2026-08-25T14:42:12Z INFO  tinymist_preview] Preview("le66pg"): received notification: signal(false, true), when OnType
[2026-08-25T14:42:12Z INFO  tinymist_project::compiler] /home/rtinfew/Downloads/test.typ: compilation failed with 1 warnings and errors in 484.152µs
[2026-08-25T14:42:12Z INFO  tinymist_preview] Preview("le66pg"): received notification: signal(false, true), when OnType
[2026-08-25T14:42:12Z INFO  tinymist_project::compiler] /home/rtinfew/Downloads/test.typ: compilation failed with 1 warnings and errors in 288.394µs
[2026-08-25T14:42:12Z INFO  tinymist_preview] Preview("le66pg"): received notification: signal(false, true), when OnType
[2026-08-25T14:42:12Z INFO  tinymist_project::compiler] /home/rtinfew/Downloads/test.typ: compilation failed with 1 warnings and errors in 993.516µs
[2026-08-25T14:42:12Z INFO  tinymist_preview] Preview("le66pg"): received notification: signal(false, true), when OnType
[2026-08-25T14:42:12Z INFO  tinymist_project::compiler] /home/rtinfew/Downloads/test.typ: compilation failed with 1 warnings and errors in 468.349µs
[2026-08-25T14:42:12Z INFO  tinymist_preview] Preview("le66pg"): received notification: signal(false, true), when OnType
[2026-08-25T14:42:12Z INFO  tinymist_project::compiler] /home/rtinfew/Downloads/test.typ: compilation failed with 1 warnings and errors in 832.105µs
[2026-08-25T14:42:12Z INFO  tinymist_preview] Preview("le66pg"): received notification: signal(false, true), when OnType
[2026-08-25T14:42:13Z INFO  tinymist_project::compiler] /home/rtinfew/Downloads/test.typ: compilation failed with 1 warnings and errors in 234.839µs
[2026-08-25T14:42:13Z INFO  tinymist_preview] Preview("le66pg"): received notification: signal(false, true), when OnType
[2026-08-25T14:42:13Z INFO  tinymist_project::compiler] /home/rtinfew/Downloads/test.typ: compilation failed with 1 warnings and errors in 210.507µs
[2026-08-25T14:42:13Z INFO  tinymist_preview] Preview("le66pg"): received notification: signal(false, true), when OnType
[2026-08-25T14:42:13Z INFO  tinymist_project::compiler] /home/rtinfew/Downloads/test.typ: compilation failed with 1 warnings and errors in 227.448µs
[2026-08-25T14:42:13Z INFO  tinymist_preview] Preview("le66pg"): received notification: signal(false, true), when OnType
[2026-08-25T14:42:13Z INFO  tinymist_project::compiler] /home/rtinfew/Downloads/test.typ: compilation failed with 1 warnings and errors in 442.55µs
[2026-08-25T14:42:13Z INFO  tinymist_preview] Preview("le66pg"): received notification: signal(false, true), when OnType
[2026-08-25T14:42:13Z INFO  tinymist_project::compiler] /home/rtinfew/Downloads/test.typ: compilation failed with 1 warnings and errors in 501.004µs
[2026-08-25T14:42:13Z INFO  tinymist_preview] Preview("le66pg"): received notification: signal(false, true), when OnType
[2026-08-25T14:42:13Z INFO  tinymist_project::compiler] /home/rtinfew/Downloads/test.typ: compilation failed with 1 warnings and errors in 594.962µs
[2026-08-25T14:42:13Z INFO  tinymist_preview] Preview("le66pg"): received notification: signal(false, true), when OnType
[2026-08-25T14:42:13Z INFO  tinymist_project::compiler] /home/rtinfew/Downloads/test.typ: compilation failed with 1 warnings and errors in 478.126µs
[2026-08-25T14:42:13Z INFO  tinymist_preview] Preview("le66pg"): received notification: signal(false, true), when OnType
[2026-08-25T14:42:13Z INFO  tinymist_project::compiler] /home/rtinfew/Downloads/test.typ: compilation failed with 1 warnings and errors in 425.589µs
[2026-08-25T14:42:13Z INFO  tinymist_preview] Preview("le66pg"): received notification: signal(false, true), when OnType
[2026-08-25T14:42:13Z INFO  tinymist_project::compiler] /home/rtinfew/Downloads/test.typ: compilation failed with 1 warnings and errors in 363.817µs
[2026-08-25T14:42:13Z INFO  tinymist_preview] Preview("le66pg"): received notification: signal(false, true), when OnType
[2026-08-25T14:42:13Z INFO  tinymist_project::compiler] /home/rtinfew/Downloads/test.typ: compilation failed with 1 warnings and errors in 335.445µs
[2026-08-25T14:42:13Z INFO  tinymist_preview] Preview("le66pg"): received notification: signal(false, true), when OnType
[2026-08-25T14:42:13Z INFO  tinymist_project::compiler] /home/rtinfew/Downloads/test.typ: compilation failed with 1 warnings and errors in 331.693µs
[2026-08-25T14:42:13Z INFO  tinymist_preview] Preview("le66pg"): received notification: signal(false, true), when OnType
[2026-08-25T14:42:13Z INFO  tinymist_project::compiler] /home/rtinfew/Downloads/test.typ: compilation failed with 1 warnings and errors in 381.975µs
[2026-08-25T14:42:13Z INFO  tinymist_preview] Preview("le66pg"): received notification: signal(false, true), when OnType
[2026-08-25T14:42:13Z INFO  tinymist_project::compiler] /home/rtinfew/Downloads/test.typ: compilation failed with 1 warnings and errors in 579.115µs
[2026-08-25T14:42:13Z INFO  tinymist_preview] Preview("le66pg"): received notification: signal(false, true), when OnType
[2026-08-25T14:42:13Z INFO  tinymist_project::compiler] /home/rtinfew/Downloads/test.typ: compilation failed with 1 warnings and errors in 554.945µs
[2026-08-25T14:42:13Z INFO  tinymist_preview] Preview("le66pg"): received notification: signal(false, true), when OnType
[2026-08-25T14:42:13Z INFO  tinymist_project::compiler] /home/rtinfew/Downloads/test.typ: compilation failed with 1 warnings and errors in 611.684µs
[2026-08-25T14:42:13Z INFO  tinymist_preview] Preview("le66pg"): received notification: signal(false, true), when OnType
[2026-08-25T14:42:13Z INFO  tinymist_project::compiler] /home/rtinfew/Downloads/test.typ: compilation failed with 1 warnings and errors in 628µs
[2026-08-25T14:42:13Z INFO  tinymist_preview] Preview("le66pg"): received notification: signal(false, true), when OnType
[2026-08-25T14:42:13Z INFO  tinymist_project::compiler] /home/rtinfew/Downloads/test.typ: compilation failed with 1 warnings and errors in 439.355µs
[2026-08-25T14:42:13Z INFO  tinymist_preview] Preview("le66pg"): received notification: signal(false, true), when OnType
[2026-08-25T14:42:13Z INFO  tinymist_project::compiler] /home/rtinfew/Downloads/test.typ: compilation failed with 1 warnings and errors in 467.532µs
[2026-08-25T14:42:13Z INFO  tinymist_preview] Preview("le66pg"): received notification: signal(false, true), when OnType
[2026-08-25T14:42:13Z INFO  tinymist_project::compiler] /home/rtinfew/Downloads/test.typ: compilation failed with 1 warnings and errors in 425.785µs
[2026-08-25T14:42:13Z INFO  tinymist_preview] Preview("le66pg"): received notification: signal(false, true), when OnType
[2026-08-25T14:42:14Z INFO  tinymist_project::compiler] /home/rtinfew/Downloads/test.typ: compilation failed with 1 warnings and errors in 427.825µs
[2026-08-25T14:42:14Z INFO  tinymist_preview] Preview("le66pg"): received notification: signal(false, true), when OnType
[2026-08-25T14:42:14Z INFO  tinymist_project::compiler] /home/rtinfew/Downloads/test.typ: compilation failed with 1 warnings and errors in 670.55µs
[2026-08-25T14:42:14Z INFO  tinymist_preview] Preview("le66pg"): received notification: signal(false, true), when OnType
[2026-08-25T14:42:14Z INFO  tinymist_project::compiler] /home/rtinfew/Downloads/test.typ: compilation failed with 1 warnings and errors in 711.565µs
[2026-08-25T14:42:14Z INFO  tinymist_preview] Preview("le66pg"): received notification: signal(false, true), when OnType
[2026-08-25T14:42:14Z INFO  tinymist_project::compiler] /home/rtinfew/Downloads/test.typ: compilation failed with 1 warnings and errors in 545.828µs
[2026-08-25T14:42:14Z INFO  tinymist_preview] Preview("le66pg"): received notification: signal(false, true), when OnType
[2026-08-25T14:42:14Z INFO  tinymist_project::compiler] /home/rtinfew/Downloads/test.typ: compilation failed with 1 warnings and errors in 488.238µs
[2026-08-25T14:42:14Z INFO  tinymist_preview] Preview("le66pg"): received notification: signal(false, true), when OnType
[2026-08-25T14:42:14Z INFO  tinymist_project::compiler] /home/rtinfew/Downloads/test.typ: compilation failed with 1 warnings and errors in 393.09µs
[2026-08-25T14:42:14Z INFO  tinymist_preview] Preview("le66pg"): received notification: signal(false, true), when OnType
[2026-08-25T14:42:14Z INFO  tinymist_project::compiler] /home/rtinfew/Downloads/test.typ: compilation failed with 1 warnings and errors in 551.312µs
[2026-08-25T14:42:14Z INFO  tinymist_preview] Preview("le66pg"): received notification: signal(false, true), when OnType
[2026-08-25T14:42:14Z INFO  tinymist_project::compiler] /home/rtinfew/Downloads/test.typ: compilation failed with 1 warnings and errors in 570.722µs
[2026-08-25T14:42:14Z INFO  tinymist_preview] Preview("le66pg"): received notification: signal(false, true), when OnType
[2026-08-25T14:42:14Z INFO  tinymist_project::compiler] /home/rtinfew/Downloads/test.typ: compilation failed with 1 warnings and errors in 744.182µs
[2026-08-25T14:42:14Z INFO  tinymist_preview] Preview("le66pg"): received notification: signal(false, true), when OnType
[2026-08-25T14:42:14Z INFO  tinymist_project::compiler] /home/rtinfew/Downloads/test.typ: compilation failed with 1 warnings and errors in 699.962µs
[2026-08-25T14:42:14Z INFO  tinymist_preview] Preview("le66pg"): received notification: signal(false, true), when OnType
[2026-08-25T14:42:14Z INFO  tinymist_project::compiler] /home/rtinfew/Downloads/test.typ: compilation failed with 1 warnings and errors in 552.701µs
[2026-08-25T14:42:14Z INFO  tinymist_preview] Preview("le66pg"): received notification: signal(false, true), when OnType
[2026-08-25T14:42:14Z INFO  tinymist_project::compiler] /home/rtinfew/Downloads/test.typ: compilation failed with 1 warnings and errors in 491.223µs
[2026-08-25T14:42:14Z INFO  tinymist_preview] Preview("le66pg"): received notification: signal(false, true), when OnType
[2026-08-25T14:42:14Z INFO  tinymist_project::compiler] /home/rtinfew/Downloads/test.typ: compilation failed with 1 warnings and errors in 282.831µs
[2026-08-25T14:42:14Z INFO  tinymist_preview] Preview("le66pg"): received notification: signal(false, true), when OnType
[2026-08-25T14:42:14Z INFO  tinymist_project::compiler] /home/rtinfew/Downloads/test.typ: compilation failed with 1 warnings and errors in 211.059µs
[2026-08-25T14:42:14Z INFO  tinymist_preview] Preview("le66pg"): received notification: signal(false, true), when OnType
[2026-08-25T14:42:14Z INFO  tinymist_project::compiler] /home/rtinfew/Downloads/test.typ: compilation failed with 1 warnings and errors in 222.096µs
[2026-08-25T14:42:14Z INFO  tinymist_preview] Preview("le66pg"): received notification: signal(false, true), when OnType
[2026-08-25T14:42:14Z INFO  tinymist_project::compiler] /home/rtinfew/Downloads/test.typ: compilation failed with 1 warnings and errors in 481.441µs
[2026-08-25T14:42:14Z INFO  tinymist_preview] Preview("le66pg"): received notification: signal(false, true), when OnType
[2026-08-25T14:42:14Z INFO  tinymist_project::compiler] /home/rtinfew/Downloads/test.typ: compilation failed with 1 warnings and errors in 612.733µs
[2026-08-25T14:42:14Z INFO  tinymist_preview] Preview("le66pg"): received notification: signal(false, true), when OnType
[2026-08-25T14:42:14Z INFO  tinymist_project::compiler] /home/rtinfew/Downloads/test.typ: compilation failed with 1 warnings and errors in 274.139µs
[2026-08-25T14:42:14Z INFO  tinymist_preview] Preview("le66pg"): received notification: signal(false, true), when OnType
[2026-08-25T14:42:14Z INFO  tinymist_project::compiler] /home/rtinfew/Downloads/test.typ: compilation failed with 1 warnings and errors in 274.115µs
[2026-08-25T14:42:14Z INFO  tinymist_preview] Preview("le66pg"): received notification: signal(false, true), when OnType
[2026-08-25T14:42:15Z INFO  tinymist_project::compiler] /home/rtinfew/Downloads/test.typ: compilation failed with 1 warnings and errors in 241.116µs
[2026-08-25T14:42:15Z INFO  tinymist_preview] Preview("le66pg"): received notification: signal(false, true), when OnType
[2026-08-25T14:42:15Z INFO  tinymist_project::compiler] /home/rtinfew/Downloads/test.typ: compilation failed with 1 warnings and errors in 351.566µs
[2026-08-25T14:42:15Z INFO  tinymist_preview] Preview("le66pg"): received notification: signal(false, true), when OnType
[2026-08-25T14:42:15Z INFO  tinymist_project::compiler] /home/rtinfew/Downloads/test.typ: compilation failed with 1 warnings and errors in 295.562µs
[2026-08-25T14:42:15Z INFO  tinymist_preview] Preview("le66pg"): received notification: signal(false, true), when OnType
[2026-08-25T14:42:15Z INFO  tinymist_project::compiler] /home/rtinfew/Downloads/test.typ: compilation failed with 1 warnings and errors in 430.982µs
[2026-08-25T14:42:15Z INFO  tinymist_preview] Preview("le66pg"): received notification: signal(false, true), when OnType
[2026-08-25T14:42:15Z INFO  tinymist_project::compiler] /home/rtinfew/Downloads/test.typ: compilation failed with 1 warnings and errors in 740.228µs
[2026-08-25T14:42:15Z INFO  tinymist_preview] Preview("le66pg"): received notification: signal(false, true), when OnType
[2026-08-25T14:42:15Z INFO  tinymist_project::compiler] /home/rtinfew/Downloads/test.typ: compilation failed with 1 warnings and errors in 642.675µs
[2026-08-25T14:42:15Z INFO  tinymist_preview] Preview("le66pg"): received notification: signal(false, true), when OnType
[2026-08-25T14:42:15Z INFO  tinymist_project::compiler] /home/rtinfew/Downloads/test.typ: compilation failed with 1 warnings and errors in 640.55µs
[2026-08-25T14:42:15Z INFO  tinymist_preview] Preview("le66pg"): received notification: signal(false, true), when OnType
[2026-08-25T14:42:15Z INFO  tinymist_project::compiler] /home/rtinfew/Downloads/test.typ: compilation failed with 1 warnings and errors in 501.28µs
[2026-08-25T14:42:15Z INFO  tinymist_preview] Preview("le66pg"): received notification: signal(false, true), when OnType
[2026-08-25T14:42:15Z INFO  tinymist_project::compiler] /home/rtinfew/Downloads/test.typ: compilation failed with 1 warnings and errors in 463.876µs
[2026-08-25T14:42:15Z INFO  tinymist_preview] Preview("le66pg"): received notification: signal(false, true), when OnType
[2026-08-25T14:42:15Z INFO  tinymist_project::compiler] /home/rtinfew/Downloads/test.typ: compilation failed with 1 warnings and errors in 631.567µs
[2026-08-25T14:42:15Z INFO  tinymist_preview] Preview("le66pg"): received notification: signal(false, true), when OnType
[2026-08-25T14:42:15Z INFO  tinymist_project::compiler] /home/rtinfew/Downloads/test.typ: compilation failed with 1 warnings and errors in 632.282µs
[2026-08-25T14:42:15Z INFO  tinymist_preview] Preview("le66pg"): received notification: signal(false, true), when OnType
[2026-08-25T14:42:15Z INFO  tinymist_project::compiler] /home/rtinfew/Downloads/test.typ: compilation failed with 1 warnings and errors in 778.547µs
[2026-08-25T14:42:15Z INFO  tinymist_preview] Preview("le66pg"): received notification: signal(false, true), when OnType
[2026-08-25T14:42:15Z INFO  tinymist_project::compiler] /home/rtinfew/Downloads/test.typ: compilation failed with 1 warnings and errors in 463.902µs
[2026-08-25T14:42:15Z INFO  tinymist_preview] Preview("le66pg"): received notification: signal(false, true), when OnType
[2026-08-25T14:42:15Z INFO  tinymist_project::compiler] /home/rtinfew/Downloads/test.typ: compilation failed with 1 warnings and errors in 447.112µs
[2026-08-25T14:42:15Z INFO  tinymist_preview] Preview("le66pg"): received notification: signal(false, true), when OnType
[2026-08-25T14:42:15Z INFO  tinymist_project::compiler] /home/rtinfew/Downloads/test.typ: compilation failed with 1 warnings and errors in 505.875µs
[2026-08-25T14:42:15Z INFO  tinymist_preview] Preview("le66pg"): received notification: signal(false, true), when OnType
[2026-08-25T14:42:15Z INFO  tinymist_project::compiler] /home/rtinfew/Downloads/test.typ: compilation failed with 1 warnings and errors in 468.806µs
[2026-08-25T14:42:15Z INFO  tinymist_preview] Preview("le66pg"): received notification: signal(false, true), when OnType
[2026-08-25T14:42:15Z INFO  tinymist_project::compiler] /home/rtinfew/Downloads/test.typ: compilation failed with 1 warnings and errors in 405.415µs
[2026-08-25T14:42:15Z INFO  tinymist_preview] Preview("le66pg"): received notification: signal(false, true), when OnType
[2026-08-25T14:42:15Z INFO  tinymist_project::compiler] /home/rtinfew/Downloads/test.typ: compilation failed with 1 warnings and errors in 394.876µs
[2026-08-25T14:42:15Z INFO  tinymist_preview] Preview("le66pg"): received notification: signal(false, true), when OnType
[2026-08-25T14:42:15Z INFO  tinymist_project::compiler] /home/rtinfew/Downloads/test.typ: compilation failed with 1 warnings and errors in 513.038µs
[2026-08-25T14:42:15Z INFO  tinymist_preview] Preview("le66pg"): received notification: signal(false, true), when OnType
[2026-08-25T14:42:15Z INFO  tinymist_project::compiler] /home/rtinfew/Downloads/test.typ: compilation failed with 1 warnings and errors in 704.804µs
[2026-08-25T14:42:15Z INFO  tinymist_preview] Preview("le66pg"): received notification: signal(false, true), when OnType
[2026-08-25T14:42:16Z INFO  tinymist_project::compiler] /home/rtinfew/Downloads/test.typ: compilation failed with 1 warnings and errors in 467.162µs
[2026-08-25T14:42:16Z INFO  tinymist_preview] Preview("le66pg"): received notification: signal(false, true), when OnType
[2026-08-25T14:42:16Z INFO  tinymist_project::compiler] /home/rtinfew/Downloads/test.typ: compilation failed with 1 warnings and errors in 463.437µs
[2026-08-25T14:42:16Z INFO  tinymist_preview] Preview("le66pg"): received notification: signal(false, true), when OnType
[2026-08-25T14:42:16Z INFO  tinymist_project::compiler] /home/rtinfew/Downloads/test.typ: compilation failed with 1 warnings and errors in 461.795µs
[2026-08-25T14:42:16Z INFO  tinymist_preview] Preview("le66pg"): received notification: signal(false, true), when OnType
[2026-08-25T14:42:16Z INFO  tinymist_project::compiler] /home/rtinfew/Downloads/test.typ: compilation failed with 1 warnings and errors in 474.136µs
[2026-08-25T14:42:16Z INFO  tinymist_preview] Preview("le66pg"): received notification: signal(false, true), when OnType
[2026-08-25T14:42:16Z INFO  tinymist_project::compiler] /home/rtinfew/Downloads/test.typ: compilation failed with 1 warnings and errors in 1.048401ms
[2026-08-25T14:42:16Z INFO  tinymist_preview] Preview("le66pg"): received notification: signal(false, true), when OnType
[2026-08-25T14:42:16Z INFO  tinymist_project::compiler] /home/rtinfew/Downloads/test.typ: compilation failed with 1 warnings and errors in 559.84µs
[2026-08-25T14:42:16Z INFO  tinymist_preview] Preview("le66pg"): received notification: signal(false, true), when OnType
[2026-08-25T14:42:16Z INFO  tinymist_project::compiler] /home/rtinfew/Downloads/test.typ: compilation failed with 1 warnings and errors in 611.78µs
[2026-08-25T14:42:16Z INFO  tinymist_preview] Preview("le66pg"): received notification: signal(false, true), when OnType
[2026-08-25T14:42:16Z INFO  tinymist_project::compiler] /home/rtinfew/Downloads/test.typ: compilation failed with 1 warnings and errors in 228.14µs
[2026-08-25T14:42:16Z INFO  tinymist_preview] Preview("le66pg"): received notification: signal(false, true), when OnType
[2026-08-25T14:42:16Z INFO  tinymist_project::compiler] /home/rtinfew/Downloads/test.typ: compilation failed with 1 warnings and errors in 189.04µs
[2026-08-25T14:42:16Z INFO  tinymist_preview] Preview("le66pg"): received notification: signal(false, true), when OnType
[2026-08-25T14:42:16Z INFO  tinymist_project::compiler] /home/rtinfew/Downloads/test.typ: compilation failed with 1 warnings and errors in 177.273µs
[2026-08-25T14:42:16Z INFO  tinymist_preview] Preview("le66pg"): received notification: signal(false, true), when OnType
[2026-08-25T14:42:16Z INFO  tinymist_project::compiler] /home/rtinfew/Downloads/test.typ: compilation failed with 1 warnings and errors in 195.125µs
[2026-08-25T14:42:16Z INFO  tinymist_preview] Preview("le66pg"): received notification: signal(false, true), when OnType
[2026-08-25T14:42:16Z INFO  tinymist_project::compiler] /home/rtinfew/Downloads/test.typ: compilation failed with 1 warnings and errors in 449.994µs
[2026-08-25T14:42:16Z INFO  tinymist_preview] Preview("le66pg"): received notification: signal(false, true), when OnType
[2026-08-25T14:42:16Z INFO  tinymist_project::compiler] /home/rtinfew/Downloads/test.typ: compilation failed with 1 warnings and errors in 436µs
[2026-08-25T14:42:16Z INFO  tinymist_preview] Preview("le66pg"): received notification: signal(false, true), when OnType
[2026-08-25T14:42:16Z INFO  tinymist_project::compiler] /home/rtinfew/Downloads/test.typ: compilation failed with 1 warnings and errors in 338.364µs
[2026-08-25T14:42:16Z INFO  tinymist_preview] Preview("le66pg"): received notification: signal(false, true), when OnType
[2026-08-25T14:42:16Z INFO  tinymist_project::compiler] /home/rtinfew/Downloads/test.typ: compilation failed with 1 warnings and errors in 481.867µs
[2026-08-25T14:42:16Z INFO  tinymist_preview] Preview("le66pg"): received notification: signal(false, true), when OnType
[2026-08-25T14:42:16Z INFO  tinymist_project::compiler] /home/rtinfew/Downloads/test.typ: compilation failed with 1 warnings and errors in 210.516µs
[2026-08-25T14:42:16Z INFO  tinymist_preview] Preview("le66pg"): received notification: signal(false, true), when OnType
[2026-08-25T14:42:16Z INFO  tinymist_project::compiler] /home/rtinfew/Downloads/test.typ: compilation failed with 1 warnings and errors in 236.15µs
[2026-08-25T14:42:16Z INFO  tinymist_preview] Preview("le66pg"): received notification: signal(false, true), when OnType
[2026-08-25T14:42:16Z INFO  tinymist_project::compiler] /home/rtinfew/Downloads/test.typ: compilation failed with 1 warnings and errors in 179.035µs
[2026-08-25T14:42:16Z INFO  tinymist_preview] Preview("le66pg"): received notification: signal(false, true), when OnType
[2026-08-25T14:42:16Z INFO  tinymist_project::compiler] /home/rtinfew/Downloads/test.typ: compilation failed with 1 warnings and errors in 282.63µs
[2026-08-25T14:42:16Z INFO  tinymist_preview] Preview("le66pg"): received notification: signal(false, true), when OnType
[2026-08-25T14:42:17Z INFO  tinymist_project::compiler] /home/rtinfew/Downloads/test.typ: compilation failed with 1 warnings and errors in 238.394µs
[2026-08-25T14:42:17Z INFO  tinymist_preview] Preview("le66pg"): received notification: signal(false, true), when OnType
[2026-08-25T14:42:17Z INFO  tinymist_project::compiler] /home/rtinfew/Downloads/test.typ: compilation failed with 1 warnings and errors in 268.788µs
[2026-08-25T14:42:17Z INFO  tinymist_preview] Preview("le66pg"): received notification: signal(false, true), when OnType
[2026-08-25T14:42:17Z INFO  tinymist_project::compiler] /home/rtinfew/Downloads/test.typ: compilation failed with 1 warnings and errors in 459.705µs
[2026-08-25T14:42:17Z INFO  tinymist_preview] Preview("le66pg"): received notification: signal(false, true), when OnType
[2026-08-25T14:42:17Z INFO  tinymist_project::compiler] /home/rtinfew/Downloads/test.typ: compilation failed with 1 warnings and errors in 562.317µs
[2026-08-25T14:42:17Z INFO  tinymist_preview] Preview("le66pg"): received notification: signal(false, true), when OnType
[2026-08-25T14:42:17Z INFO  tinymist_project::compiler] /home/rtinfew/Downloads/test.typ: compilation failed with 1 warnings and errors in 537.458µs
[2026-08-25T14:42:17Z INFO  tinymist_preview] Preview("le66pg"): received notification: signal(false, true), when OnType
[2026-08-25T14:42:17Z INFO  tinymist_project::compiler] /home/rtinfew/Downloads/test.typ: compilation failed with 1 warnings and errors in 579.447µs
[2026-08-25T14:42:17Z INFO  tinymist_preview] Preview("le66pg"): received notification: signal(false, true), when OnType
[2026-08-25T14:42:17Z INFO  tinymist_project::compiler] /home/rtinfew/Downloads/test.typ: compilation failed with 1 warnings and errors in 518.983µs
[2026-08-25T14:42:17Z INFO  tinymist_preview] Preview("le66pg"): received notification: signal(false, true), when OnType
[2026-08-25T14:42:17Z INFO  tinymist_project::compiler] /home/rtinfew/Downloads/test.typ: compilation failed with 1 warnings and errors in 343.566µs
[2026-08-25T14:42:17Z INFO  tinymist_preview] Preview("le66pg"): received notification: signal(false, true), when OnType
[2026-08-25T14:42:17Z INFO  tinymist_project::compiler] /home/rtinfew/Downloads/test.typ: compilation failed with 1 warnings and errors in 707.689µs
[2026-08-25T14:42:17Z INFO  tinymist_preview] Preview("le66pg"): received notification: signal(false, true), when OnType
[2026-08-25T14:42:17Z INFO  tinymist_project::compiler] /home/rtinfew/Downloads/test.typ: compilation failed with 1 warnings and errors in 589.431µs
[2026-08-25T14:42:17Z INFO  tinymist_preview] Preview("le66pg"): received notification: signal(false, true), when OnType
[2026-08-25T14:42:17Z INFO  tinymist_project::compiler] /home/rtinfew/Downloads/test.typ: compilation failed with 1 warnings and errors in 360.577µs
[2026-08-25T14:42:17Z INFO  tinymist_preview] Preview("le66pg"): received notification: signal(false, true), when OnType
[2026-08-25T14:42:17Z INFO  tinymist_project::compiler] /home/rtinfew/Downloads/test.typ: compilation failed with 1 warnings and errors in 382.698µs
[2026-08-25T14:42:17Z INFO  tinymist_preview] Preview("le66pg"): received notification: signal(false, true), when OnType
[2026-08-25T14:42:17Z INFO  tinymist_project::compiler] /home/rtinfew/Downloads/test.typ: compilation failed with 1 warnings and errors in 487.97µs
[2026-08-25T14:42:17Z INFO  tinymist_preview] Preview("le66pg"): received notification: signal(false, true), when OnType
[2026-08-25T14:42:17Z INFO  tinymist_project::compiler] /home/rtinfew/Downloads/test.typ: compilation failed with 1 warnings and errors in 528.27µs
[2026-08-25T14:42:17Z INFO  tinymist_preview] Preview("le66pg"): received notification: signal(false, true), when OnType
[2026-08-25T14:42:17Z INFO  tinymist_project::compiler] /home/rtinfew/Downloads/test.typ: compilation failed with 1 warnings and errors in 651.408µs
[2026-08-25T14:42:17Z INFO  tinymist_preview] Preview("le66pg"): received notification: signal(false, true), when OnType
[2026-08-25T14:42:17Z INFO  tinymist_project::compiler] /home/rtinfew/Downloads/test.typ: compilation failed with 1 warnings and errors in 501.764µs
[2026-08-25T14:42:17Z INFO  tinymist_preview] Preview("le66pg"): received notification: signal(false, true), when OnType
[2026-08-25T14:42:17Z INFO  tinymist_project::compiler] /home/rtinfew/Downloads/test.typ: compilation failed with 1 warnings and errors in 448.198µs
[2026-08-25T14:42:17Z INFO  tinymist_preview] Preview("le66pg"): received notification: signal(false, true), when OnType
[2026-08-25T14:42:17Z INFO  tinymist_project::compiler] /home/rtinfew/Downloads/test.typ: compilation failed with 1 warnings and errors in 607.926µs
[2026-08-25T14:42:17Z INFO  tinymist_preview] Preview("le66pg"): received notification: signal(false, true), when OnType
[2026-08-25T14:42:17Z INFO  tinymist_project::compiler] /home/rtinfew/Downloads/test.typ: compilation failed with 1 warnings and errors in 642.215µs
[2026-08-25T14:42:17Z INFO  tinymist_preview] Preview("le66pg"): received notification: signal(false, true), when OnType
[2026-08-25T14:42:18Z INFO  tinymist_project::compiler] /home/rtinfew/Downloads/test.typ: compilation failed with 1 warnings and errors in 504.196µs
[2026-08-25T14:42:18Z INFO  tinymist_preview] Preview("le66pg"): received notification: signal(false, true), when OnType
[2026-08-25T14:42:18Z INFO  tinymist_project::compiler] /home/rtinfew/Downloads/test.typ: compilation failed with 1 warnings and errors in 444.022µs
[2026-08-25T14:42:18Z INFO  tinymist_preview] Preview("le66pg"): received notification: signal(false, true), when OnType
[2026-08-25T14:42:18Z INFO  tinymist_project::compiler] /home/rtinfew/Downloads/test.typ: compilation failed with 1 warnings and errors in 838.399µs
[2026-08-25T14:42:18Z INFO  tinymist_preview] Preview("le66pg"): received notification: signal(false, true), when OnType
[2026-08-25T14:42:18Z INFO  tinymist_project::compiler] /home/rtinfew/Downloads/test.typ: compilation failed with 1 warnings and errors in 540.426µs
[2026-08-25T14:42:18Z INFO  tinymist_preview] Preview("le66pg"): received notification: signal(false, true), when OnType
[2026-08-25T14:42:18Z INFO  tinymist_project::compiler] /home/rtinfew/Downloads/test.typ: compilation failed with 1 warnings and errors in 711.184µs
[2026-08-25T14:42:18Z INFO  tinymist_preview] Preview("le66pg"): received notification: signal(false, true), when OnType
[2026-08-25T14:42:18Z INFO  tinymist_project::compiler] /home/rtinfew/Downloads/test.typ: compilation failed with 1 warnings and errors in 477.432µs
[2026-08-25T14:42:18Z INFO  tinymist_preview] Preview("le66pg"): received notification: signal(false, true), when OnType
[2026-08-25T14:42:18Z INFO  tinymist_project::compiler] /home/rtinfew/Downloads/test.typ: compilation failed with 1 warnings and errors in 465.069µs
[2026-08-25T14:42:18Z INFO  tinymist_preview] Preview("le66pg"): received notification: signal(false, true), when OnType
[2026-08-25T14:42:18Z INFO  tinymist_project::compiler] /home/rtinfew/Downloads/test.typ: compilation failed with 1 warnings and errors in 509.915µs
[2026-08-25T14:42:18Z INFO  tinymist_preview] Preview("le66pg"): received notification: signal(false, true), when OnType
[2026-08-25T14:42:18Z INFO  tinymist_project::compiler] /home/rtinfew/Downloads/test.typ: compilation failed with 1 warnings and errors in 387.166µs
[2026-08-25T14:42:18Z INFO  tinymist_preview] Preview("le66pg"): received notification: signal(false, true), when OnType
[2026-08-25T14:42:18Z INFO  tinymist_project::compiler] /home/rtinfew/Downloads/test.typ: compilation failed with 1 warnings and errors in 464.384µs
[2026-08-25T14:42:18Z INFO  tinymist_preview] Preview("le66pg"): received notification: signal(false, true), when OnType
[2026-08-25T14:42:18Z INFO  tinymist_project::compiler] /home/rtinfew/Downloads/test.typ: compilation failed with 1 warnings and errors in 794.366µs
[2026-08-25T14:42:18Z INFO  tinymist_preview] Preview("le66pg"): received notification: signal(false, true), when OnType
[2026-08-25T14:42:18Z INFO  tinymist_project::compiler] /home/rtinfew/Downloads/test.typ: compilation failed with 1 warnings and errors in 500.778µs
[2026-08-25T14:42:18Z INFO  tinymist_preview] Preview("le66pg"): received notification: signal(false, true), when OnType
[2026-08-25T14:42:18Z INFO  tinymist_project::compiler] /home/rtinfew/Downloads/test.typ: compilation failed with 1 warnings and errors in 703.42µs
[2026-08-25T14:42:18Z INFO  tinymist_preview] Preview("le66pg"): received notification: signal(false, true), when OnType
[2026-08-25T14:42:18Z INFO  tinymist_project::compiler] /home/rtinfew/Downloads/test.typ: compilation failed with 1 warnings and errors in 556.482µs
[2026-08-25T14:42:18Z INFO  tinymist_preview] Preview("le66pg"): received notification: signal(false, true), when OnType
[2026-08-25T14:42:18Z INFO  tinymist_project::compiler] /home/rtinfew/Downloads/test.typ: compilation failed with 1 warnings and errors in 525.214µs
[2026-08-25T14:42:18Z INFO  tinymist_preview] Preview("le66pg"): received notification: signal(false, true), when OnType
[2026-08-25T14:42:18Z INFO  tinymist_project::compiler] /home/rtinfew/Downloads/test.typ: compilation failed with 1 warnings and errors in 530.652µs
[2026-08-25T14:42:18Z INFO  tinymist_preview] Preview("le66pg"): received notification: signal(false, true), when OnType
[2026-08-25T14:42:18Z INFO  tinymist_project::compiler] /home/rtinfew/Downloads/test.typ: compilation failed with 1 warnings and errors in 501.238µs
[2026-08-25T14:42:18Z INFO  tinymist_preview] Preview("le66pg"): received notification: signal(false, true), when OnType
[2026-08-25T14:42:18Z INFO  tinymist_project::compiler] /home/rtinfew/Downloads/test.typ: compilation failed with 1 warnings and errors in 475.3µs
[2026-08-25T14:42:18Z INFO  tinymist_preview] Preview("le66pg"): received notification: signal(false, true), when OnType
[2026-08-25T14:42:18Z INFO  tinymist_project::compiler] /home/rtinfew/Downloads/test.typ: compilation failed with 1 warnings and errors in 611.258µs
[2026-08-25T14:42:18Z INFO  tinymist_preview] Preview("le66pg"): received notification: signal(false, true), when OnType
[2026-08-25T14:42:19Z INFO  tinymist_project::compiler] /home/rtinfew/Downloads/test.typ: compilation failed with 1 warnings and errors in 727.106µs
[2026-08-25T14:42:19Z INFO  tinymist_preview] Preview("le66pg"): received notification: signal(false, true), when OnType
[2026-08-25T14:42:19Z INFO  tinymist_project::compiler] /home/rtinfew/Downloads/test.typ: compilation failed with 1 warnings and errors in 669.518µs
[2026-08-25T14:42:19Z INFO  tinymist_preview] Preview("le66pg"): received notification: signal(false, true), when OnType
[2026-08-25T14:42:19Z INFO  tinymist_project::compiler] /home/rtinfew/Downloads/test.typ: compilation failed with 1 warnings and errors in 609.817µs
[2026-08-25T14:42:19Z INFO  tinymist_preview] Preview("le66pg"): received notification: signal(false, true), when OnType
[2026-08-25T14:42:19Z INFO  tinymist_project::compiler] /home/rtinfew/Downloads/test.typ: compilation failed with 1 warnings and errors in 666.186µs
[2026-08-25T14:42:19Z INFO  tinymist_preview] Preview("le66pg"): received notification: signal(false, true), when OnType
[2026-08-25T14:42:19Z INFO  tinymist_project::compiler] /home/rtinfew/Downloads/test.typ: compilation failed with 1 warnings and errors in 665.196µs
[2026-08-25T14:42:19Z INFO  tinymist_preview] Preview("le66pg"): received notification: signal(false, true), when OnType
[2026-08-25T14:42:19Z INFO  tinymist_project::compiler] /home/rtinfew/Downloads/test.typ: compilation failed with 1 warnings and errors in 447.577µs
[2026-08-25T14:42:19Z INFO  tinymist_preview] Preview("le66pg"): received notification: signal(false, true), when OnType
[2026-08-25T14:42:19Z INFO  tinymist_project::compiler] /home/rtinfew/Downloads/test.typ: compilation failed with 1 warnings and errors in 260.685µs
[2026-08-25T14:42:19Z INFO  tinymist_preview] Preview("le66pg"): received notification: signal(false, true), when OnType
[2026-08-25T14:42:19Z INFO  tinymist_project::compiler] /home/rtinfew/Downloads/test.typ: compilation failed with 1 warnings and errors in 208.357µs
[2026-08-25T14:42:19Z INFO  tinymist_preview] Preview("le66pg"): received notification: signal(false, true), when OnType
[2026-08-25T14:42:19Z INFO  tinymist_project::compiler] /home/rtinfew/Downloads/test.typ: compilation failed with 1 warnings and errors in 347.354µs
[2026-08-25T14:42:19Z INFO  tinymist_preview] Preview("le66pg"): received notification: signal(false, true), when OnType
[2026-08-25T14:42:19Z INFO  tinymist_project::compiler] /home/rtinfew/Downloads/test.typ: compilation failed with 1 warnings and errors in 596.86µs
[2026-08-25T14:42:19Z INFO  tinymist_preview] Preview("le66pg"): received notification: signal(false, true), when OnType
[2026-08-25T14:42:19Z INFO  tinymist_project::compiler] /home/rtinfew/Downloads/test.typ: compilation failed with 1 warnings and errors in 680.632µs
[2026-08-25T14:42:19Z INFO  tinymist_preview] Preview("le66pg"): received notification: signal(false, true), when OnType
[2026-08-25T14:42:19Z INFO  tinymist_project::compiler] /home/rtinfew/Downloads/test.typ: compilation failed with 1 warnings and errors in 728.279µs
[2026-08-25T14:42:19Z INFO  tinymist_preview] Preview("le66pg"): received notification: signal(false, true), when OnType
[2026-08-25T14:42:19Z INFO  tinymist_project::compiler] /home/rtinfew/Downloads/test.typ: compilation failed with 1 warnings and errors in 666.321µs
[2026-08-25T14:42:19Z INFO  tinymist_preview] Preview("le66pg"): received notification: signal(false, true), when OnType
[2026-08-25T14:42:19Z INFO  tinymist_project::compiler] /home/rtinfew/Downloads/test.typ: compilation failed with 1 warnings and errors in 527.628µs
[2026-08-25T14:42:19Z INFO  tinymist_preview] Preview("le66pg"): received notification: signal(false, true), when OnType
[2026-08-25T14:42:19Z INFO  tinymist_project::compiler] /home/rtinfew/Downloads/test.typ: compilation failed with 1 warnings and errors in 555.998µs
[2026-08-25T14:42:19Z INFO  tinymist_preview] Preview("le66pg"): received notification: signal(false, true), when OnType
[2026-08-25T14:42:19Z INFO  tinymist_project::compiler] /home/rtinfew/Downloads/test.typ: compilation failed with 1 warnings and errors in 627.256µs
[2026-08-25T14:42:19Z INFO  tinymist_preview] Preview("le66pg"): received notification: signal(false, true), when OnType
[2026-08-25T14:42:19Z INFO  tinymist_project::compiler] /home/rtinfew/Downloads/test.typ: compilation failed with 1 warnings and errors in 456.247µs
[2026-08-25T14:42:19Z INFO  tinymist_preview] Preview("le66pg"): received notification: signal(false, true), when OnType
[2026-08-25T14:42:19Z INFO  tinymist_project::compiler] /home/rtinfew/Downloads/test.typ: compilation failed with 1 warnings and errors in 313.168µs
[2026-08-25T14:42:19Z INFO  tinymist_preview] Preview("le66pg"): received notification: signal(false, true), when OnType
[2026-08-25T14:42:19Z INFO  tinymist_project::compiler] /home/rtinfew/Downloads/test.typ: compilation failed with 1 warnings and errors in 338.71µs
[2026-08-25T14:42:19Z INFO  tinymist_preview] Preview("le66pg"): received notification: signal(false, true), when OnType
[2026-08-25T14:42:20Z INFO  tinymist_project::compiler] /home/rtinfew/Downloads/test.typ: compilation failed with 1 warnings and errors in 400.622µs
[2026-08-25T14:42:20Z INFO  tinymist_preview] Preview("le66pg"): received notification: signal(false, true), when OnType
[2026-08-25T14:42:20Z INFO  tinymist_project::compiler] /home/rtinfew/Downloads/test.typ: compilation failed with 1 warnings and errors in 558.674µs
[2026-08-25T14:42:20Z INFO  tinymist_preview] Preview("le66pg"): received notification: signal(false, true), when OnType
[2026-08-25T14:42:20Z INFO  tinymist_project::compiler] /home/rtinfew/Downloads/test.typ: compilation failed with 1 warnings and errors in 551.252µs
[2026-08-25T14:42:20Z INFO  tinymist_preview] Preview("le66pg"): received notification: signal(false, true), when OnType
[2026-08-25T14:42:20Z INFO  tinymist_project::compiler] /home/rtinfew/Downloads/test.typ: compilation failed with 1 warnings and errors in 668.125µs
[2026-08-25T14:42:20Z INFO  tinymist_preview] Preview("le66pg"): received notification: signal(false, true), when OnType
[2026-08-25T14:42:20Z INFO  tinymist_project::compiler] /home/rtinfew/Downloads/test.typ: compilation failed with 1 warnings and errors in 604.747µs
[2026-08-25T14:42:20Z INFO  tinymist_preview] Preview("le66pg"): received notification: signal(false, true), when OnType
[2026-08-25T14:42:20Z INFO  tinymist_project::compiler] /home/rtinfew/Downloads/test.typ: compilation failed with 1 warnings and errors in 595.731µs
[2026-08-25T14:42:20Z INFO  tinymist_preview] Preview("le66pg"): received notification: signal(false, true), when OnType
[2026-08-25T14:42:20Z INFO  tinymist_project::compiler] /home/rtinfew/Downloads/test.typ: compilation failed with 1 warnings and errors in 805.142µs
[2026-08-25T14:42:20Z INFO  tinymist_preview] Preview("le66pg"): received notification: signal(false, true), when OnType
[2026-08-25T14:42:20Z INFO  tinymist_project::compiler] /home/rtinfew/Downloads/test.typ: compilation failed with 1 warnings and errors in 534.098µs
[2026-08-25T14:42:20Z INFO  tinymist_preview] Preview("le66pg"): received notification: signal(false, true), when OnType
[2026-08-25T14:42:20Z INFO  tinymist_project::compiler] /home/rtinfew/Downloads/test.typ: compilation failed with 1 warnings and errors in 535.108µs
[2026-08-25T14:42:20Z INFO  tinymist_preview] Preview("le66pg"): received notification: signal(false, true), when OnType
[2026-08-25T14:42:20Z INFO  tinymist_project::compiler] /home/rtinfew/Downloads/test.typ: compilation failed with 1 warnings and errors in 511.331µs
[2026-08-25T14:42:20Z INFO  tinymist_preview] Preview("le66pg"): received notification: signal(false, true), when OnType
[2026-08-25T14:42:20Z INFO  tinymist_project::compiler] /home/rtinfew/Downloads/test.typ: compilation failed with 1 warnings and errors in 581.586µs
[2026-08-25T14:42:20Z INFO  tinymist_preview] Preview("le66pg"): received notification: signal(false, true), when OnType
[2026-08-25T14:42:20Z INFO  tinymist_project::compiler] /home/rtinfew/Downloads/test.typ: compilation failed with 1 warnings and errors in 470.603µs
[2026-08-25T14:42:20Z INFO  tinymist_preview] Preview("le66pg"): received notification: signal(false, true), when OnType
[2026-08-25T14:42:20Z INFO  tinymist_project::compiler] /home/rtinfew/Downloads/test.typ: compilation failed with 1 warnings and errors in 549.514µs
[2026-08-25T14:42:20Z INFO  tinymist_preview] Preview("le66pg"): received notification: signal(false, true), when OnType
[2026-08-25T14:42:20Z INFO  tinymist_project::compiler] /home/rtinfew/Downloads/test.typ: compilation failed with 1 warnings and errors in 743.234µs
[2026-08-25T14:42:20Z INFO  tinymist_preview] Preview("le66pg"): received notification: signal(false, true), when OnType
[2026-08-25T14:42:20Z INFO  tinymist_project::compiler] /home/rtinfew/Downloads/test.typ: compilation failed with 1 warnings and errors in 689.139µs
[2026-08-25T14:42:20Z INFO  tinymist_preview] Preview("le66pg"): received notification: signal(false, true), when OnType
[2026-08-25T14:42:20Z INFO  tinymist_project::compiler] /home/rtinfew/Downloads/test.typ: compilation failed with 1 warnings and errors in 672.24µs
[2026-08-25T14:42:20Z INFO  tinymist_preview] Preview("le66pg"): received notification: signal(false, true), when OnType
[2026-08-25T14:42:20Z INFO  tinymist_project::compiler] /home/rtinfew/Downloads/test.typ: compilation failed with 1 warnings and errors in 489.288µs
[2026-08-25T14:42:20Z INFO  tinymist_preview] Preview("le66pg"): received notification: signal(false, true), when OnType
[2026-08-25T14:42:20Z INFO  tinymist_project::compiler] /home/rtinfew/Downloads/test.typ: compilation failed with 1 warnings and errors in 521.588µs
[2026-08-25T14:42:20Z INFO  tinymist_preview] Preview("le66pg"): received notification: signal(false, true), when OnType
[2026-08-25T14:42:20Z INFO  tinymist_project::compiler] /home/rtinfew/Downloads/test.typ: compilation failed with 1 warnings and errors in 561.215µs
[2026-08-25T14:42:20Z INFO  tinymist_preview] Preview("le66pg"): received notification: signal(false, true), when OnType
[2026-08-25T14:42:21Z INFO  tinymist_project::compiler] /home/rtinfew/Downloads/test.typ: compilation failed with 1 warnings and errors in 585.904µs
[2026-08-25T14:42:21Z INFO  tinymist_preview] Preview("le66pg"): received notification: signal(false, true), when OnType
[2026-08-25T14:42:21Z INFO  tinymist_project::compiler] /home/rtinfew/Downloads/test.typ: compilation failed with 1 warnings and errors in 559.129µs
[2026-08-25T14:42:21Z INFO  tinymist_preview] Preview("le66pg"): received notification: signal(false, true), when OnType
[2026-08-25T14:42:21Z INFO  tinymist_project::compiler] /home/rtinfew/Downloads/test.typ: compilation failed with 1 warnings and errors in 673.789µs
[2026-08-25T14:42:21Z INFO  tinymist_preview] Preview("le66pg"): received notification: signal(false, true), when OnType
[2026-08-25T14:42:21Z INFO  tinymist_project::compiler] /home/rtinfew/Downloads/test.typ: compilation failed with 1 warnings and errors in 518.995µs
[2026-08-25T14:42:21Z INFO  tinymist_preview] Preview("le66pg"): received notification: signal(false, true), when OnType
[2026-08-25T14:42:21Z INFO  tinymist_project::compiler] /home/rtinfew/Downloads/test.typ: compilation failed with 1 warnings and errors in 701.21µs
[2026-08-25T14:42:21Z INFO  tinymist_preview] Preview("le66pg"): received notification: signal(false, true), when OnType
[2026-08-25T14:42:21Z INFO  tinymist_project::compiler] /home/rtinfew/Downloads/test.typ: compilation failed with 1 warnings and errors in 1.174055ms
[2026-08-25T14:42:21Z INFO  tinymist_preview] Preview("le66pg"): received notification: signal(false, true), when OnType
[2026-08-25T14:42:21Z INFO  tinymist_project::compiler] /home/rtinfew/Downloads/test.typ: compilation failed with 1 warnings and errors in 599.806µs
[2026-08-25T14:42:21Z INFO  tinymist_preview] Preview("le66pg"): received notification: signal(false, true), when OnType
[2026-08-25T14:42:21Z INFO  tinymist_project::compiler] /home/rtinfew/Downloads/test.typ: compilation failed with 1 warnings and errors in 193.927µs
[2026-08-25T14:42:21Z INFO  tinymist_preview] Preview("le66pg"): received notification: signal(false, true), when OnType
[2026-08-25T14:42:21Z INFO  tinymist_project::compiler] /home/rtinfew/Downloads/test.typ: compilation failed with 1 warnings and errors in 370.636µs
[2026-08-25T14:42:21Z INFO  tinymist_preview] Preview("le66pg"): received notification: signal(false, true), when OnType
[2026-08-25T14:42:21Z INFO  tinymist_project::compiler] /home/rtinfew/Downloads/test.typ: compilation failed with 1 warnings and errors in 543.435µs
[2026-08-25T14:42:21Z INFO  tinymist_preview] Preview("le66pg"): received notification: signal(false, true), when OnType
[2026-08-25T14:42:21Z INFO  tinymist_project::compiler] /home/rtinfew/Downloads/test.typ: compilation failed with 1 warnings and errors in 621.656µs
[2026-08-25T14:42:21Z INFO  tinymist_preview] Preview("le66pg"): received notification: signal(false, true), when OnType
[2026-08-25T14:42:21Z INFO  tinymist_project::compiler] /home/rtinfew/Downloads/test.typ: compilation failed with 1 warnings and errors in 552.857µs
[2026-08-25T14:42:21Z INFO  tinymist_preview] Preview("le66pg"): received notification: signal(false, true), when OnType
[2026-08-25T14:42:21Z INFO  tinymist_project::compiler] /home/rtinfew/Downloads/test.typ: compilation failed with 1 warnings and errors in 633.972µs
[2026-08-25T14:42:21Z INFO  tinymist_preview] Preview("le66pg"): received notification: signal(false, true), when OnType
[2026-08-25T14:42:21Z INFO  tinymist_project::compiler] /home/rtinfew/Downloads/test.typ: compilation failed with 1 warnings and errors in 409.942µs
[2026-08-25T14:42:21Z INFO  tinymist_preview] Preview("le66pg"): received notification: signal(false, true), when OnType
[2026-08-25T14:42:21Z INFO  tinymist_project::compiler] /home/rtinfew/Downloads/test.typ: compilation failed with 1 warnings and errors in 473.275µs
[2026-08-25T14:42:21Z INFO  tinymist_preview] Preview("le66pg"): received notification: signal(false, true), when OnType
[2026-08-25T14:42:21Z INFO  tinymist_project::compiler] /home/rtinfew/Downloads/test.typ: compilation failed with 1 warnings and errors in 532.664µs
[2026-08-25T14:42:21Z INFO  tinymist_preview] Preview("le66pg"): received notification: signal(false, true), when OnType
[2026-08-25T14:42:21Z INFO  tinymist_project::compiler] /home/rtinfew/Downloads/test.typ: compilation failed with 1 warnings and errors in 655.498µs
[2026-08-25T14:42:21Z INFO  tinymist_preview] Preview("le66pg"): received notification: signal(false, true), when OnType
[2026-08-25T14:42:21Z INFO  tinymist_project::compiler] /home/rtinfew/Downloads/test.typ: compilation failed with 1 warnings and errors in 678.375µs
[2026-08-25T14:42:21Z INFO  tinymist_preview] Preview("le66pg"): received notification: signal(false, true), when OnType
[2026-08-25T14:42:21Z INFO  tinymist_project::compiler] /home/rtinfew/Downloads/test.typ: compilation failed with 1 warnings and errors in 719.436µs
[2026-08-25T14:42:21Z INFO  tinymist_preview] Preview("le66pg"): received notification: signal(false, true), when OnType
[2026-08-25T14:42:22Z INFO  tinymist_project::compiler] /home/rtinfew/Downloads/test.typ: compilation failed with 1 warnings and errors in 510.434µs
[2026-08-25T14:42:22Z INFO  tinymist_preview] Preview("le66pg"): received notification: signal(false, true), when OnType
[2026-08-25T14:42:22Z INFO  tinymist_project::compiler] /home/rtinfew/Downloads/test.typ: compilation failed with 1 warnings and errors in 533.658µs
[2026-08-25T14:42:22Z INFO  tinymist_preview] Preview("le66pg"): received notification: signal(false, true), when OnType
[2026-08-25T14:42:22Z INFO  tinymist_project::compiler] /home/rtinfew/Downloads/test.typ: compilation failed with 1 warnings and errors in 587.954µs
[2026-08-25T14:42:22Z INFO  tinymist_preview] Preview("le66pg"): received notification: signal(false, true), when OnType
[2026-08-25T14:42:22Z INFO  tinymist_project::compiler] /home/rtinfew/Downloads/test.typ: compilation failed with 1 warnings and errors in 470.486µs
[2026-08-25T14:42:22Z INFO  tinymist_preview] Preview("le66pg"): received notification: signal(false, true), when OnType
[2026-08-25T14:42:22Z INFO  tinymist_project::compiler] /home/rtinfew/Downloads/test.typ: compilation failed with 1 warnings and errors in 657.826µs
[2026-08-25T14:42:22Z INFO  tinymist_preview] Preview("le66pg"): received notification: signal(false, true), when OnType
[2026-08-25T14:42:22Z INFO  tinymist_project::compiler] /home/rtinfew/Downloads/test.typ: compilation failed with 1 warnings and errors in 615.466µs
[2026-08-25T14:42:22Z INFO  tinymist_preview] Preview("le66pg"): received notification: signal(false, true), when OnType
[2026-08-25T14:42:22Z INFO  tinymist_project::compiler] /home/rtinfew/Downloads/test.typ: compilation failed with 1 warnings and errors in 564.504µs
[2026-08-25T14:42:22Z INFO  tinymist_preview] Preview("le66pg"): received notification: signal(false, true), when OnType
[2026-08-25T14:42:22Z INFO  tinymist_project::compiler] /home/rtinfew/Downloads/test.typ: compilation failed with 1 warnings and errors in 743.53µs
[2026-08-25T14:42:22Z INFO  tinymist_preview] Preview("le66pg"): received notification: signal(false, true), when OnType
[2026-08-25T14:42:22Z INFO  tinymist_project::compiler] /home/rtinfew/Downloads/test.typ: compilation failed with 1 warnings and errors in 488.326µs
[2026-08-25T14:42:22Z INFO  tinymist_preview] Preview("le66pg"): received notification: signal(false, true), when OnType
[2026-08-25T14:42:22Z INFO  tinymist_project::compiler] /home/rtinfew/Downloads/test.typ: compilation failed with 1 warnings and errors in 567.909µs
[2026-08-25T14:42:22Z INFO  tinymist_preview] Preview("le66pg"): received notification: signal(false, true), when OnType
[2026-08-25T14:42:22Z INFO  tinymist_project::compiler] /home/rtinfew/Downloads/test.typ: compilation failed with 1 warnings and errors in 449.301µs
[2026-08-25T14:42:22Z INFO  tinymist_preview] Preview("le66pg"): received notification: signal(false, true), when OnType
[2026-08-25T14:42:22Z INFO  tinymist_project::compiler] /home/rtinfew/Downloads/test.typ: compilation failed with 1 warnings and errors in 714.196µs
[2026-08-25T14:42:22Z INFO  tinymist_preview] Preview("le66pg"): received notification: signal(false, true), when OnType
[2026-08-25T14:42:22Z INFO  tinymist_project::compiler] /home/rtinfew/Downloads/test.typ: compilation failed with 1 warnings and errors in 513.108µs
[2026-08-25T14:42:22Z INFO  tinymist_preview] Preview("le66pg"): received notification: signal(false, true), when OnType
[2026-08-25T14:42:22Z INFO  tinymist_project::compiler] /home/rtinfew/Downloads/test.typ: compilation failed with 1 warnings and errors in 1.395658ms
[2026-08-25T14:42:22Z INFO  tinymist_preview] Preview("le66pg"): received notification: signal(false, true), when OnType
[2026-08-25T14:42:22Z INFO  tinymist_project::compiler] /home/rtinfew/Downloads/test.typ: compilation failed with 1 warnings and errors in 644.455µs
[2026-08-25T14:42:22Z INFO  tinymist_preview] Preview("le66pg"): received notification: signal(false, true), when OnType
[2026-08-25T14:42:22Z INFO  tinymist_project::compiler] /home/rtinfew/Downloads/test.typ: compilation failed with 1 warnings and errors in 463.498µs
[2026-08-25T14:42:22Z INFO  tinymist_preview] Preview("le66pg"): received notification: signal(false, true), when OnType
[2026-08-25T14:42:22Z INFO  tinymist_project::compiler] /home/rtinfew/Downloads/test.typ: compilation failed with 1 warnings and errors in 492.988µs
[2026-08-25T14:42:22Z INFO  tinymist_preview] Preview("le66pg"): received notification: signal(false, true), when OnType
[2026-08-25T14:42:22Z INFO  tinymist_project::compiler] /home/rtinfew/Downloads/test.typ: compilation failed with 1 warnings and errors in 559.982µs
[2026-08-25T14:42:22Z INFO  tinymist_preview] Preview("le66pg"): received notification: signal(false, true), when OnType
[2026-08-25T14:42:22Z INFO  tinymist_project::compiler] /home/rtinfew/Downloads/test.typ: compilation failed with 1 warnings and errors in 527.35µs
[2026-08-25T14:42:22Z INFO  tinymist_preview] Preview("le66pg"): received notification: signal(false, true), when OnType
[2026-08-25T14:42:23Z INFO  tinymist_project::compiler] /home/rtinfew/Downloads/test.typ: compilation failed with 1 warnings and errors in 701µs
[2026-08-25T14:42:23Z INFO  tinymist_preview] Preview("le66pg"): received notification: signal(false, true), when OnType
[2026-08-25T14:42:23Z INFO  tinymist_project::compiler] /home/rtinfew/Downloads/test.typ: compilation failed with 1 warnings and errors in 583.856µs
[2026-08-25T14:42:23Z INFO  tinymist_preview] Preview("le66pg"): received notification: signal(false, true), when OnType
[2026-08-25T14:42:23Z INFO  tinymist_project::compiler] /home/rtinfew/Downloads/test.typ: compilation failed with 1 warnings and errors in 538.746µs
[2026-08-25T14:42:23Z INFO  tinymist_preview] Preview("le66pg"): received notification: signal(false, true), when OnType
[2026-08-25T14:42:23Z INFO  tinymist_project::compiler] /home/rtinfew/Downloads/test.typ: compilation failed with 1 warnings and errors in 604.95µs
[2026-08-25T14:42:23Z INFO  tinymist_preview] Preview("le66pg"): received notification: signal(false, true), when OnType
[2026-08-25T14:42:23Z INFO  tinymist_project::compiler] /home/rtinfew/Downloads/test.typ: compilation failed with 1 warnings and errors in 638.294µs
[2026-08-25T14:42:23Z INFO  tinymist_preview] Preview("le66pg"): received notification: signal(false, true), when OnType
[2026-08-25T14:42:23Z INFO  tinymist_project::compiler] /home/rtinfew/Downloads/test.typ: compilation failed with 1 warnings and errors in 550.673µs
[2026-08-25T14:42:23Z INFO  tinymist_preview] Preview("le66pg"): received notification: signal(false, true), when OnType
[2026-08-25T14:42:23Z INFO  tinymist_project::compiler] /home/rtinfew/Downloads/test.typ: compilation failed with 1 warnings and errors in 466.018µs
[2026-08-25T14:42:23Z INFO  tinymist_preview] Preview("le66pg"): received notification: signal(false, true), when OnType
[2026-08-25T14:42:23Z INFO  tinymist_project::compiler] /home/rtinfew/Downloads/test.typ: compilation failed with 1 warnings and errors in 487.697µs
[2026-08-25T14:42:23Z INFO  tinymist_preview] Preview("le66pg"): received notification: signal(false, true), when OnType
[2026-08-25T14:42:23Z INFO  tinymist_project::compiler] /home/rtinfew/Downloads/test.typ: compilation failed with 1 warnings and errors in 499.945µs
[2026-08-25T14:42:23Z INFO  tinymist_preview] Preview("le66pg"): received notification: signal(false, true), when OnType
[2026-08-25T14:42:23Z INFO  tinymist_project::compiler] /home/rtinfew/Downloads/test.typ: compilation failed with 1 warnings and errors in 549.185µs
[2026-08-25T14:42:23Z INFO  tinymist_preview] Preview("le66pg"): received notification: signal(false, true), when OnType
[2026-08-25T14:42:23Z INFO  tinymist_project::compiler] /home/rtinfew/Downloads/test.typ: compilation failed with 1 warnings and errors in 524.646µs
[2026-08-25T14:42:23Z INFO  tinymist_preview] Preview("le66pg"): received notification: signal(false, true), when OnType
[2026-08-25T14:42:23Z INFO  tinymist_project::compiler] /home/rtinfew/Downloads/test.typ: compilation failed with 1 warnings and errors in 555.404µs
[2026-08-25T14:42:23Z INFO  tinymist_preview] Preview("le66pg"): received notification: signal(false, true), when OnType
[2026-08-25T14:42:23Z INFO  tinymist_project::compiler] /home/rtinfew/Downloads/test.typ: compilation failed with 1 warnings and errors in 750.549µs
[2026-08-25T14:42:23Z INFO  tinymist_preview] Preview("le66pg"): received notification: signal(false, true), when OnType
[2026-08-25T14:42:23Z INFO  tinymist_project::compiler] /home/rtinfew/Downloads/test.typ: compilation failed with 1 warnings and errors in 502.731µs
[2026-08-25T14:42:23Z INFO  tinymist_preview] Preview("le66pg"): received notification: signal(false, true), when OnType
[2026-08-25T14:42:23Z INFO  tinymist_project::compiler] /home/rtinfew/Downloads/test.typ: compilation failed with 1 warnings and errors in 481.701µs
[2026-08-25T14:42:23Z INFO  tinymist_preview] Preview("le66pg"): received notification: signal(false, true), when OnType
[2026-08-25T14:42:23Z INFO  tinymist_project::compiler] /home/rtinfew/Downloads/test.typ: compilation failed with 1 warnings and errors in 436.958µs
[2026-08-25T14:42:23Z INFO  tinymist_preview] Preview("le66pg"): received notification: signal(false, true), when OnType
[2026-08-25T14:42:23Z INFO  tinymist_project::compiler] /home/rtinfew/Downloads/test.typ: compilation failed with 1 warnings and errors in 225.204µs
[2026-08-25T14:42:23Z INFO  tinymist_preview] Preview("le66pg"): received notification: signal(false, true), when OnType
[2026-08-25T14:42:23Z INFO  tinymist_project::compiler] /home/rtinfew/Downloads/test.typ: compilation failed with 1 warnings and errors in 664.181µs
[2026-08-25T14:42:23Z INFO  tinymist_preview] Preview("le66pg"): received notification: signal(false, true), when OnType
[2026-08-25T14:42:23Z INFO  tinymist_project::compiler] /home/rtinfew/Downloads/test.typ: compilation failed with 1 warnings and errors in 427.057µs
[2026-08-25T14:42:23Z INFO  tinymist_preview] Preview("le66pg"): received notification: signal(false, true), when OnType
[2026-08-25T14:42:24Z INFO  tinymist_project::compiler] /home/rtinfew/Downloads/test.typ: compilation failed with 1 warnings and errors in 332.301µs
[2026-08-25T14:42:24Z INFO  tinymist_preview] Preview("le66pg"): received notification: signal(false, true), when OnType
[2026-08-25T14:42:24Z INFO  tinymist_project::compiler] /home/rtinfew/Downloads/test.typ: compilation failed with 1 warnings and errors in 322.087µs
[2026-08-25T14:42:24Z INFO  tinymist_preview] Preview("le66pg"): received notification: signal(false, true), when OnType
[2026-08-25T14:42:24Z INFO  tinymist_project::compiler] /home/rtinfew/Downloads/test.typ: compilation failed with 1 warnings and errors in 1.18786ms
[2026-08-25T14:42:24Z INFO  tinymist_preview] Preview("le66pg"): received notification: signal(false, true), when OnType
[2026-08-25T14:42:24Z INFO  tinymist_project::compiler] /home/rtinfew/Downloads/test.typ: compilation failed with 1 warnings and errors in 2.503484ms
[2026-08-25T14:42:24Z INFO  tinymist_preview] Preview("le66pg"): received notification: signal(false, true), when OnType
[2026-08-25T14:42:24Z INFO  tinymist_project::compiler] /home/rtinfew/Downloads/test.typ: compilation failed with 1 warnings and errors in 1.243153ms
[2026-08-25T14:42:24Z INFO  tinymist_preview] Preview("le66pg"): received notification: signal(false, true), when OnType
[2026-08-25T14:42:24Z INFO  tinymist_project::compiler] /home/rtinfew/Downloads/test.typ: compilation failed with 1 warnings and errors in 356.162µs
[2026-08-25T14:42:24Z INFO  tinymist_preview] Preview("le66pg"): received notification: signal(false, true), when OnType
[2026-08-25T14:42:24Z INFO  tinymist_project::compiler] /home/rtinfew/Downloads/test.typ: compilation failed with 1 warnings and errors in 487.153µs
[2026-08-25T14:42:24Z INFO  tinymist_preview] Preview("le66pg"): received notification: signal(false, true), when OnType
[2026-08-25T14:42:24Z INFO  tinymist_project::compiler] /home/rtinfew/Downloads/test.typ: compilation failed with 1 warnings and errors in 539.529µs
[2026-08-25T14:42:24Z INFO  tinymist_preview] Preview("le66pg"): received notification: signal(false, true), when OnType
[2026-08-25T14:42:24Z INFO  tinymist_project::compiler] /home/rtinfew/Downloads/test.typ: compilation failed with 1 warnings and errors in 857.292µs
[2026-08-25T14:42:24Z INFO  tinymist_preview] Preview("le66pg"): received notification: signal(false, true), when OnType
[2026-08-25T14:42:24Z INFO  tinymist_project::compiler] /home/rtinfew/Downloads/test.typ: compilation failed with 1 warnings and errors in 463.335µs
[2026-08-25T14:42:24Z INFO  tinymist_preview] Preview("le66pg"): received notification: signal(false, true), when OnType
[2026-08-25T14:42:24Z INFO  tinymist_project::compiler] /home/rtinfew/Downloads/test.typ: compilation failed with 1 warnings and errors in 417.723µs
[2026-08-25T14:42:24Z INFO  tinymist_preview] Preview("le66pg"): received notification: signal(false, true), when OnType
[2026-08-25T14:42:24Z INFO  tinymist_project::compiler] /home/rtinfew/Downloads/test.typ: compilation failed with 1 warnings and errors in 529.95µs
[2026-08-25T14:42:24Z INFO  tinymist_preview] Preview("le66pg"): received notification: signal(false, true), when OnType
[2026-08-25T14:42:24Z INFO  tinymist_project::compiler] /home/rtinfew/Downloads/test.typ: compilation failed with 1 warnings and errors in 514.257µs
[2026-08-25T14:42:24Z INFO  tinymist_preview] Preview("le66pg"): received notification: signal(false, true), when OnType
[2026-08-25T14:42:24Z INFO  tinymist_project::compiler] /home/rtinfew/Downloads/test.typ: compilation failed with 1 warnings and errors in 456.319µs
[2026-08-25T14:42:24Z INFO  tinymist_preview] Preview("le66pg"): received notification: signal(false, true), when OnType
[2026-08-25T14:42:24Z INFO  tinymist_project::compiler] /home/rtinfew/Downloads/test.typ: compilation failed with 1 warnings and errors in 831.484µs
[2026-08-25T14:42:24Z INFO  tinymist_preview] Preview("le66pg"): received notification: signal(false, true), when OnType
[2026-08-25T14:42:24Z INFO  tinymist_project::compiler] /home/rtinfew/Downloads/test.typ: compilation failed with 1 warnings and errors in 920.586µs
[2026-08-25T14:42:24Z INFO  tinymist_preview] Preview("le66pg"): received notification: signal(false, true), when OnType
[2026-08-25T14:42:24Z INFO  tinymist_project::compiler] /home/rtinfew/Downloads/test.typ: compilation failed with 1 warnings and errors in 562.277µs
[2026-08-25T14:42:24Z INFO  tinymist_preview] Preview("le66pg"): received notification: signal(false, true), when OnType
[2026-08-25T14:42:24Z INFO  tinymist_project::compiler] /home/rtinfew/Downloads/test.typ: compilation failed with 1 warnings and errors in 528.432µs
[2026-08-25T14:42:24Z INFO  tinymist_preview] Preview("le66pg"): received notification: signal(false, true), when OnType
[2026-08-25T14:42:24Z INFO  tinymist_project::compiler] /home/rtinfew/Downloads/test.typ: compilation failed with 1 warnings and errors in 447.752µs
[2026-08-25T14:42:24Z INFO  tinymist_preview] Preview("le66pg"): received notification: signal(false, true), when OnType
[2026-08-25T14:42:25Z INFO  tinymist_project::compiler] /home/rtinfew/Downloads/test.typ: compilation failed with 1 warnings and errors in 535.363µs
[2026-08-25T14:42:25Z INFO  tinymist_preview] Preview("le66pg"): received notification: signal(false, true), when OnType
[2026-08-25T14:42:25Z INFO  tinymist_project::compiler] /home/rtinfew/Downloads/test.typ: compilation failed with 1 warnings and errors in 531.462µs
[2026-08-25T14:42:25Z INFO  tinymist_preview] Preview("le66pg"): received notification: signal(false, true), when OnType
[2026-08-25T14:42:25Z INFO  tinymist_project::compiler] /home/rtinfew/Downloads/test.typ: compilation failed with 1 warnings and errors in 654.796µs
[2026-08-25T14:42:25Z INFO  tinymist_preview] Preview("le66pg"): received notification: signal(false, true), when OnType
[2026-08-25T14:42:25Z INFO  tinymist_project::compiler] /home/rtinfew/Downloads/test.typ: compilation failed with 1 warnings and errors in 501.239µs
[2026-08-25T14:42:25Z INFO  tinymist_preview] Preview("le66pg"): received notification: signal(false, true), when OnType
[2026-08-25T14:42:25Z INFO  tinymist_project::compiler] /home/rtinfew/Downloads/test.typ: compilation failed with 1 warnings and errors in 552.516µs
[2026-08-25T14:42:25Z INFO  tinymist_preview] Preview("le66pg"): received notification: signal(false, true), when OnType
[2026-08-25T14:42:25Z INFO  tinymist_project::compiler] /home/rtinfew/Downloads/test.typ: compilation failed with 1 warnings and errors in 582.872µs
[2026-08-25T14:42:25Z INFO  tinymist_preview] Preview("le66pg"): received notification: signal(false, true), when OnType
[2026-08-25T14:42:25Z INFO  tinymist_project::compiler] /home/rtinfew/Downloads/test.typ: compilation failed with 1 warnings and errors in 549.767µs
[2026-08-25T14:42:25Z INFO  tinymist_preview] Preview("le66pg"): received notification: signal(false, true), when OnType
[2026-08-25T14:42:25Z INFO  tinymist_project::compiler] /home/rtinfew/Downloads/test.typ: compilation failed with 1 warnings and errors in 518.138µs
[2026-08-25T14:42:25Z INFO  tinymist_preview] Preview("le66pg"): received notification: signal(false, true), when OnType
[2026-08-25T14:42:25Z INFO  tinymist_project::compiler] /home/rtinfew/Downloads/test.typ: compilation failed with 1 warnings and errors in 587.01µs
[2026-08-25T14:42:25Z INFO  tinymist_preview] Preview("le66pg"): received notification: signal(false, true), when OnType
[2026-08-25T14:42:25Z INFO  tinymist_project::compiler] /home/rtinfew/Downloads/test.typ: compilation failed with 1 warnings and errors in 633.438µs
[2026-08-25T14:42:25Z INFO  tinymist_preview] Preview("le66pg"): received notification: signal(false, true), when OnType
[2026-08-25T14:42:25Z INFO  tinymist_project::compiler] /home/rtinfew/Downloads/test.typ: compilation failed with 1 warnings and errors in 851.602µs
[2026-08-25T14:42:25Z INFO  tinymist_preview] Preview("le66pg"): received notification: signal(false, true), when OnType
[2026-08-25T14:42:25Z INFO  tinymist_project::compiler] /home/rtinfew/Downloads/test.typ: compilation failed with 1 warnings and errors in 628.198µs
[2026-08-25T14:42:25Z INFO  tinymist_preview] Preview("le66pg"): received notification: signal(false, true), when OnType
[2026-08-25T14:42:25Z INFO  tinymist_project::compiler] /home/rtinfew/Downloads/test.typ: compilation failed with 1 warnings and errors in 532.296µs
[2026-08-25T14:42:25Z INFO  tinymist_preview] Preview("le66pg"): received notification: signal(false, true), when OnType
[2026-08-25T14:42:25Z INFO  tinymist_project::compiler] /home/rtinfew/Downloads/test.typ: compilation failed with 1 warnings and errors in 486.51µs
[2026-08-25T14:42:25Z INFO  tinymist_preview] Preview("le66pg"): received notification: signal(false, true), when OnType
[2026-08-25T14:42:25Z INFO  tinymist_project::compiler] /home/rtinfew/Downloads/test.typ: compilation failed with 1 warnings and errors in 260.497µs
[2026-08-25T14:42:25Z INFO  tinymist_preview] Preview("le66pg"): received notification: signal(false, true), when OnType
[2026-08-25T14:42:25Z INFO  tinymist_project::compiler] /home/rtinfew/Downloads/test.typ: compilation failed with 1 warnings and errors in 243.754µs
[2026-08-25T14:42:25Z INFO  tinymist_preview] Preview("le66pg"): received notification: signal(false, true), when OnType
[2026-08-25T14:42:25Z INFO  tinymist_project::compiler] /home/rtinfew/Downloads/test.typ: compilation failed with 1 warnings and errors in 300.019µs
[2026-08-25T14:42:25Z INFO  tinymist_preview] Preview("le66pg"): received notification: signal(false, true), when OnType
[2026-08-25T14:42:25Z INFO  tinymist_project::compiler] /home/rtinfew/Downloads/test.typ: compilation failed with 1 warnings and errors in 497.232µs
[2026-08-25T14:42:25Z INFO  tinymist_preview] Preview("le66pg"): received notification: signal(false, true), when OnType
[2026-08-25T14:42:25Z INFO  tinymist_project::compiler] /home/rtinfew/Downloads/test.typ: compilation failed with 1 warnings and errors in 353.405µs
[2026-08-25T14:42:25Z INFO  tinymist_preview] Preview("le66pg"): received notification: signal(false, true), when OnType
[2026-08-25T14:42:26Z INFO  tinymist_project::compiler] /home/rtinfew/Downloads/test.typ: compilation failed with 1 warnings and errors in 421.559µs
[2026-08-25T14:42:26Z INFO  tinymist_preview] Preview("le66pg"): received notification: signal(false, true), when OnType
[2026-08-25T14:42:26Z INFO  tinymist_project::compiler] /home/rtinfew/Downloads/test.typ: compilation failed with 1 warnings and errors in 675.55µs
[2026-08-25T14:42:26Z INFO  tinymist_preview] Preview("le66pg"): received notification: signal(false, true), when OnType
[2026-08-25T14:42:26Z INFO  tinymist_project::compiler] /home/rtinfew/Downloads/test.typ: compilation failed with 1 warnings and errors in 274.661µs
[2026-08-25T14:42:26Z INFO  tinymist_preview] Preview("le66pg"): received notification: signal(false, true), when OnType
[2026-08-25T14:42:26Z INFO  tinymist_project::compiler] /home/rtinfew/Downloads/test.typ: compilation failed with 1 warnings and errors in 362.109µs
[2026-08-25T14:42:26Z INFO  tinymist_preview] Preview("le66pg"): received notification: signal(false, true), when OnType
[2026-08-25T14:42:26Z INFO  tinymist_project::compiler] /home/rtinfew/Downloads/test.typ: compilation failed with 1 warnings and errors in 328.453µs
[2026-08-25T14:42:26Z INFO  tinymist_preview] Preview("le66pg"): received notification: signal(false, true), when OnType
[2026-08-25T14:42:26Z INFO  tinymist_project::compiler] /home/rtinfew/Downloads/test.typ: compilation failed with 1 warnings and errors in 366.315µs
[2026-08-25T14:42:26Z INFO  tinymist_preview] Preview("le66pg"): received notification: signal(false, true), when OnType
[2026-08-25T14:42:26Z INFO  tinymist_project::compiler] /home/rtinfew/Downloads/test.typ: compilation failed with 1 warnings and errors in 356.985µs
[2026-08-25T14:42:26Z INFO  tinymist_preview] Preview("le66pg"): received notification: signal(false, true), when OnType
[2026-08-25T14:42:26Z INFO  tinymist_project::compiler] /home/rtinfew/Downloads/test.typ: compilation failed with 1 warnings and errors in 397.441µs
[2026-08-25T14:42:26Z INFO  tinymist_preview] Preview("le66pg"): received notification: signal(false, true), when OnType
[2026-08-25T14:42:26Z INFO  tinymist_project::compiler] /home/rtinfew/Downloads/test.typ: compilation failed with 1 warnings and errors in 627.908µs
[2026-08-25T14:42:26Z INFO  tinymist_preview] Preview("le66pg"): received notification: signal(false, true), when OnType
[2026-08-25T14:42:26Z INFO  tinymist_project::compiler] /home/rtinfew/Downloads/test.typ: compilation failed with 1 warnings and errors in 401.989µs
[2026-08-25T14:42:26Z INFO  tinymist_preview] Preview("le66pg"): received notification: signal(false, true), when OnType
[2026-08-25T14:42:26Z INFO  tinymist_project::compiler] /home/rtinfew/Downloads/test.typ: compilation failed with 1 warnings and errors in 577.569µs
[2026-08-25T14:42:26Z INFO  tinymist_preview] Preview("le66pg"): received notification: signal(false, true), when OnType
[2026-08-25T14:42:26Z INFO  tinymist_project::compiler] /home/rtinfew/Downloads/test.typ: compilation failed with 1 warnings and errors in 301.901µs
[2026-08-25T14:42:26Z INFO  tinymist_preview] Preview("le66pg"): received notification: signal(false, true), when OnType
[2026-08-25T14:42:26Z INFO  tinymist_project::compiler] /home/rtinfew/Downloads/test.typ: compilation failed with 1 warnings and errors in 353.123µs
[2026-08-25T14:42:26Z INFO  tinymist_preview] Preview("le66pg"): received notification: signal(false, true), when OnType
[2026-08-25T14:42:26Z INFO  tinymist_project::compiler] /home/rtinfew/Downloads/test.typ: compilation failed with 1 warnings and errors in 312.252µs
[2026-08-25T14:42:26Z INFO  tinymist_preview] Preview("le66pg"): received notification: signal(false, true), when OnType
[2026-08-25T14:42:26Z INFO  tinymist_project::compiler] /home/rtinfew/Downloads/test.typ: compilation failed with 1 warnings and errors in 804.825µs
[2026-08-25T14:42:26Z INFO  tinymist_preview] Preview("le66pg"): received notification: signal(false, true), when OnType
[2026-08-25T14:42:26Z INFO  tinymist_project::compiler] /home/rtinfew/Downloads/test.typ: compilation failed with 1 warnings and errors in 522.283µs
[2026-08-25T14:42:26Z INFO  tinymist_preview] Preview("le66pg"): received notification: signal(false, true), when OnType
[2026-08-25T14:42:26Z INFO  tinymist_project::compiler] /home/rtinfew/Downloads/test.typ: compilation failed with 1 warnings and errors in 220.091µs
[2026-08-25T14:42:26Z INFO  tinymist_preview] Preview("le66pg"): received notification: signal(false, true), when OnType
[2026-08-25T14:42:26Z INFO  tinymist_project::compiler] /home/rtinfew/Downloads/test.typ: compilation failed with 1 warnings and errors in 312.517µs
[2026-08-25T14:42:26Z INFO  tinymist_preview] Preview("le66pg"): received notification: signal(false, true), when OnType
[2026-08-25T14:42:26Z INFO  tinymist_project::compiler] /home/rtinfew/Downloads/test.typ: compilation failed with 1 warnings and errors in 515.057µs
[2026-08-25T14:42:26Z INFO  tinymist_preview] Preview("le66pg"): received notification: signal(false, true), when OnType
[2026-08-25T14:42:26Z INFO  tinymist_project::compiler] /home/rtinfew/Downloads/test.typ: compilation failed with 1 warnings and errors in 664.9µs
[2026-08-25T14:42:26Z INFO  tinymist_preview] Preview("le66pg"): received notification: signal(false, true), when OnType
[2026-08-25T14:42:27Z INFO  tinymist_project::compiler] /home/rtinfew/Downloads/test.typ: compilation failed with 1 warnings and errors in 2.051505ms
[2026-08-25T14:42:27Z INFO  tinymist_preview] Preview("le66pg"): received notification: signal(false, true), when OnType
[2026-08-25T14:42:27Z INFO  tinymist_project::compiler] /home/rtinfew/Downloads/test.typ: compilation failed with 1 warnings and errors in 527.77µs
[2026-08-25T14:42:27Z INFO  tinymist_preview] Preview("le66pg"): received notification: signal(false, true), when OnType
[2026-08-25T14:42:27Z INFO  tinymist_project::compiler] /home/rtinfew/Downloads/test.typ: compilation failed with 1 warnings and errors in 416.994µs
[2026-08-25T14:42:27Z INFO  tinymist_preview] Preview("le66pg"): received notification: signal(false, true), when OnType
[2026-08-25T14:42:27Z INFO  tinymist_project::compiler] /home/rtinfew/Downloads/test.typ: compilation failed with 1 warnings and errors in 486.812µs
[2026-08-25T14:42:27Z INFO  tinymist_preview] Preview("le66pg"): received notification: signal(false, true), when OnType
[2026-08-25T14:42:27Z INFO  tinymist_project::compiler] /home/rtinfew/Downloads/test.typ: compilation failed with 1 warnings and errors in 496.62µs
[2026-08-25T14:42:27Z INFO  tinymist_preview] Preview("le66pg"): received notification: signal(false, true), when OnType
[2026-08-25T14:42:27Z INFO  tinymist_project::compiler] /home/rtinfew/Downloads/test.typ: compilation failed with 1 warnings and errors in 569.003µs
[2026-08-25T14:42:27Z INFO  tinymist_preview] Preview("le66pg"): received notification: signal(false, true), when OnType
[2026-08-25T14:42:27Z INFO  tinymist_project::compiler] /home/rtinfew/Downloads/test.typ: compilation failed with 1 warnings and errors in 951.844µs
[2026-08-25T14:42:27Z INFO  tinymist_preview] Preview("le66pg"): received notification: signal(false, true), when OnType
[2026-08-25T14:42:27Z INFO  tinymist_project::compiler] /home/rtinfew/Downloads/test.typ: compilation failed with 1 warnings and errors in 435.936µs
[2026-08-25T14:42:27Z INFO  tinymist_preview] Preview("le66pg"): received notification: signal(false, true), when OnType
[2026-08-25T14:42:27Z INFO  tinymist_project::compiler] /home/rtinfew/Downloads/test.typ: compilation failed with 1 warnings and errors in 545.783µs
[2026-08-25T14:42:27Z INFO  tinymist_preview] Preview("le66pg"): received notification: signal(false, true), when OnType
[2026-08-25T14:42:27Z INFO  tinymist_project::compiler] /home/rtinfew/Downloads/test.typ: compilation failed with 1 warnings and errors in 465.615µs
[2026-08-25T14:42:27Z INFO  tinymist_preview] Preview("le66pg"): received notification: signal(false, true), when OnType
[2026-08-25T14:42:27Z INFO  tinymist_project::compiler] /home/rtinfew/Downloads/test.typ: compilation failed with 1 warnings and errors in 441.583µs
[2026-08-25T14:42:27Z INFO  tinymist_preview] Preview("le66pg"): received notification: signal(false, true), when OnType
[2026-08-25T14:42:27Z INFO  tinymist_project::compiler] /home/rtinfew/Downloads/test.typ: compilation failed with 1 warnings and errors in 424.443µs
[2026-08-25T14:42:27Z INFO  tinymist_preview] Preview("le66pg"): received notification: signal(false, true), when OnType
[2026-08-25T14:42:27Z INFO  tinymist_project::compiler] /home/rtinfew/Downloads/test.typ: compilation failed with 1 warnings and errors in 346.811µs
[2026-08-25T14:42:27Z INFO  tinymist_preview] Preview("le66pg"): received notification: signal(false, true), when OnType
[2026-08-25T14:42:27Z INFO  tinymist_project::compiler] /home/rtinfew/Downloads/test.typ: compilation failed with 1 warnings and errors in 548.27µs
[2026-08-25T14:42:27Z INFO  tinymist_preview] Preview("le66pg"): received notification: signal(false, true), when OnType
[2026-08-25T14:42:27Z INFO  tinymist_project::compiler] /home/rtinfew/Downloads/test.typ: compilation failed with 1 warnings and errors in 746.504µs
[2026-08-25T14:42:27Z INFO  tinymist_preview] Preview("le66pg"): received notification: signal(false, true), when OnType
[2026-08-25T14:42:27Z INFO  tinymist_project::compiler] /home/rtinfew/Downloads/test.typ: compilation failed with 1 warnings and errors in 545.022µs
[2026-08-25T14:42:27Z INFO  tinymist_preview] Preview("le66pg"): received notification: signal(false, true), when OnType
[2026-08-25T14:42:27Z INFO  tinymist_project::compiler] /home/rtinfew/Downloads/test.typ: compilation failed with 1 warnings and errors in 542.319µs
[2026-08-25T14:42:27Z INFO  tinymist_preview] Preview("le66pg"): received notification: signal(false, true), when OnType
[2026-08-25T14:42:27Z INFO  tinymist_project::compiler] /home/rtinfew/Downloads/test.typ: compilation failed with 1 warnings and errors in 1.542663ms
[2026-08-25T14:42:27Z INFO  tinymist_preview] Preview("le66pg"): received notification: signal(false, true), when OnType
[2026-08-25T14:42:27Z INFO  tinymist_project::compiler] /home/rtinfew/Downloads/test.typ: compilation failed with 1 warnings and errors in 609.377µs
[2026-08-25T14:42:27Z INFO  tinymist_preview] Preview("le66pg"): received notification: signal(false, true), when OnType
[2026-08-25T14:42:28Z INFO  tinymist_project::compiler] /home/rtinfew/Downloads/test.typ: compilation failed with 1 warnings and errors in 661.658µs
[2026-08-25T14:42:28Z INFO  tinymist_preview] Preview("le66pg"): received notification: signal(false, true), when OnType
[2026-08-25T14:42:28Z INFO  tinymist_project::compiler] /home/rtinfew/Downloads/test.typ: compilation failed with 1 warnings and errors in 515.882µs
[2026-08-25T14:42:28Z INFO  tinymist_preview] Preview("le66pg"): received notification: signal(false, true), when OnType
[2026-08-25T14:42:28Z INFO  tinymist_project::compiler] /home/rtinfew/Downloads/test.typ: compilation failed with 1 warnings and errors in 516.404µs
[2026-08-25T14:42:28Z INFO  tinymist_preview] Preview("le66pg"): received notification: signal(false, true), when OnType
[2026-08-25T14:42:28Z INFO  tinymist_project::compiler] /home/rtinfew/Downloads/test.typ: compilation failed with 1 warnings and errors in 530.524µs
[2026-08-25T14:42:28Z INFO  tinymist_preview] Preview("le66pg"): received notification: signal(false, true), when OnType
[2026-08-25T14:42:28Z INFO  tinymist_project::compiler] /home/rtinfew/Downloads/test.typ: compilation failed with 1 warnings and errors in 817.229µs
[2026-08-25T14:42:28Z INFO  tinymist_preview] Preview("le66pg"): received notification: signal(false, true), when OnType
[2026-08-25T14:42:28Z INFO  tinymist_project::compiler] /home/rtinfew/Downloads/test.typ: compilation failed with 1 warnings and errors in 551.804µs
[2026-08-25T14:42:28Z INFO  tinymist_preview] Preview("le66pg"): received notification: signal(false, true), when OnType
[2026-08-25T14:42:28Z INFO  tinymist_project::compiler] /home/rtinfew/Downloads/test.typ: compilation failed with 1 warnings and errors in 1.71656ms
[2026-08-25T14:42:28Z INFO  tinymist_preview] Preview("le66pg"): received notification: signal(false, true), when OnType
[2026-08-25T14:42:28Z INFO  tinymist_project::compiler] /home/rtinfew/Downloads/test.typ: compilation failed with 1 warnings and errors in 399.583µs
[2026-08-25T14:42:28Z INFO  tinymist_preview] Preview("le66pg"): received notification: signal(false, true), when OnType
[2026-08-25T14:42:28Z INFO  tinymist_project::compiler] /home/rtinfew/Downloads/test.typ: compilation failed with 1 warnings and errors in 554.023µs
[2026-08-25T14:42:28Z INFO  tinymist_preview] Preview("le66pg"): received notification: signal(false, true), when OnType
[2026-08-25T14:42:28Z INFO  tinymist_project::compiler] /home/rtinfew/Downloads/test.typ: compilation failed with 1 warnings and errors in 469.425µs
[2026-08-25T14:42:28Z INFO  tinymist_preview] Preview("le66pg"): received notification: signal(false, true), when OnType
[2026-08-25T14:42:28Z INFO  tinymist_project::compiler] /home/rtinfew/Downloads/test.typ: compilation failed with 1 warnings and errors in 549.811µs
[2026-08-25T14:42:28Z INFO  tinymist_preview] Preview("le66pg"): received notification: signal(false, true), when OnType
[2026-08-25T14:42:28Z INFO  tinymist_project::compiler] /home/rtinfew/Downloads/test.typ: compilation failed with 1 warnings and errors in 542.688µs
[2026-08-25T14:42:28Z INFO  tinymist_preview] Preview("le66pg"): received notification: signal(false, true), when OnType
[2026-08-25T14:42:28Z INFO  tinymist_project::compiler] /home/rtinfew/Downloads/test.typ: compilation failed with 1 warnings and errors in 516.313µs
[2026-08-25T14:42:28Z INFO  tinymist_preview] Preview("le66pg"): received notification: signal(false, true), when OnType
[2026-08-25T14:42:28Z INFO  tinymist_project::compiler] /home/rtinfew/Downloads/test.typ: compilation failed with 1 warnings and errors in 476.542µs
[2026-08-25T14:42:28Z INFO  tinymist_preview] Preview("le66pg"): received notification: signal(false, true), when OnType
[2026-08-25T14:42:28Z INFO  tinymist_project::compiler] /home/rtinfew/Downloads/test.typ: compilation failed with 1 warnings and errors in 483.47µs
[2026-08-25T14:42:28Z INFO  tinymist_preview] Preview("le66pg"): received notification: signal(false, true), when OnType
[2026-08-25T14:42:28Z INFO  tinymist_project::compiler] /home/rtinfew/Downloads/test.typ: compilation failed with 1 warnings and errors in 556.919µs
[2026-08-25T14:42:28Z INFO  tinymist_preview] Preview("le66pg"): received notification: signal(false, true), when OnType
[2026-08-25T14:42:28Z INFO  tinymist_project::compiler] /home/rtinfew/Downloads/test.typ: compilation failed with 1 warnings and errors in 712.409µs
[2026-08-25T14:42:28Z INFO  tinymist_preview] Preview("le66pg"): received notification: signal(false, true), when OnType
[2026-08-25T14:42:28Z INFO  tinymist_project::compiler] /home/rtinfew/Downloads/test.typ: compilation failed with 1 warnings and errors in 596.569µs
[2026-08-25T14:42:28Z INFO  tinymist_preview] Preview("le66pg"): received notification: signal(false, true), when OnType
[2026-08-25T14:42:28Z INFO  tinymist_project::compiler] /home/rtinfew/Downloads/test.typ: compilation failed with 1 warnings and errors in 1.105565ms
[2026-08-25T14:42:28Z INFO  tinymist_preview] Preview("le66pg"): received notification: signal(false, true), when OnType
[2026-08-25T14:42:29Z INFO  tinymist_project::compiler] /home/rtinfew/Downloads/test.typ: compilation failed with 1 warnings and errors in 689.283µs
[2026-08-25T14:42:29Z INFO  tinymist_preview] Preview("le66pg"): received notification: signal(false, true), when OnType
[2026-08-25T14:42:29Z INFO  tinymist_project::compiler] /home/rtinfew/Downloads/test.typ: compilation failed with 1 warnings and errors in 499.253µs
[2026-08-25T14:42:29Z INFO  tinymist_preview] Preview("le66pg"): received notification: signal(false, true), when OnType
[2026-08-25T14:42:29Z INFO  tinymist_project::compiler] /home/rtinfew/Downloads/test.typ: compilation failed with 1 warnings and errors in 622.563µs
[2026-08-25T14:42:29Z INFO  tinymist_preview] Preview("le66pg"): received notification: signal(false, true), when OnType
[2026-08-25T14:42:29Z INFO  tinymist_project::compiler] /home/rtinfew/Downloads/test.typ: compilation failed with 1 warnings and errors in 573.136µs
[2026-08-25T14:42:29Z INFO  tinymist_preview] Preview("le66pg"): received notification: signal(false, true), when OnType
[2026-08-25T14:42:29Z INFO  tinymist_project::compiler] /home/rtinfew/Downloads/test.typ: compilation failed with 1 warnings and errors in 972.708µs
[2026-08-25T14:42:29Z INFO  tinymist_preview] Preview("le66pg"): received notification: signal(false, true), when OnType
[2026-08-25T14:42:29Z INFO  tinymist_project::compiler] /home/rtinfew/Downloads/test.typ: compilation failed with 1 warnings and errors in 651.58µs
[2026-08-25T14:42:29Z INFO  tinymist_preview] Preview("le66pg"): received notification: signal(false, true), when OnType
[2026-08-25T14:42:29Z INFO  tinymist_project::compiler] /home/rtinfew/Downloads/test.typ: compilation failed with 1 warnings and errors in 782.714µs
[2026-08-25T14:42:29Z INFO  tinymist_preview] Preview("le66pg"): received notification: signal(false, true), when OnType
[2026-08-25T14:42:29Z INFO  tinymist_project::compiler] /home/rtinfew/Downloads/test.typ: compilation failed with 1 warnings and errors in 973.336µs
[2026-08-25T14:42:29Z INFO  tinymist_preview] Preview("le66pg"): received notification: signal(false, true), when OnType
[2026-08-25T14:42:29Z INFO  tinymist_project::compiler] /home/rtinfew/Downloads/test.typ: compilation failed with 1 warnings and errors in 207.355µs
[2026-08-25T14:42:29Z INFO  tinymist_preview] Preview("le66pg"): received notification: signal(false, true), when OnType
[2026-08-25T14:42:29Z INFO  tinymist_project::compiler] /home/rtinfew/Downloads/test.typ: compilation failed with 1 warnings and errors in 281.645µs
[2026-08-25T14:42:29Z INFO  tinymist_preview] Preview("le66pg"): received notification: signal(false, true), when OnType
[2026-08-25T14:42:29Z INFO  tinymist_project::compiler] /home/rtinfew/Downloads/test.typ: compilation failed with 1 warnings and errors in 227.03µs
[2026-08-25T14:42:29Z INFO  tinymist_preview] Preview("le66pg"): received notification: signal(false, true), when OnType
[2026-08-25T14:42:29Z INFO  tinymist_project::compiler] /home/rtinfew/Downloads/test.typ: compilation failed with 1 warnings and errors in 237.654µs
[2026-08-25T14:42:29Z INFO  tinymist_preview] Preview("le66pg"): received notification: signal(false, true), when OnType
[2026-08-25T14:42:29Z INFO  tinymist_project::compiler] /home/rtinfew/Downloads/test.typ: compilation failed with 1 warnings and errors in 569.018µs
[2026-08-25T14:42:29Z INFO  tinymist_preview] Preview("le66pg"): received notification: signal(false, true), when OnType
[2026-08-25T14:42:29Z INFO  tinymist_project::compiler] /home/rtinfew/Downloads/test.typ: compilation failed with 1 warnings and errors in 808.128µs
[2026-08-25T14:42:29Z INFO  tinymist_preview] Preview("le66pg"): received notification: signal(false, true), when OnType
[2026-08-25T14:42:29Z INFO  tinymist_project::compiler] /home/rtinfew/Downloads/test.typ: compilation failed with 1 warnings and errors in 595.005µs
[2026-08-25T14:42:29Z INFO  tinymist_preview] Preview("le66pg"): received notification: signal(false, true), when OnType
[2026-08-25T14:42:29Z INFO  tinymist_project::compiler] /home/rtinfew/Downloads/test.typ: compilation failed with 1 warnings and errors in 577.204µs
[2026-08-25T14:42:29Z INFO  tinymist_preview] Preview("le66pg"): received notification: signal(false, true), when OnType
[2026-08-25T14:42:29Z INFO  tinymist_project::compiler] /home/rtinfew/Downloads/test.typ: compilation failed with 1 warnings and errors in 633.583µs
[2026-08-25T14:42:29Z INFO  tinymist_preview] Preview("le66pg"): received notification: signal(false, true), when OnType
[2026-08-25T14:42:29Z INFO  tinymist_project::compiler] /home/rtinfew/Downloads/test.typ: compilation failed with 1 warnings and errors in 596.44µs
[2026-08-25T14:42:29Z INFO  tinymist_preview] Preview("le66pg"): received notification: signal(false, true), when OnType
[2026-08-25T14:42:29Z INFO  tinymist_project::compiler] /home/rtinfew/Downloads/test.typ: compilation failed with 1 warnings and errors in 306.822µs
[2026-08-25T14:42:29Z INFO  tinymist_preview] Preview("le66pg"): received notification: signal(false, true), when OnType
[2026-08-25T14:42:30Z INFO  tinymist_project::compiler] /home/rtinfew/Downloads/test.typ: compilation failed with 1 warnings and errors in 626.281µs
[2026-08-25T14:42:30Z INFO  tinymist_preview] Preview("le66pg"): received notification: signal(false, true), when OnType
[2026-08-25T14:42:30Z INFO  tinymist_project::compiler] /home/rtinfew/Downloads/test.typ: compilation failed with 1 warnings and errors in 572.993µs
[2026-08-25T14:42:30Z INFO  tinymist_preview] Preview("le66pg"): received notification: signal(false, true), when OnType
[2026-08-25T14:42:30Z INFO  tinymist_project::compiler] /home/rtinfew/Downloads/test.typ: compilation failed with 1 warnings and errors in 746.672µs
[2026-08-25T14:42:30Z INFO  tinymist_preview] Preview("le66pg"): received notification: signal(false, true), when OnType
[2026-08-25T14:42:30Z INFO  tinymist_project::compiler] /home/rtinfew/Downloads/test.typ: compilation failed with 1 warnings and errors in 513.312µs
[2026-08-25T14:42:30Z INFO  tinymist_preview] Preview("le66pg"): received notification: signal(false, true), when OnType
[2026-08-25T14:42:30Z INFO  tinymist_project::compiler] /home/rtinfew/Downloads/test.typ: compilation failed with 1 warnings and errors in 481.482µs
[2026-08-25T14:42:30Z INFO  tinymist_preview] Preview("le66pg"): received notification: signal(false, true), when OnType
[2026-08-25T14:42:30Z INFO  tinymist_project::compiler] /home/rtinfew/Downloads/test.typ: compilation failed with 1 warnings and errors in 684.925µs
[2026-08-25T14:42:30Z INFO  tinymist_preview] Preview("le66pg"): received notification: signal(false, true), when OnType
[2026-08-25T14:42:30Z INFO  tinymist_project::compiler] /home/rtinfew/Downloads/test.typ: compilation failed with 1 warnings and errors in 794.338µs
[2026-08-25T14:42:30Z INFO  tinymist_preview] Preview("le66pg"): received notification: signal(false, true), when OnType
[2026-08-25T14:42:30Z INFO  tinymist_project::compiler] /home/rtinfew/Downloads/test.typ: compilation failed with 1 warnings and errors in 756.627µs
[2026-08-25T14:42:30Z INFO  tinymist_preview] Preview("le66pg"): received notification: signal(false, true), when OnType
[2026-08-25T14:42:30Z INFO  tinymist_project::compiler] /home/rtinfew/Downloads/test.typ: compilation failed with 1 warnings and errors in 663.002µs
[2026-08-25T14:42:30Z INFO  tinymist_preview] Preview("le66pg"): received notification: signal(false, true), when OnType
[2026-08-25T14:42:30Z INFO  tinymist_project::compiler] /home/rtinfew/Downloads/test.typ: compilation failed with 1 warnings and errors in 388.586µs
[2026-08-25T14:42:30Z INFO  tinymist_preview] Preview("le66pg"): received notification: signal(false, true), when OnType
[2026-08-25T14:42:30Z INFO  tinymist_project::compiler] /home/rtinfew/Downloads/test.typ: compilation failed with 1 warnings and errors in 346.443µs
[2026-08-25T14:42:30Z INFO  tinymist_preview] Preview("le66pg"): received notification: signal(false, true), when OnType
[2026-08-25T14:42:30Z INFO  tinymist_project::compiler] /home/rtinfew/Downloads/test.typ: compilation failed with 1 warnings and errors in 464.876µs
[2026-08-25T14:42:30Z INFO  tinymist_preview] Preview("le66pg"): received notification: signal(false, true), when OnType
[2026-08-25T14:42:30Z INFO  tinymist_project::compiler] /home/rtinfew/Downloads/test.typ: compilation failed with 1 warnings and errors in 567.106µs
[2026-08-25T14:42:30Z INFO  tinymist_preview] Preview("le66pg"): received notification: signal(false, true), when OnType
[2026-08-25T14:42:30Z INFO  tinymist_project::compiler] /home/rtinfew/Downloads/test.typ: compilation failed with 1 warnings and errors in 586.168µs
[2026-08-25T14:42:30Z INFO  tinymist_preview] Preview("le66pg"): received notification: signal(false, true), when OnType
[2026-08-25T14:42:30Z INFO  tinymist_project::compiler] /home/rtinfew/Downloads/test.typ: compilation failed with 1 warnings and errors in 537.306µs
[2026-08-25T14:42:30Z INFO  tinymist_preview] Preview("le66pg"): received notification: signal(false, true), when OnType
[2026-08-25T14:42:30Z INFO  tinymist_project::compiler] /home/rtinfew/Downloads/test.typ: compilation failed with 1 warnings and errors in 595.634µs
[2026-08-25T14:42:30Z INFO  tinymist_preview] Preview("le66pg"): received notification: signal(false, true), when OnType
[2026-08-25T14:42:30Z INFO  tinymist_project::compiler] /home/rtinfew/Downloads/test.typ: compilation failed with 1 warnings and errors in 522.533µs
[2026-08-25T14:42:30Z INFO  tinymist_preview] Preview("le66pg"): received notification: signal(false, true), when OnType
[2026-08-25T14:42:30Z INFO  tinymist_project::compiler] /home/rtinfew/Downloads/test.typ: compilation failed with 1 warnings and errors in 722.754µs
[2026-08-25T14:42:30Z INFO  tinymist_preview] Preview("le66pg"): received notification: signal(false, true), when OnType
[2026-08-25T14:42:30Z INFO  tinymist_project::compiler] /home/rtinfew/Downloads/test.typ: compilation failed with 1 warnings and errors in 274.229µs
[2026-08-25T14:42:30Z INFO  tinymist_preview] Preview("le66pg"): received notification: signal(false, true), when OnType
[2026-08-25T14:42:31Z INFO  tinymist_project::compiler] /home/rtinfew/Downloads/test.typ: compilation failed with 1 warnings and errors in 197.972µs
[2026-08-25T14:42:31Z INFO  tinymist_preview] Preview("le66pg"): received notification: signal(false, true), when OnType
[2026-08-25T14:42:31Z INFO  tinymist_project::compiler] /home/rtinfew/Downloads/test.typ: compilation failed with 1 warnings and errors in 420.834µs
[2026-08-25T14:42:31Z INFO  tinymist_preview] Preview("le66pg"): received notification: signal(false, true), when OnType
[2026-08-25T14:42:31Z INFO  tinymist_project::compiler] /home/rtinfew/Downloads/test.typ: compilation failed with 1 warnings and errors in 740.228µs
[2026-08-25T14:42:31Z INFO  tinymist_preview] Preview("le66pg"): received notification: signal(false, true), when OnType
[2026-08-25T14:42:31Z INFO  tinymist_project::compiler] /home/rtinfew/Downloads/test.typ: compilation failed with 1 warnings and errors in 338.892µs
[2026-08-25T14:42:31Z INFO  tinymist_preview] Preview("le66pg"): received notification: signal(false, true), when OnType
[2026-08-25T14:42:31Z INFO  tinymist_project::compiler] /home/rtinfew/Downloads/test.typ: compilation failed with 1 warnings and errors in 556.373µs
[2026-08-25T14:42:31Z INFO  tinymist_preview] Preview("le66pg"): received notification: signal(false, true), when OnType
[2026-08-25T14:42:31Z INFO  tinymist_project::compiler] /home/rtinfew/Downloads/test.typ: compilation failed with 1 warnings and errors in 401.474µs
[2026-08-25T14:42:31Z INFO  tinymist_preview] Preview("le66pg"): received notification: signal(false, true), when OnType
[2026-08-25T14:42:31Z INFO  tinymist_project::compiler] /home/rtinfew/Downloads/test.typ: compilation failed with 1 warnings and errors in 547.702µs
[2026-08-25T14:42:31Z INFO  tinymist_preview] Preview("le66pg"): received notification: signal(false, true), when OnType
[2026-08-25T14:42:31Z INFO  tinymist_project::compiler] /home/rtinfew/Downloads/test.typ: compilation failed with 1 warnings and errors in 684.217µs
[2026-08-25T14:42:31Z INFO  tinymist_preview] Preview("le66pg"): received notification: signal(false, true), when OnType
[2026-08-25T14:42:31Z INFO  tinymist_project::compiler] /home/rtinfew/Downloads/test.typ: compilation failed with 1 warnings and errors in 514.352µs
[2026-08-25T14:42:31Z INFO  tinymist_preview] Preview("le66pg"): received notification: signal(false, true), when OnType
[2026-08-25T14:42:31Z INFO  tinymist_project::compiler] /home/rtinfew/Downloads/test.typ: compilation failed with 1 warnings and errors in 463.268µs
[2026-08-25T14:42:31Z INFO  tinymist_preview] Preview("le66pg"): received notification: signal(false, true), when OnType
[2026-08-25T14:42:31Z INFO  tinymist_project::compiler] /home/rtinfew/Downloads/test.typ: compilation failed with 1 warnings and errors in 566.833µs
[2026-08-25T14:42:31Z INFO  tinymist_preview] Preview("le66pg"): received notification: signal(false, true), when OnType
[2026-08-25T14:42:31Z INFO  tinymist_project::compiler] /home/rtinfew/Downloads/test.typ: compilation failed with 1 warnings and errors in 308.845µs
[2026-08-25T14:42:31Z INFO  tinymist_preview] Preview("le66pg"): received notification: signal(false, true), when OnType
[2026-08-25T14:42:31Z INFO  tinymist_project::compiler] /home/rtinfew/Downloads/test.typ: compilation failed with 1 warnings and errors in 259.39µs
[2026-08-25T14:42:31Z INFO  tinymist_preview] Preview("le66pg"): received notification: signal(false, true), when OnType
[2026-08-25T14:42:31Z INFO  tinymist_project::compiler] /home/rtinfew/Downloads/test.typ: compilation failed with 1 warnings and errors in 267.781µs
[2026-08-25T14:42:31Z INFO  tinymist_preview] Preview("le66pg"): received notification: signal(false, true), when OnType
[2026-08-25T14:42:31Z INFO  tinymist_project::compiler] /home/rtinfew/Downloads/test.typ: compilation failed with 1 warnings and errors in 227.42µs
[2026-08-25T14:42:31Z INFO  tinymist_preview] Preview("le66pg"): received notification: signal(false, true), when OnType
[2026-08-25T14:42:31Z INFO  tinymist_project::compiler] /home/rtinfew/Downloads/test.typ: compilation failed with 1 warnings and errors in 258.6µs
[2026-08-25T14:42:31Z INFO  tinymist_preview] Preview("le66pg"): received notification: signal(false, true), when OnType
[2026-08-25T14:42:31Z INFO  tinymist_project::compiler] /home/rtinfew/Downloads/test.typ: compilation failed with 1 warnings and errors in 532.189µs
[2026-08-25T14:42:31Z INFO  tinymist_preview] Preview("le66pg"): received notification: signal(false, true), when OnType
[2026-08-25T14:42:31Z INFO  tinymist_project::compiler] /home/rtinfew/Downloads/test.typ: compilation failed with 1 warnings and errors in 1.293124ms
[2026-08-25T14:42:31Z INFO  tinymist_preview] Preview("le66pg"): received notification: signal(false, true), when OnType
[2026-08-25T14:42:31Z INFO  tinymist_project::compiler] /home/rtinfew/Downloads/test.typ: compilation failed with 1 warnings and errors in 461.418µs
[2026-08-25T14:42:31Z INFO  tinymist_preview] Preview("le66pg"): received notification: signal(false, true), when OnType
[2026-08-25T14:42:32Z INFO  tinymist_project::compiler] /home/rtinfew/Downloads/test.typ: compilation failed with 1 warnings and errors in 786.498µs
[2026-08-25T14:42:32Z INFO  tinymist_preview] Preview("le66pg"): received notification: signal(false, true), when OnType
[2026-08-25T14:42:32Z INFO  tinymist_project::compiler] /home/rtinfew/Downloads/test.typ: compilation failed with 1 warnings and errors in 466.07µs
[2026-08-25T14:42:32Z INFO  tinymist_preview] Preview("le66pg"): received notification: signal(false, true), when OnType
[2026-08-25T14:42:32Z INFO  tinymist_project::compiler] /home/rtinfew/Downloads/test.typ: compilation failed with 1 warnings and errors in 504.802µs
[2026-08-25T14:42:32Z INFO  tinymist_preview] Preview("le66pg"): received notification: signal(false, true), when OnType
[2026-08-25T14:42:32Z INFO  tinymist_project::compiler] /home/rtinfew/Downloads/test.typ: compilation failed with 1 warnings and errors in 401.103µs
[2026-08-25T14:42:32Z INFO  tinymist_preview] Preview("le66pg"): received notification: signal(false, true), when OnType
[2026-08-25T14:42:32Z INFO  tinymist_project::compiler] /home/rtinfew/Downloads/test.typ: compilation failed with 1 warnings and errors in 488.396µs
[2026-08-25T14:42:32Z INFO  tinymist_preview] Preview("le66pg"): received notification: signal(false, true), when OnType
[2026-08-25T14:42:32Z INFO  tinymist_project::compiler] /home/rtinfew/Downloads/test.typ: compilation failed with 1 warnings and errors in 555.683µs
[2026-08-25T14:42:32Z INFO  tinymist_preview] Preview("le66pg"): received notification: signal(false, true), when OnType
[2026-08-25T14:42:32Z INFO  tinymist_project::compiler] /home/rtinfew/Downloads/test.typ: compilation failed with 1 warnings and errors in 482.528µs
[2026-08-25T14:42:32Z INFO  tinymist_preview] Preview("le66pg"): received notification: signal(false, true), when OnType
[2026-08-25T14:42:32Z INFO  tinymist_project::compiler] /home/rtinfew/Downloads/test.typ: compilation failed with 1 warnings and errors in 847.01µs
[2026-08-25T14:42:32Z INFO  tinymist_preview] Preview("le66pg"): received notification: signal(false, true), when OnType
[2026-08-25T14:42:32Z INFO  tinymist_project::compiler] /home/rtinfew/Downloads/test.typ: compilation failed with 1 warnings and errors in 576.062µs
[2026-08-25T14:42:32Z INFO  tinymist_preview] Preview("le66pg"): received notification: signal(false, true), when OnType
[2026-08-25T14:42:32Z INFO  tinymist_project::compiler] /home/rtinfew/Downloads/test.typ: compilation failed with 1 warnings and errors in 502.276µs
[2026-08-25T14:42:32Z INFO  tinymist_preview] Preview("le66pg"): received notification: signal(false, true), when OnType
[2026-08-25T14:42:32Z INFO  tinymist_project::compiler] /home/rtinfew/Downloads/test.typ: compilation failed with 1 warnings and errors in 526.85µs
[2026-08-25T14:42:32Z INFO  tinymist_preview] Preview("le66pg"): received notification: signal(false, true), when OnType
[2026-08-25T14:42:32Z INFO  tinymist_project::compiler] /home/rtinfew/Downloads/test.typ: compilation failed with 1 warnings and errors in 536.421µs
[2026-08-25T14:42:32Z INFO  tinymist_preview] Preview("le66pg"): received notification: signal(false, true), when OnType
[2026-08-25T14:42:32Z INFO  tinymist_project::compiler] /home/rtinfew/Downloads/test.typ: compilation failed with 1 warnings and errors in 691.375µs
[2026-08-25T14:42:32Z INFO  tinymist_preview] Preview("le66pg"): received notification: signal(false, true), when OnType
[2026-08-25T14:42:32Z INFO  tinymist_project::compiler] /home/rtinfew/Downloads/test.typ: compilation failed with 1 warnings and errors in 518.522µs
[2026-08-25T14:42:32Z INFO  tinymist_preview] Preview("le66pg"): received notification: signal(false, true), when OnType
[2026-08-25T14:42:32Z INFO  tinymist_project::compiler] /home/rtinfew/Downloads/test.typ: compilation failed with 1 warnings and errors in 506.415µs
[2026-08-25T14:42:32Z INFO  tinymist_preview] Preview("le66pg"): received notification: signal(false, true), when OnType
[2026-08-25T14:42:32Z INFO  tinymist_project::compiler] /home/rtinfew/Downloads/test.typ: compilation failed with 1 warnings and errors in 528.298µs
[2026-08-25T14:42:32Z INFO  tinymist_preview] Preview("le66pg"): received notification: signal(false, true), when OnType
[2026-08-25T14:42:32Z INFO  tinymist_project::compiler] /home/rtinfew/Downloads/test.typ: compilation failed with 1 warnings and errors in 543.01µs
[2026-08-25T14:42:32Z INFO  tinymist_preview] Preview("le66pg"): received notification: signal(false, true), when OnType
[2026-08-25T14:42:32Z INFO  tinymist_project::compiler] /home/rtinfew/Downloads/test.typ: compilation failed with 1 warnings and errors in 422.1µs
[2026-08-25T14:42:32Z INFO  tinymist_preview] Preview("le66pg"): received notification: signal(false, true), when OnType
[2026-08-25T14:42:32Z INFO  tinymist_project::compiler] /home/rtinfew/Downloads/test.typ: compilation failed with 1 warnings and errors in 734.234µs
[2026-08-25T14:42:32Z INFO  tinymist_preview] Preview("le66pg"): received notification: signal(false, true), when OnType
[2026-08-25T14:42:33Z INFO  tinymist_project::compiler] /home/rtinfew/Downloads/test.typ: compilation failed with 1 warnings and errors in 765.362µs
[2026-08-25T14:42:33Z INFO  tinymist_preview] Preview("le66pg"): received notification: signal(false, true), when OnType
[2026-08-25T14:42:33Z INFO  tinymist_project::compiler] /home/rtinfew/Downloads/test.typ: compilation failed with 1 warnings and errors in 509.789µs
[2026-08-25T14:42:33Z INFO  tinymist_preview] Preview("le66pg"): received notification: signal(false, true), when OnType
[2026-08-25T14:42:33Z INFO  tinymist_project::compiler] /home/rtinfew/Downloads/test.typ: compilation failed with 1 warnings and errors in 617.386µs
[2026-08-25T14:42:33Z INFO  tinymist_preview] Preview("le66pg"): received notification: signal(false, true), when OnType
[2026-08-25T14:42:33Z INFO  tinymist_project::compiler] /home/rtinfew/Downloads/test.typ: compilation failed with 1 warnings and errors in 468.357µs
[2026-08-25T14:42:33Z INFO  tinymist_preview] Preview("le66pg"): received notification: signal(false, true), when OnType
[2026-08-25T14:42:33Z INFO  tinymist_project::compiler] /home/rtinfew/Downloads/test.typ: compilation failed with 1 warnings and errors in 561.886µs
[2026-08-25T14:42:33Z INFO  tinymist_preview] Preview("le66pg"): received notification: signal(false, true), when OnType
[2026-08-25T14:42:33Z INFO  tinymist_project::compiler] /home/rtinfew/Downloads/test.typ: compilation failed with 1 warnings and errors in 479.849µs
[2026-08-25T14:42:33Z INFO  tinymist_preview] Preview("le66pg"): received notification: signal(false, true), when OnType
[2026-08-25T14:42:33Z INFO  tinymist_project::compiler] /home/rtinfew/Downloads/test.typ: compilation failed with 1 warnings and errors in 501.426µs
[2026-08-25T14:42:33Z INFO  tinymist_preview] Preview("le66pg"): received notification: signal(false, true), when OnType
[2026-08-25T14:42:33Z INFO  tinymist_project::compiler] /home/rtinfew/Downloads/test.typ: compilation failed with 1 warnings and errors in 521.382µs
[2026-08-25T14:42:33Z INFO  tinymist_preview] Preview("le66pg"): received notification: signal(false, true), when OnType
[2026-08-25T14:42:33Z INFO  tinymist_project::compiler] /home/rtinfew/Downloads/test.typ: compilation failed with 1 warnings and errors in 571.04µs
[2026-08-25T14:42:33Z INFO  tinymist_preview] Preview("le66pg"): received notification: signal(false, true), when OnType
[2026-08-25T14:42:33Z INFO  tinymist_project::compiler] /home/rtinfew/Downloads/test.typ: compilation failed with 1 warnings and errors in 790.261µs
[2026-08-25T14:42:33Z INFO  tinymist_preview] Preview("le66pg"): received notification: signal(false, true), when OnType
[2026-08-25T14:42:33Z INFO  tinymist_project::compiler] /home/rtinfew/Downloads/test.typ: compilation failed with 1 warnings and errors in 388.556µs
[2026-08-25T14:42:33Z INFO  tinymist_preview] Preview("le66pg"): received notification: signal(false, true), when OnType
[2026-08-25T14:42:33Z INFO  tinymist_project::compiler] /home/rtinfew/Downloads/test.typ: compilation failed with 1 warnings and errors in 480.29µs
[2026-08-25T14:42:33Z INFO  tinymist_preview] Preview("le66pg"): received notification: signal(false, true), when OnType
[2026-08-25T14:42:33Z INFO  tinymist_project::compiler] /home/rtinfew/Downloads/test.typ: compilation failed with 1 warnings and errors in 465.667µs
[2026-08-25T14:42:33Z INFO  tinymist_preview] Preview("le66pg"): received notification: signal(false, true), when OnType
[2026-08-25T14:42:33Z INFO  tinymist_project::compiler] /home/rtinfew/Downloads/test.typ: compilation failed with 1 warnings and errors in 456.464µs
[2026-08-25T14:42:33Z INFO  tinymist_preview] Preview("le66pg"): received notification: signal(false, true), when OnType
[2026-08-25T14:42:33Z INFO  tinymist_project::compiler] /home/rtinfew/Downloads/test.typ: compilation failed with 1 warnings and errors in 547.678µs
[2026-08-25T14:42:33Z INFO  tinymist_preview] Preview("le66pg"): received notification: signal(false, true), when OnType
[2026-08-25T14:42:33Z INFO  tinymist_project::compiler] /home/rtinfew/Downloads/test.typ: compilation failed with 1 warnings and errors in 691.829µs
[2026-08-25T14:42:33Z INFO  tinymist_preview] Preview("le66pg"): received notification: signal(false, true), when OnType
[2026-08-25T14:42:33Z INFO  tinymist_project::compiler] /home/rtinfew/Downloads/test.typ: compilation failed with 1 warnings and errors in 702.899µs
[2026-08-25T14:42:33Z INFO  tinymist_preview] Preview("le66pg"): received notification: signal(false, true), when OnType
[2026-08-25T14:42:33Z INFO  tinymist_project::compiler] /home/rtinfew/Downloads/test.typ: compilation failed with 1 warnings and errors in 569.072µs
[2026-08-25T14:42:33Z INFO  tinymist_preview] Preview("le66pg"): received notification: signal(false, true), when OnType
[2026-08-25T14:42:33Z INFO  tinymist_project::compiler] /home/rtinfew/Downloads/test.typ: compilation failed with 1 warnings and errors in 602.151µs
[2026-08-25T14:42:33Z INFO  tinymist_preview] Preview("le66pg"): received notification: signal(false, true), when OnType
[2026-08-25T14:42:34Z INFO  tinymist_project::compiler] /home/rtinfew/Downloads/test.typ: compilation failed with 1 warnings and errors in 450.154µs
[2026-08-25T14:42:34Z INFO  tinymist_preview] Preview("le66pg"): received notification: signal(false, true), when OnType
[2026-08-25T14:42:34Z INFO  tinymist_project::compiler] /home/rtinfew/Downloads/test.typ: compilation failed with 1 warnings and errors in 584.72µs
[2026-08-25T14:42:34Z INFO  tinymist_preview] Preview("le66pg"): received notification: signal(false, true), when OnType
[2026-08-25T14:42:34Z INFO  tinymist_project::compiler] /home/rtinfew/Downloads/test.typ: compilation failed with 1 warnings and errors in 600.248µs
[2026-08-25T14:42:34Z INFO  tinymist_preview] Preview("le66pg"): received notification: signal(false, true), when OnType
[2026-08-25T14:42:34Z INFO  tinymist_project::compiler] /home/rtinfew/Downloads/test.typ: compilation failed with 1 warnings and errors in 612.96µs
[2026-08-25T14:42:34Z INFO  tinymist_preview] Preview("le66pg"): received notification: signal(false, true), when OnType
[2026-08-25T14:42:34Z INFO  tinymist_project::compiler] /home/rtinfew/Downloads/test.typ: compilation failed with 1 warnings and errors in 638.769µs
[2026-08-25T14:42:34Z INFO  tinymist_preview] Preview("le66pg"): received notification: signal(false, true), when OnType
[2026-08-25T14:42:34Z INFO  tinymist_project::compiler] /home/rtinfew/Downloads/test.typ: compilation failed with 1 warnings and errors in 467.693µs
[2026-08-25T14:42:34Z INFO  tinymist_preview] Preview("le66pg"): received notification: signal(false, true), when OnType
[2026-08-25T14:42:34Z INFO  tinymist_project::compiler] /home/rtinfew/Downloads/test.typ: compilation failed with 1 warnings and errors in 534.483µs
[2026-08-25T14:42:34Z INFO  tinymist_preview] Preview("le66pg"): received notification: signal(false, true), when OnType
[2026-08-25T14:42:34Z INFO  tinymist_project::compiler] /home/rtinfew/Downloads/test.typ: compilation failed with 1 warnings and errors in 422.133µs
[2026-08-25T14:42:34Z INFO  tinymist_preview] Preview("le66pg"): received notification: signal(false, true), when OnType
[2026-08-25T14:42:34Z INFO  tinymist_project::compiler] /home/rtinfew/Downloads/test.typ: compilation failed with 1 warnings and errors in 542.238µs
[2026-08-25T14:42:34Z INFO  tinymist_preview] Preview("le66pg"): received notification: signal(false, true), when OnType
[2026-08-25T14:42:34Z INFO  tinymist_project::compiler] /home/rtinfew/Downloads/test.typ: compilation failed with 1 warnings and errors in 735.465µs
[2026-08-25T14:42:34Z INFO  tinymist_preview] Preview("le66pg"): received notification: signal(false, true), when OnType
[2026-08-25T14:42:34Z INFO  tinymist_project::compiler] /home/rtinfew/Downloads/test.typ: compilation failed with 1 warnings and errors in 543.02µs
[2026-08-25T14:42:34Z INFO  tinymist_preview] Preview("le66pg"): received notification: signal(false, true), when OnType
[2026-08-25T14:42:34Z INFO  tinymist_project::compiler] /home/rtinfew/Downloads/test.typ: compilation failed with 1 warnings and errors in 767.355µs
[2026-08-25T14:42:34Z INFO  tinymist_preview] Preview("le66pg"): received notification: signal(false, true), when OnType
[2026-08-25T14:42:34Z INFO  tinymist_project::compiler] /home/rtinfew/Downloads/test.typ: compilation failed with 1 warnings and errors in 563.165µs
[2026-08-25T14:42:34Z INFO  tinymist_preview] Preview("le66pg"): received notification: signal(false, true), when OnType
[2026-08-25T14:42:34Z INFO  tinymist_project::compiler] /home/rtinfew/Downloads/test.typ: compilation failed with 1 warnings and errors in 553.798µs
[2026-08-25T14:42:34Z INFO  tinymist_preview] Preview("le66pg"): received notification: signal(false, true), when OnType
[2026-08-25T14:42:34Z INFO  tinymist_project::compiler] /home/rtinfew/Downloads/test.typ: compilation failed with 1 warnings and errors in 491.374µs
[2026-08-25T14:42:34Z INFO  tinymist_preview] Preview("le66pg"): received notification: signal(false, true), when OnType
[2026-08-25T14:42:34Z INFO  tinymist_project::compiler] /home/rtinfew/Downloads/test.typ: compilation failed with 1 warnings and errors in 530.874µs
[2026-08-25T14:42:34Z INFO  tinymist_preview] Preview("le66pg"): received notification: signal(false, true), when OnType
[2026-08-25T14:42:34Z INFO  tinymist_project::compiler] /home/rtinfew/Downloads/test.typ: compilation failed with 1 warnings and errors in 387.47µs
[2026-08-25T14:42:34Z INFO  tinymist_preview] Preview("le66pg"): received notification: signal(false, true), when OnType
[2026-08-25T14:42:34Z INFO  tinymist_project::compiler] /home/rtinfew/Downloads/test.typ: compilation failed with 1 warnings and errors in 336.365µs
[2026-08-25T14:42:34Z INFO  tinymist_preview] Preview("le66pg"): received notification: signal(false, true), when OnType
[2026-08-25T14:42:34Z INFO  tinymist_project::compiler] /home/rtinfew/Downloads/test.typ: compilation failed with 1 warnings and errors in 610.239µs
[2026-08-25T14:42:34Z INFO  tinymist_preview] Preview("le66pg"): received notification: signal(false, true), when OnType
[2026-08-25T14:42:35Z INFO  tinymist_project::compiler] /home/rtinfew/Downloads/test.typ: compilation failed with 1 warnings and errors in 523.421µs
[2026-08-25T14:42:35Z INFO  tinymist_preview] Preview("le66pg"): received notification: signal(false, true), when OnType
[2026-08-25T14:42:35Z INFO  tinymist_project::compiler] /home/rtinfew/Downloads/test.typ: compilation failed with 1 warnings and errors in 547.596µs
[2026-08-25T14:42:35Z INFO  tinymist_preview] Preview("le66pg"): received notification: signal(false, true), when OnType
[2026-08-25T14:42:35Z INFO  tinymist_project::compiler] /home/rtinfew/Downloads/test.typ: compilation failed with 1 warnings and errors in 493.065µs
[2026-08-25T14:42:35Z INFO  tinymist_preview] Preview("le66pg"): received notification: signal(false, true), when OnType
[2026-08-25T14:42:35Z INFO  tinymist_project::compiler] /home/rtinfew/Downloads/test.typ: compilation failed with 1 warnings and errors in 769.66µs
[2026-08-25T14:42:35Z INFO  tinymist_preview] Preview("le66pg"): received notification: signal(false, true), when OnType
[2026-08-25T14:42:35Z INFO  tinymist_project::compiler] /home/rtinfew/Downloads/test.typ: compilation failed with 1 warnings and errors in 751.552µs
[2026-08-25T14:42:35Z INFO  tinymist_preview] Preview("le66pg"): received notification: signal(false, true), when OnType
[2026-08-25T14:42:35Z INFO  tinymist_project::compiler] /home/rtinfew/Downloads/test.typ: compilation failed with 1 warnings and errors in 542.072µs
[2026-08-25T14:42:35Z INFO  tinymist_preview] Preview("le66pg"): received notification: signal(false, true), when OnType
[2026-08-25T14:42:35Z INFO  tinymist_project::compiler] /home/rtinfew/Downloads/test.typ: compilation failed with 1 warnings and errors in 670.488µs
[2026-08-25T14:42:35Z INFO  tinymist_preview] Preview("le66pg"): received notification: signal(false, true), when OnType
[2026-08-25T14:42:35Z INFO  tinymist_project::compiler] /home/rtinfew/Downloads/test.typ: compilation failed with 1 warnings and errors in 412.715µs
[2026-08-25T14:42:35Z INFO  tinymist_preview] Preview("le66pg"): received notification: signal(false, true), when OnType
[2026-08-25T14:42:35Z INFO  tinymist_project::compiler] /home/rtinfew/Downloads/test.typ: compilation failed with 1 warnings and errors in 357.61µs
[2026-08-25T14:42:35Z INFO  tinymist_preview] Preview("le66pg"): received notification: signal(false, true), when OnType
[2026-08-25T14:42:35Z INFO  tinymist_project::compiler] /home/rtinfew/Downloads/test.typ: compilation failed with 1 warnings and errors in 532.53µs
[2026-08-25T14:42:35Z INFO  tinymist_preview] Preview("le66pg"): received notification: signal(false, true), when OnType
[2026-08-25T14:42:35Z INFO  tinymist_project::compiler] /home/rtinfew/Downloads/test.typ: compilation failed with 1 warnings and errors in 539.877µs
[2026-08-25T14:42:35Z INFO  tinymist_preview] Preview("le66pg"): received notification: signal(false, true), when OnType
[2026-08-25T14:42:35Z INFO  tinymist_project::compiler] /home/rtinfew/Downloads/test.typ: compilation failed with 1 warnings and errors in 547.293µs
[2026-08-25T14:42:35Z INFO  tinymist_preview] Preview("le66pg"): received notification: signal(false, true), when OnType
[2026-08-25T14:42:35Z INFO  tinymist_project::compiler] /home/rtinfew/Downloads/test.typ: compilation failed with 1 warnings and errors in 597.374µs
[2026-08-25T14:42:35Z INFO  tinymist_preview] Preview("le66pg"): received notification: signal(false, true), when OnType
[2026-08-25T14:42:35Z INFO  tinymist_project::compiler] /home/rtinfew/Downloads/test.typ: compilation failed with 1 warnings and errors in 565.549µs
[2026-08-25T14:42:35Z INFO  tinymist_preview] Preview("le66pg"): received notification: signal(false, true), when OnType
[2026-08-25T14:42:35Z INFO  tinymist_project::compiler] /home/rtinfew/Downloads/test.typ: compilation failed with 1 warnings and errors in 453.707µs
[2026-08-25T14:42:35Z INFO  tinymist_preview] Preview("le66pg"): received notification: signal(false, true), when OnType
[2026-08-25T14:42:35Z INFO  tinymist_project::compiler] /home/rtinfew/Downloads/test.typ: compilation failed with 1 warnings and errors in 518.298µs
[2026-08-25T14:42:35Z INFO  tinymist_preview] Preview("le66pg"): received notification: signal(false, true), when OnType
[2026-08-25T14:42:35Z INFO  tinymist_project::compiler] /home/rtinfew/Downloads/test.typ: compilation failed with 1 warnings and errors in 462.311µs
[2026-08-25T14:42:35Z INFO  tinymist_preview] Preview("le66pg"): received notification: signal(false, true), when OnType
[2026-08-25T14:42:35Z INFO  tinymist_project::compiler] /home/rtinfew/Downloads/test.typ: compilation failed with 1 warnings and errors in 509.028µs
[2026-08-25T14:42:35Z INFO  tinymist_preview] Preview("le66pg"): received notification: signal(false, true), when OnType
[2026-08-25T14:42:35Z INFO  tinymist_project::compiler] /home/rtinfew/Downloads/test.typ: compilation failed with 1 warnings and errors in 694.916µs
[2026-08-25T14:42:35Z INFO  tinymist_preview] Preview("le66pg"): received notification: signal(false, true), when OnType
[2026-08-25T14:42:36Z INFO  tinymist_project::compiler] /home/rtinfew/Downloads/test.typ: compilation failed with 1 warnings and errors in 580.087µs
[2026-08-25T14:42:36Z INFO  tinymist_preview] Preview("le66pg"): received notification: signal(false, true), when OnType
[2026-08-25T14:42:36Z INFO  tinymist_project::compiler] /home/rtinfew/Downloads/test.typ: compilation failed with 1 warnings and errors in 513.083µs
[2026-08-25T14:42:36Z INFO  tinymist_preview] Preview("le66pg"): received notification: signal(false, true), when OnType
[2026-08-25T14:42:36Z INFO  tinymist_project::compiler] /home/rtinfew/Downloads/test.typ: compilation failed with 1 warnings and errors in 507.777µs
[2026-08-25T14:42:36Z INFO  tinymist_preview] Preview("le66pg"): received notification: signal(false, true), when OnType
[2026-08-25T14:42:36Z INFO  tinymist_project::compiler] /home/rtinfew/Downloads/test.typ: compilation failed with 1 warnings and errors in 653.064µs
[2026-08-25T14:42:36Z INFO  tinymist_preview] Preview("le66pg"): received notification: signal(false, true), when OnType
[2026-08-25T14:42:36Z INFO  tinymist_project::compiler] /home/rtinfew/Downloads/test.typ: compilation failed with 1 warnings and errors in 693.831µs
[2026-08-25T14:42:36Z INFO  tinymist_preview] Preview("le66pg"): received notification: signal(false, true), when OnType
[2026-08-25T14:42:36Z INFO  tinymist_project::compiler] /home/rtinfew/Downloads/test.typ: compilation failed with 1 warnings and errors in 776.681µs
[2026-08-25T14:42:36Z INFO  tinymist_preview] Preview("le66pg"): received notification: signal(false, true), when OnType
[2026-08-25T14:42:36Z INFO  tinymist_project::compiler] /home/rtinfew/Downloads/test.typ: compilation failed with 1 warnings and errors in 582.087µs
[2026-08-25T14:42:36Z INFO  tinymist_preview] Preview("le66pg"): received notification: signal(false, true), when OnType
[2026-08-25T14:42:36Z INFO  tinymist_project::compiler] /home/rtinfew/Downloads/test.typ: compilation failed with 1 warnings and errors in 510.477µs
[2026-08-25T14:42:36Z INFO  tinymist_preview] Preview("le66pg"): received notification: signal(false, true), when OnType
[2026-08-25T14:42:36Z INFO  tinymist_project::compiler] /home/rtinfew/Downloads/test.typ: compilation failed with 1 warnings and errors in 495.397µs
[2026-08-25T14:42:36Z INFO  tinymist_preview] Preview("le66pg"): received notification: signal(false, true), when OnType
[2026-08-25T14:42:36Z INFO  tinymist_project::compiler] /home/rtinfew/Downloads/test.typ: compilation failed with 1 warnings and errors in 540.376µs
[2026-08-25T14:42:36Z INFO  tinymist_preview] Preview("le66pg"): received notification: signal(false, true), when OnType
[2026-08-25T14:42:36Z INFO  tinymist_project::compiler] /home/rtinfew/Downloads/test.typ: compilation failed with 1 warnings and errors in 580.545µs
[2026-08-25T14:42:36Z INFO  tinymist_preview] Preview("le66pg"): received notification: signal(false, true), when OnType
[2026-08-25T14:42:36Z INFO  tinymist_project::compiler] /home/rtinfew/Downloads/test.typ: compilation failed with 1 warnings and errors in 653.155µs
[2026-08-25T14:42:36Z INFO  tinymist_preview] Preview("le66pg"): received notification: signal(false, true), when OnType
[2026-08-25T14:42:36Z INFO  tinymist_project::compiler] /home/rtinfew/Downloads/test.typ: compilation failed with 1 warnings and errors in 520.937µs
[2026-08-25T14:42:36Z INFO  tinymist_preview] Preview("le66pg"): received notification: signal(false, true), when OnType
[2026-08-25T14:42:36Z INFO  tinymist_project::compiler] /home/rtinfew/Downloads/test.typ: compilation failed with 1 warnings and errors in 885.889µs
[2026-08-25T14:42:36Z INFO  tinymist_preview] Preview("le66pg"): received notification: signal(false, true), when OnType
[2026-08-25T14:42:36Z INFO  tinymist_project::compiler] /home/rtinfew/Downloads/test.typ: compilation failed with 1 warnings and errors in 519.652µs
[2026-08-25T14:42:36Z INFO  tinymist_preview] Preview("le66pg"): received notification: signal(false, true), when OnType
[2026-08-25T14:42:36Z INFO  tinymist_project::compiler] /home/rtinfew/Downloads/test.typ: compilation failed with 1 warnings and errors in 675.486µs
[2026-08-25T14:42:36Z INFO  tinymist_preview] Preview("le66pg"): received notification: signal(false, true), when OnType
[2026-08-25T14:42:36Z INFO  tinymist_project::compiler] /home/rtinfew/Downloads/test.typ: compilation failed with 1 warnings and errors in 507.297µs
[2026-08-25T14:42:36Z INFO  tinymist_preview] Preview("le66pg"): received notification: signal(false, true), when OnType
[2026-08-25T14:42:36Z INFO  tinymist_project::compiler] /home/rtinfew/Downloads/test.typ: compilation failed with 1 warnings and errors in 526.512µs
[2026-08-25T14:42:36Z INFO  tinymist_preview] Preview("le66pg"): received notification: signal(false, true), when OnType
[2026-08-25T14:42:36Z INFO  tinymist_project::compiler] /home/rtinfew/Downloads/test.typ: compilation failed with 1 warnings and errors in 580.912µs
[2026-08-25T14:42:36Z INFO  tinymist_preview] Preview("le66pg"): received notification: signal(false, true), when OnType
[2026-08-25T14:42:37Z INFO  tinymist_project::compiler] /home/rtinfew/Downloads/test.typ: compilation failed with 1 warnings and errors in 667.751µs
[2026-08-25T14:42:37Z INFO  tinymist_preview] Preview("le66pg"): received notification: signal(false, true), when OnType
[2026-08-25T14:42:37Z INFO  tinymist_project::compiler] /home/rtinfew/Downloads/test.typ: compilation failed with 1 warnings and errors in 558.213µs
[2026-08-25T14:42:37Z INFO  tinymist_preview] Preview("le66pg"): received notification: signal(false, true), when OnType
[2026-08-25T14:42:37Z INFO  tinymist_project::compiler] /home/rtinfew/Downloads/test.typ: compilation failed with 1 warnings and errors in 564.26µs
[2026-08-25T14:42:37Z INFO  tinymist_preview] Preview("le66pg"): received notification: signal(false, true), when OnType
[2026-08-25T14:42:37Z INFO  tinymist_project::compiler] /home/rtinfew/Downloads/test.typ: compilation failed with 1 warnings and errors in 618.582µs
[2026-08-25T14:42:37Z INFO  tinymist_preview] Preview("le66pg"): received notification: signal(false, true), when OnType
[2026-08-25T14:42:37Z INFO  tinymist_project::compiler] /home/rtinfew/Downloads/test.typ: compilation failed with 1 warnings and errors in 1.186003ms
[2026-08-25T14:42:37Z INFO  tinymist_preview] Preview("le66pg"): received notification: signal(false, true), when OnType
[2026-08-25T14:42:37Z INFO  tinymist_project::compiler] /home/rtinfew/Downloads/test.typ: compilation failed with 1 warnings and errors in 531.62µs
[2026-08-25T14:42:37Z INFO  tinymist_preview] Preview("le66pg"): received notification: signal(false, true), when OnType
[2026-08-25T14:42:37Z INFO  tinymist_project::compiler] /home/rtinfew/Downloads/test.typ: compilation failed with 1 warnings and errors in 608.038µs
[2026-08-25T14:42:37Z INFO  tinymist_preview] Preview("le66pg"): received notification: signal(false, true), when OnType
[2026-08-25T14:42:37Z INFO  tinymist_project::compiler] /home/rtinfew/Downloads/test.typ: compilation failed with 1 warnings and errors in 616.899µs
[2026-08-25T14:42:37Z INFO  tinymist_preview] Preview("le66pg"): received notification: signal(false, true), when OnType
[2026-08-25T14:42:37Z INFO  tinymist_project::compiler] /home/rtinfew/Downloads/test.typ: compilation failed with 1 warnings and errors in 473.349µs
[2026-08-25T14:42:37Z INFO  tinymist_preview] Preview("le66pg"): received notification: signal(false, true), when OnType
[2026-08-25T14:42:37Z INFO  tinymist_project::compiler] /home/rtinfew/Downloads/test.typ: compilation failed with 1 warnings and errors in 309.913µs
[2026-08-25T14:42:37Z INFO  tinymist_preview] Preview("le66pg"): received notification: signal(false, true), when OnType
[2026-08-25T14:42:37Z INFO  tinymist_project::compiler] /home/rtinfew/Downloads/test.typ: compilation failed with 1 warnings and errors in 365.164µs
[2026-08-25T14:42:37Z INFO  tinymist_preview] Preview("le66pg"): received notification: signal(false, true), when OnType
[2026-08-25T14:42:37Z INFO  tinymist_project::compiler] /home/rtinfew/Downloads/test.typ: compilation failed with 1 warnings and errors in 349.702µs
[2026-08-25T14:42:37Z INFO  tinymist_preview] Preview("le66pg"): received notification: signal(false, true), when OnType
[2026-08-25T14:42:37Z INFO  tinymist_project::compiler] /home/rtinfew/Downloads/test.typ: compilation failed with 1 warnings and errors in 638.753µs
[2026-08-25T14:42:37Z INFO  tinymist_preview] Preview("le66pg"): received notification: signal(false, true), when OnType
[2026-08-25T14:42:37Z INFO  tinymist_project::compiler] /home/rtinfew/Downloads/test.typ: compilation failed with 1 warnings and errors in 464.461µs
[2026-08-25T14:42:37Z INFO  tinymist_preview] Preview("le66pg"): received notification: signal(false, true), when OnType
[2026-08-25T14:42:37Z INFO  tinymist_project::compiler] /home/rtinfew/Downloads/test.typ: compilation failed with 1 warnings and errors in 934.355µs
[2026-08-25T14:42:37Z INFO  tinymist_preview] Preview("le66pg"): received notification: signal(false, true), when OnType
[2026-08-25T14:42:37Z INFO  tinymist_project::compiler] /home/rtinfew/Downloads/test.typ: compilation failed with 1 warnings and errors in 478.224µs
[2026-08-25T14:42:37Z INFO  tinymist_preview] Preview("le66pg"): received notification: signal(false, true), when OnType
[2026-08-25T14:42:37Z INFO  tinymist_project::compiler] /home/rtinfew/Downloads/test.typ: compilation failed with 1 warnings and errors in 643.342µs
[2026-08-25T14:42:37Z INFO  tinymist_preview] Preview("le66pg"): received notification: signal(false, true), when OnType
[2026-08-25T14:42:37Z INFO  tinymist_project::compiler] /home/rtinfew/Downloads/test.typ: compilation failed with 1 warnings and errors in 410.722µs
[2026-08-25T14:42:37Z INFO  tinymist_preview] Preview("le66pg"): received notification: signal(false, true), when OnType
[2026-08-25T14:42:37Z INFO  tinymist_project::compiler] /home/rtinfew/Downloads/test.typ: compilation failed with 1 warnings and errors in 430.916µs
[2026-08-25T14:42:37Z INFO  tinymist_preview] Preview("le66pg"): received notification: signal(false, true), when OnType
[2026-08-25T14:42:38Z INFO  tinymist_project::compiler] /home/rtinfew/Downloads/test.typ: compilation failed with 1 warnings and errors in 703.231µs
[2026-08-25T14:42:38Z INFO  tinymist_preview] Preview("le66pg"): received notification: signal(false, true), when OnType
[2026-08-25T14:42:38Z INFO  tinymist_project::compiler] /home/rtinfew/Downloads/test.typ: compilation failed with 1 warnings and errors in 770.463µs
[2026-08-25T14:42:38Z INFO  tinymist_preview] Preview("le66pg"): received notification: signal(false, true), when OnType
[2026-08-25T14:42:38Z INFO  tinymist_project::compiler] /home/rtinfew/Downloads/test.typ: compilation failed with 1 warnings and errors in 273.245µs
[2026-08-25T14:42:38Z INFO  tinymist_preview] Preview("le66pg"): received notification: signal(false, true), when OnType
[2026-08-25T14:42:38Z INFO  tinymist_project::compiler] /home/rtinfew/Downloads/test.typ: compilation failed with 1 warnings and errors in 283.035µs
[2026-08-25T14:42:38Z INFO  tinymist_preview] Preview("le66pg"): received notification: signal(false, true), when OnType
[2026-08-25T14:42:38Z INFO  tinymist_project::compiler] /home/rtinfew/Downloads/test.typ: compilation failed with 1 warnings and errors in 411.305µs
[2026-08-25T14:42:38Z INFO  tinymist_preview] Preview("le66pg"): received notification: signal(false, true), when OnType
[2026-08-25T14:42:38Z INFO  tinymist_project::compiler] /home/rtinfew/Downloads/test.typ: compilation failed with 1 warnings and errors in 501.93µs
[2026-08-25T14:42:38Z INFO  tinymist_preview] Preview("le66pg"): received notification: signal(false, true), when OnType
[2026-08-25T14:42:38Z INFO  tinymist_project::compiler] /home/rtinfew/Downloads/test.typ: compilation failed with 1 warnings and errors in 1.001725ms
[2026-08-25T14:42:38Z INFO  tinymist_preview] Preview("le66pg"): received notification: signal(false, true), when OnType
[2026-08-25T14:42:38Z INFO  tinymist_project::compiler] /home/rtinfew/Downloads/test.typ: compilation failed with 1 warnings and errors in 471.053µs
[2026-08-25T14:42:38Z INFO  tinymist_preview] Preview("le66pg"): received notification: signal(false, true), when OnType
[2026-08-25T14:42:38Z INFO  tinymist_project::compiler] /home/rtinfew/Downloads/test.typ: compilation failed with 1 warnings and errors in 549.126µs
[2026-08-25T14:42:38Z INFO  tinymist_preview] Preview("le66pg"): received notification: signal(false, true), when OnType
[2026-08-25T14:42:38Z INFO  tinymist_project::compiler] /home/rtinfew/Downloads/test.typ: compilation failed with 1 warnings and errors in 598.253µs
[2026-08-25T14:42:38Z INFO  tinymist_preview] Preview("le66pg"): received notification: signal(false, true), when OnType
[2026-08-25T14:42:38Z INFO  tinymist_project::compiler] /home/rtinfew/Downloads/test.typ: compilation failed with 1 warnings and errors in 534.425µs
[2026-08-25T14:42:38Z INFO  tinymist_preview] Preview("le66pg"): received notification: signal(false, true), when OnType
[2026-08-25T14:42:38Z INFO  tinymist_project::compiler] /home/rtinfew/Downloads/test.typ: compilation failed with 1 warnings and errors in 598.944µs
[2026-08-25T14:42:38Z INFO  tinymist_preview] Preview("le66pg"): received notification: signal(false, true), when OnType
[2026-08-25T14:42:38Z INFO  tinymist_project::compiler] /home/rtinfew/Downloads/test.typ: compilation failed with 1 warnings and errors in 452.83µs
[2026-08-25T14:42:38Z INFO  tinymist_preview] Preview("le66pg"): received notification: signal(false, true), when OnType
[2026-08-25T14:42:38Z INFO  tinymist_project::compiler] /home/rtinfew/Downloads/test.typ: compilation failed with 1 warnings and errors in 429.235µs
[2026-08-25T14:42:38Z INFO  tinymist_preview] Preview("le66pg"): received notification: signal(false, true), when OnType
[2026-08-25T14:42:38Z INFO  tinymist_project::compiler] /home/rtinfew/Downloads/test.typ: compilation failed with 1 warnings and errors in 848.439µs
[2026-08-25T14:42:38Z INFO  tinymist_preview] Preview("le66pg"): received notification: signal(false, true), when OnType
[2026-08-25T14:42:38Z INFO  tinymist_project::compiler] /home/rtinfew/Downloads/test.typ: compilation failed with 1 warnings and errors in 894.964µs
[2026-08-25T14:42:38Z INFO  tinymist_preview] Preview("le66pg"): received notification: signal(false, true), when OnType
[2026-08-25T14:42:38Z INFO  tinymist_project::compiler] /home/rtinfew/Downloads/test.typ: compilation failed with 1 warnings and errors in 238.39µs
[2026-08-25T14:42:38Z INFO  tinymist_preview] Preview("le66pg"): received notification: signal(false, true), when OnType
[2026-08-25T14:42:38Z INFO  tinymist_project::compiler] /home/rtinfew/Downloads/test.typ: compilation failed with 1 warnings and errors in 304.106µs
[2026-08-25T14:42:38Z INFO  tinymist_preview] Preview("le66pg"): received notification: signal(false, true), when OnType
[2026-08-25T14:42:38Z INFO  tinymist_project::compiler] /home/rtinfew/Downloads/test.typ: compilation failed with 1 warnings and errors in 508.043µs
[2026-08-25T14:42:38Z INFO  tinymist_preview] Preview("le66pg"): received notification: signal(false, true), when OnType
[2026-08-25T14:42:39Z INFO  tinymist_project::compiler] /home/rtinfew/Downloads/test.typ: compilation failed with 1 warnings and errors in 714.405µs
[2026-08-25T14:42:39Z INFO  tinymist_preview] Preview("le66pg"): received notification: signal(false, true), when OnType
[2026-08-25T14:42:39Z INFO  tinymist_project::compiler] /home/rtinfew/Downloads/test.typ: compilation failed with 1 warnings and errors in 526.14µs
[2026-08-25T14:42:39Z INFO  tinymist_preview] Preview("le66pg"): received notification: signal(false, true), when OnType
[2026-08-25T14:42:39Z INFO  tinymist_project::compiler] /home/rtinfew/Downloads/test.typ: compilation failed with 1 warnings and errors in 556.592µs
[2026-08-25T14:42:39Z INFO  tinymist_preview] Preview("le66pg"): received notification: signal(false, true), when OnType
[2026-08-25T14:42:39Z INFO  tinymist_project::compiler] /home/rtinfew/Downloads/test.typ: compilation failed with 1 warnings and errors in 899.819µs
[2026-08-25T14:42:39Z INFO  tinymist_preview] Preview("le66pg"): received notification: signal(false, true), when OnType
[2026-08-25T14:42:39Z INFO  tinymist_project::compiler] /home/rtinfew/Downloads/test.typ: compilation failed with 1 warnings and errors in 790.337µs
[2026-08-25T14:42:39Z INFO  tinymist_preview] Preview("le66pg"): received notification: signal(false, true), when OnType
[2026-08-25T14:42:39Z INFO  tinymist_project::compiler] /home/rtinfew/Downloads/test.typ: compilation failed with 1 warnings and errors in 791.234µs
[2026-08-25T14:42:39Z INFO  tinymist_preview] Preview("le66pg"): received notification: signal(false, true), when OnType
[2026-08-25T14:42:39Z INFO  tinymist_project::compiler] /home/rtinfew/Downloads/test.typ: compilation failed with 1 warnings and errors in 528.256µs
[2026-08-25T14:42:39Z INFO  tinymist_preview] Preview("le66pg"): received notification: signal(false, true), when OnType
[2026-08-25T14:42:39Z INFO  tinymist_project::compiler] /home/rtinfew/Downloads/test.typ: compilation failed with 1 warnings and errors in 409.358µs
[2026-08-25T14:42:39Z INFO  tinymist_preview] Preview("le66pg"): received notification: signal(false, true), when OnType
[2026-08-25T14:42:39Z INFO  tinymist_project::compiler] /home/rtinfew/Downloads/test.typ: compilation failed with 1 warnings and errors in 719.682µs
[2026-08-25T14:42:39Z INFO  tinymist_preview] Preview("le66pg"): received notification: signal(false, true), when OnType
[2026-08-25T14:42:39Z INFO  tinymist_project::compiler] /home/rtinfew/Downloads/test.typ: compilation failed with 1 warnings and errors in 525.785µs
[2026-08-25T14:42:39Z INFO  tinymist_preview] Preview("le66pg"): received notification: signal(false, true), when OnType
[2026-08-25T14:42:39Z INFO  tinymist_project::compiler] /home/rtinfew/Downloads/test.typ: compilation failed with 1 warnings and errors in 784.552µs
[2026-08-25T14:42:39Z INFO  tinymist_preview] Preview("le66pg"): received notification: signal(false, true), when OnType
[2026-08-25T14:42:39Z INFO  tinymist_project::compiler] /home/rtinfew/Downloads/test.typ: compilation failed with 1 warnings and errors in 704.062µs
[2026-08-25T14:42:39Z INFO  tinymist_preview] Preview("le66pg"): received notification: signal(false, true), when OnType
[2026-08-25T14:42:39Z INFO  tinymist_project::compiler] /home/rtinfew/Downloads/test.typ: compilation failed with 1 warnings and errors in 327.171µs
[2026-08-25T14:42:39Z INFO  tinymist_preview] Preview("le66pg"): received notification: signal(false, true), when OnType
[2026-08-25T14:42:39Z INFO  tinymist_project::compiler] /home/rtinfew/Downloads/test.typ: compilation failed with 1 warnings and errors in 543.268µs
[2026-08-25T14:42:39Z INFO  tinymist_preview] Preview("le66pg"): received notification: signal(false, true), when OnType
[2026-08-25T14:42:39Z INFO  tinymist_project::compiler] /home/rtinfew/Downloads/test.typ: compilation failed with 1 warnings and errors in 311.368µs
[2026-08-25T14:42:39Z INFO  tinymist_preview] Preview("le66pg"): received notification: signal(false, true), when OnType
[2026-08-25T14:42:39Z INFO  tinymist_project::compiler] /home/rtinfew/Downloads/test.typ: compilation failed with 1 warnings and errors in 383.071µs
[2026-08-25T14:42:39Z INFO  tinymist_preview] Preview("le66pg"): received notification: signal(false, true), when OnType
[2026-08-25T14:42:39Z INFO  tinymist_project::compiler] /home/rtinfew/Downloads/test.typ: compilation failed with 1 warnings and errors in 561.98µs
[2026-08-25T14:42:39Z INFO  tinymist_preview] Preview("le66pg"): received notification: signal(false, true), when OnType
[2026-08-25T14:42:39Z INFO  tinymist_project::compiler] /home/rtinfew/Downloads/test.typ: compilation failed with 1 warnings and errors in 497.16µs
[2026-08-25T14:42:39Z INFO  tinymist_preview] Preview("le66pg"): received notification: signal(false, true), when OnType
[2026-08-25T14:42:39Z INFO  tinymist_project::compiler] /home/rtinfew/Downloads/test.typ: compilation failed with 1 warnings and errors in 527.405µs
[2026-08-25T14:42:39Z INFO  tinymist_preview] Preview("le66pg"): received notification: signal(false, true), when OnType
[2026-08-25T14:42:40Z INFO  tinymist_project::compiler] /home/rtinfew/Downloads/test.typ: compilation failed with 1 warnings and errors in 477.458µs
[2026-08-25T14:42:40Z INFO  tinymist_preview] Preview("le66pg"): received notification: signal(false, true), when OnType
[2026-08-25T14:42:40Z INFO  tinymist_project::compiler] /home/rtinfew/Downloads/test.typ: compilation failed with 1 warnings and errors in 507.381µs
[2026-08-25T14:42:40Z INFO  tinymist_preview] Preview("le66pg"): received notification: signal(false, true), when OnType
[2026-08-25T14:42:40Z INFO  tinymist_project::compiler] /home/rtinfew/Downloads/test.typ: compilation failed with 1 warnings and errors in 468.022µs
[2026-08-25T14:42:40Z INFO  tinymist_preview] Preview("le66pg"): received notification: signal(false, true), when OnType
[2026-08-25T14:42:40Z INFO  tinymist_project::compiler] /home/rtinfew/Downloads/test.typ: compilation failed with 1 warnings and errors in 480.435µs
[2026-08-25T14:42:40Z INFO  tinymist_preview] Preview("le66pg"): received notification: signal(false, true), when OnType
[2026-08-25T14:42:40Z INFO  tinymist_project::compiler] /home/rtinfew/Downloads/test.typ: compilation failed with 1 warnings and errors in 468.816µs
[2026-08-25T14:42:40Z INFO  tinymist_preview] Preview("le66pg"): received notification: signal(false, true), when OnType
[2026-08-25T14:42:40Z INFO  tinymist_project::compiler] /home/rtinfew/Downloads/test.typ: compilation failed with 1 warnings and errors in 821.02µs
[2026-08-25T14:42:40Z INFO  tinymist_preview] Preview("le66pg"): received notification: signal(false, true), when OnType
[2026-08-25T14:42:40Z INFO  tinymist_project::compiler] /home/rtinfew/Downloads/test.typ: compilation failed with 1 warnings and errors in 521.042µs
[2026-08-25T14:42:40Z INFO  tinymist_preview] Preview("le66pg"): received notification: signal(false, true), when OnType
[2026-08-25T14:42:40Z INFO  tinymist_project::compiler] /home/rtinfew/Downloads/test.typ: compilation failed with 1 warnings and errors in 855.546µs
[2026-08-25T14:42:40Z INFO  tinymist_preview] Preview("le66pg"): received notification: signal(false, true), when OnType
[2026-08-25T14:42:40Z INFO  tinymist_project::compiler] /home/rtinfew/Downloads/test.typ: compilation failed with 1 warnings and errors in 665.028µs
[2026-08-25T14:42:40Z INFO  tinymist_preview] Preview("le66pg"): received notification: signal(false, true), when OnType
[2026-08-25T14:42:40Z INFO  tinymist_project::compiler] /home/rtinfew/Downloads/test.typ: compilation failed with 1 warnings and errors in 474.133µs
[2026-08-25T14:42:40Z INFO  tinymist_preview] Preview("le66pg"): received notification: signal(false, true), when OnType
[2026-08-25T14:42:40Z INFO  tinymist_project::compiler] /home/rtinfew/Downloads/test.typ: compilation failed with 1 warnings and errors in 480.209µs
[2026-08-25T14:42:40Z INFO  tinymist_preview] Preview("le66pg"): received notification: signal(false, true), when OnType
[2026-08-25T14:42:40Z INFO  tinymist_project::compiler] /home/rtinfew/Downloads/test.typ: compilation failed with 1 warnings and errors in 1.48067ms
[2026-08-25T14:42:40Z INFO  tinymist_preview] Preview("le66pg"): received notification: signal(false, true), when OnType
[2026-08-25T14:42:40Z INFO  tinymist_project::compiler] /home/rtinfew/Downloads/test.typ: compilation failed with 1 warnings and errors in 970.346µs
[2026-08-25T14:42:40Z INFO  tinymist_preview] Preview("le66pg"): received notification: signal(false, true), when OnType
[2026-08-25T14:42:40Z INFO  tinymist_project::compiler] /home/rtinfew/Downloads/test.typ: compilation failed with 1 warnings and errors in 488.704µs
[2026-08-25T14:42:40Z INFO  tinymist_preview] Preview("le66pg"): received notification: signal(false, true), when OnType
[2026-08-25T14:42:40Z INFO  tinymist_project::compiler] /home/rtinfew/Downloads/test.typ: compilation failed with 1 warnings and errors in 463.234µs
[2026-08-25T14:42:40Z INFO  tinymist_preview] Preview("le66pg"): received notification: signal(false, true), when OnType
[2026-08-25T14:42:40Z INFO  tinymist_project::compiler] /home/rtinfew/Downloads/test.typ: compilation failed with 1 warnings and errors in 554.451µs
[2026-08-25T14:42:40Z INFO  tinymist_preview] Preview("le66pg"): received notification: signal(false, true), when OnType
[2026-08-25T14:42:40Z INFO  tinymist_project::compiler] /home/rtinfew/Downloads/test.typ: compilation failed with 1 warnings and errors in 570.447µs
[2026-08-25T14:42:40Z INFO  tinymist_preview] Preview("le66pg"): received notification: signal(false, true), when OnType
[2026-08-25T14:42:40Z INFO  tinymist_project::compiler] /home/rtinfew/Downloads/test.typ: compilation failed with 1 warnings and errors in 549.213µs
[2026-08-25T14:42:40Z INFO  tinymist_preview] Preview("le66pg"): received notification: signal(false, true), when OnType
[2026-08-25T14:42:40Z INFO  tinymist_project::compiler] /home/rtinfew/Downloads/test.typ: compilation failed with 1 warnings and errors in 466.685µs
[2026-08-25T14:42:40Z INFO  tinymist_preview] Preview("le66pg"): received notification: signal(false, true), when OnType
[2026-08-25T14:42:41Z INFO  tinymist_project::compiler] /home/rtinfew/Downloads/test.typ: compilation failed with 1 warnings and errors in 526.001µs
[2026-08-25T14:42:41Z INFO  tinymist_preview] Preview("le66pg"): received notification: signal(false, true), when OnType
[2026-08-25T14:42:41Z INFO  tinymist_project::compiler] /home/rtinfew/Downloads/test.typ: compilation failed with 1 warnings and errors in 598.284µs
[2026-08-25T14:42:41Z INFO  tinymist_preview] Preview("le66pg"): received notification: signal(false, true), when OnType
[2026-08-25T14:42:41Z INFO  tinymist_project::compiler] /home/rtinfew/Downloads/test.typ: compilation failed with 1 warnings and errors in 638.399µs
[2026-08-25T14:42:41Z INFO  tinymist_preview] Preview("le66pg"): received notification: signal(false, true), when OnType
[2026-08-25T14:42:41Z INFO  tinymist_project::compiler] /home/rtinfew/Downloads/test.typ: compilation failed with 1 warnings and errors in 519.018µs
[2026-08-25T14:42:41Z INFO  tinymist_preview] Preview("le66pg"): received notification: signal(false, true), when OnType
[2026-08-25T14:42:41Z INFO  tinymist_project::compiler] /home/rtinfew/Downloads/test.typ: compilation failed with 1 warnings and errors in 577.979µs
[2026-08-25T14:42:41Z INFO  tinymist_preview] Preview("le66pg"): received notification: signal(false, true), when OnType
[2026-08-25T14:42:41Z INFO  tinymist_project::compiler] /home/rtinfew/Downloads/test.typ: compilation failed with 1 warnings and errors in 1.071368ms
[2026-08-25T14:42:41Z INFO  tinymist_preview] Preview("le66pg"): received notification: signal(false, true), when OnType
[2026-08-25T14:42:41Z INFO  tinymist_project::compiler] /home/rtinfew/Downloads/test.typ: compilation failed with 1 warnings and errors in 557.225µs
[2026-08-25T14:42:41Z INFO  tinymist_preview] Preview("le66pg"): received notification: signal(false, true), when OnType
[2026-08-25T14:42:41Z INFO  tinymist_project::compiler] /home/rtinfew/Downloads/test.typ: compilation failed with 1 warnings and errors in 508.242µs
[2026-08-25T14:42:41Z INFO  tinymist_preview] Preview("le66pg"): received notification: signal(false, true), when OnType
[2026-08-25T14:42:41Z INFO  tinymist_project::compiler] /home/rtinfew/Downloads/test.typ: compilation failed with 1 warnings and errors in 470.801µs
[2026-08-25T14:42:41Z INFO  tinymist_preview] Preview("le66pg"): received notification: signal(false, true), when OnType
[2026-08-25T14:42:41Z INFO  tinymist_project::compiler] /home/rtinfew/Downloads/test.typ: compilation failed with 1 warnings and errors in 494.687µs
[2026-08-25T14:42:41Z INFO  tinymist_preview] Preview("le66pg"): received notification: signal(false, true), when OnType
[2026-08-25T14:42:41Z INFO  tinymist_project::compiler] /home/rtinfew/Downloads/test.typ: compilation failed with 1 warnings and errors in 619.858µs
[2026-08-25T14:42:41Z INFO  tinymist_preview] Preview("le66pg"): received notification: signal(false, true), when OnType
[2026-08-25T14:42:41Z INFO  tinymist_project::compiler] /home/rtinfew/Downloads/test.typ: compilation failed with 1 warnings and errors in 880.602µs
[2026-08-25T14:42:41Z INFO  tinymist_preview] Preview("le66pg"): received notification: signal(false, true), when OnType
[2026-08-25T14:42:41Z INFO  tinymist_project::compiler] /home/rtinfew/Downloads/test.typ: compilation failed with 1 warnings and errors in 540.504µs
[2026-08-25T14:42:41Z INFO  tinymist_preview] Preview("le66pg"): received notification: signal(false, true), when OnType
[2026-08-25T14:42:41Z INFO  tinymist_project::compiler] /home/rtinfew/Downloads/test.typ: compilation failed with 1 warnings and errors in 571.832µs
[2026-08-25T14:42:41Z INFO  tinymist_preview] Preview("le66pg"): received notification: signal(false, true), when OnType
[2026-08-25T14:42:41Z INFO  tinymist_project::compiler] /home/rtinfew/Downloads/test.typ: compilation failed with 1 warnings and errors in 442.877µs
[2026-08-25T14:42:41Z INFO  tinymist_preview] Preview("le66pg"): received notification: signal(false, true), when OnType
[2026-08-25T14:42:41Z INFO  tinymist_project::compiler] /home/rtinfew/Downloads/test.typ: compilation failed with 1 warnings and errors in 513.164µs
[2026-08-25T14:42:41Z INFO  tinymist_preview] Preview("le66pg"): received notification: signal(false, true), when OnType
[2026-08-25T14:42:41Z INFO  tinymist_project::compiler] /home/rtinfew/Downloads/test.typ: compilation failed with 1 warnings and errors in 474.459µs
[2026-08-25T14:42:41Z INFO  tinymist_preview] Preview("le66pg"): received notification: signal(false, true), when OnType
[2026-08-25T14:42:41Z INFO  tinymist_project::compiler] /home/rtinfew/Downloads/test.typ: compilation failed with 1 warnings and errors in 634.191µs
[2026-08-25T14:42:41Z INFO  tinymist_preview] Preview("le66pg"): received notification: signal(false, true), when OnType
[2026-08-25T14:42:41Z INFO  tinymist_project::compiler] /home/rtinfew/Downloads/test.typ: compilation failed with 1 warnings and errors in 2.282905ms
[2026-08-25T14:42:41Z INFO  tinymist_preview] Preview("le66pg"): received notification: signal(false, true), when OnType
[2026-08-25T14:42:42Z INFO  tinymist_project::compiler] /home/rtinfew/Downloads/test.typ: compilation failed with 1 warnings and errors in 317.133µs
[2026-08-25T14:42:42Z INFO  tinymist_preview] Preview("le66pg"): received notification: signal(false, true), when OnType
[2026-08-25T14:42:42Z INFO  tinymist_project::compiler] /home/rtinfew/Downloads/test.typ: compilation failed with 1 warnings and errors in 724.25µs
[2026-08-25T14:42:42Z INFO  tinymist_preview] Preview("le66pg"): received notification: signal(false, true), when OnType
[2026-08-25T14:42:42Z INFO  tinymist_project::compiler] /home/rtinfew/Downloads/test.typ: compilation failed with 1 warnings and errors in 238.089µs
[2026-08-25T14:42:42Z INFO  tinymist_preview] Preview("le66pg"): received notification: signal(false, true), when OnType
[2026-08-25T14:42:42Z INFO  tinymist_project::compiler] /home/rtinfew/Downloads/test.typ: compilation failed with 1 warnings and errors in 188.372µs
[2026-08-25T14:42:42Z INFO  tinymist_preview] Preview("le66pg"): received notification: signal(false, true), when OnType
[2026-08-25T14:42:42Z INFO  tinymist_project::compiler] /home/rtinfew/Downloads/test.typ: compilation failed with 1 warnings and errors in 219.082µs
[2026-08-25T14:42:42Z INFO  tinymist_preview] Preview("le66pg"): received notification: signal(false, true), when OnType
[2026-08-25T14:42:42Z INFO  tinymist_project::compiler] /home/rtinfew/Downloads/test.typ: compilation failed with 1 warnings and errors in 340.103µs
[2026-08-25T14:42:42Z INFO  tinymist_preview] Preview("le66pg"): received notification: signal(false, true), when OnType
[2026-08-25T14:42:42Z INFO  tinymist_project::compiler] /home/rtinfew/Downloads/test.typ: compilation failed with 1 warnings and errors in 551.88µs
[2026-08-25T14:42:42Z INFO  tinymist_preview] Preview("le66pg"): received notification: signal(false, true), when OnType
[2026-08-25T14:42:42Z INFO  tinymist_project::compiler] /home/rtinfew/Downloads/test.typ: compilation failed with 1 warnings and errors in 875.13µs
[2026-08-25T14:42:42Z INFO  tinymist_preview] Preview("le66pg"): received notification: signal(false, true), when OnType
[2026-08-25T14:42:42Z INFO  tinymist_project::compiler] /home/rtinfew/Downloads/test.typ: compilation failed with 1 warnings and errors in 502.625µs
[2026-08-25T14:42:42Z INFO  tinymist_preview] Preview("le66pg"): received notification: signal(false, true), when OnType
[2026-08-25T14:42:42Z INFO  tinymist_project::compiler] /home/rtinfew/Downloads/test.typ: compilation failed with 1 warnings and errors in 339.734µs
[2026-08-25T14:42:42Z INFO  tinymist_preview] Preview("le66pg"): received notification: signal(false, true), when OnType
[2026-08-25T14:42:42Z INFO  tinymist_project::compiler] /home/rtinfew/Downloads/test.typ: compilation failed with 1 warnings and errors in 453.696µs
[2026-08-25T14:42:42Z INFO  tinymist_preview] Preview("le66pg"): received notification: signal(false, true), when OnType
[2026-08-25T14:42:42Z INFO  tinymist_project::compiler] /home/rtinfew/Downloads/test.typ: compilation failed with 1 warnings and errors in 517.246µs
[2026-08-25T14:42:42Z INFO  tinymist_preview] Preview("le66pg"): received notification: signal(false, true), when OnType
[2026-08-25T14:42:42Z INFO  tinymist_project::compiler] /home/rtinfew/Downloads/test.typ: compilation failed with 1 warnings and errors in 540.247µs
[2026-08-25T14:42:42Z INFO  tinymist_preview] Preview("le66pg"): received notification: signal(false, true), when OnType
[2026-08-25T14:42:42Z INFO  tinymist_project::compiler] /home/rtinfew/Downloads/test.typ: compilation failed with 1 warnings and errors in 1.301ms
[2026-08-25T14:42:42Z INFO  tinymist_preview] Preview("le66pg"): received notification: signal(false, true), when OnType
[2026-08-25T14:42:42Z INFO  tinymist_project::compiler] /home/rtinfew/Downloads/test.typ: compilation failed with 1 warnings and errors in 532.592µs
[2026-08-25T14:42:42Z INFO  tinymist_preview] Preview("le66pg"): received notification: signal(false, true), when OnType
[2026-08-25T14:42:42Z INFO  tinymist_project::compiler] /home/rtinfew/Downloads/test.typ: compilation failed with 1 warnings and errors in 542.391µs
[2026-08-25T14:42:42Z INFO  tinymist_preview] Preview("le66pg"): received notification: signal(false, true), when OnType
[2026-08-25T14:42:42Z INFO  tinymist_project::compiler] /home/rtinfew/Downloads/test.typ: compilation failed with 1 warnings and errors in 612.155µs
[2026-08-25T14:42:42Z INFO  tinymist_preview] Preview("le66pg"): received notification: signal(false, true), when OnType
